# Blender v3.2.0 OBJ File: 'vase.blend'
# www.blender.org
mtllib vase.mtl
o vase_NurbsPath.004
v 0.074548 3.213856 0.090480
v 0.055664 3.172699 0.067608
v 0.051380 3.129078 0.062418
v 0.042786 3.092286 0.052010
v 0.038431 3.057406 0.046734
v 0.037747 3.024268 0.045905
v 0.040197 2.992709 0.048874
v 0.045275 2.962570 0.055024
v 0.052502 2.933704 0.063777
v 0.061428 2.905966 0.074590
v 0.071635 2.879222 0.086952
v 0.082731 2.853341 0.100393
v 0.094356 2.828202 0.114473
v 0.106176 2.803690 0.128791
v 0.117891 2.779696 0.142979
v 0.129225 2.756120 0.156707
v 0.139934 2.732867 0.169679
v 0.149804 2.709848 0.181634
v 0.158649 2.686985 0.192348
v 0.166312 2.664204 0.201629
v 0.172666 2.641437 0.209325
v 0.177612 2.618625 0.215317
v 0.181083 2.595715 0.219520
v 0.183038 2.572662 0.221888
v 0.183467 2.549426 0.222408
v 0.182389 2.525975 0.221102
v 0.179852 2.502285 0.218030
v 0.175934 2.478338 0.213284
v 0.170741 2.454121 0.206994
v 0.164410 2.429631 0.199325
v 0.157104 2.404870 0.190477
v 0.149020 2.379848 0.180685
v 0.140381 2.354582 0.170220
v 0.131438 2.329095 0.159389
v 0.122476 2.303416 0.148533
v 0.113804 2.277585 0.138030
v 0.105764 2.251643 0.128291
v 0.098726 2.225644 0.119766
v 0.093089 2.199645 0.112938
v 0.089280 2.173710 0.108325
v 0.087759 2.147913 0.106483
v 0.089012 2.122331 0.108000
v 0.093554 2.097050 0.113502
v 0.101932 2.072164 0.123649
v 0.114719 2.047771 0.139138
v 0.132521 2.023979 0.160700
v 0.155970 2.000900 0.189102
v 0.185728 1.937410 0.225147
v 0.034339 3.213856 0.112124
v 0.025646 3.172699 0.083766
v 0.023674 3.129078 0.077332
v 0.019718 3.092286 0.064427
v 0.017713 3.057406 0.057886
v 0.017398 3.024268 0.056859
v 0.018526 2.992709 0.060539
v 0.020864 2.962570 0.068164
v 0.024190 2.933704 0.079017
v 0.028300 2.905966 0.092422
v 0.032999 2.879222 0.107750
v 0.038107 2.853341 0.124413
v 0.043458 2.828202 0.141870
v 0.048900 2.803690 0.159622
v 0.054293 2.779696 0.177213
v 0.059510 2.756120 0.194234
v 0.064441 2.732867 0.210317
v 0.068984 2.709848 0.225139
v 0.073056 2.686985 0.238421
v 0.076584 2.664204 0.249929
v 0.079509 2.641437 0.259470
v 0.081786 2.618625 0.266899
v 0.083384 2.595715 0.272110
v 0.084284 2.572662 0.275046
v 0.084481 2.549426 0.275690
v 0.083985 2.525975 0.274072
v 0.082817 2.502285 0.270262
v 0.081013 2.478338 0.264378
v 0.078623 2.454121 0.256580
v 0.075708 2.429631 0.247072
v 0.072345 2.404870 0.236102
v 0.068623 2.379848 0.223961
v 0.064646 2.354582 0.210987
v 0.060530 2.329095 0.197558
v 0.056404 2.303416 0.184099
v 0.052412 2.277585 0.171076
v 0.048710 2.251643 0.159003
v 0.045470 2.225644 0.148433
v 0.042875 2.199645 0.139967
v 0.041122 2.173710 0.134248
v 0.040422 2.147913 0.131964
v 0.040998 2.122331 0.133845
v 0.043089 2.097050 0.140666
v 0.046946 2.072164 0.153247
v 0.052833 2.047771 0.172451
v 0.061028 2.023979 0.199184
v 0.071823 2.000900 0.234398
v 0.085522 1.937410 0.279086
v -0.011091 3.213856 0.116733
v -0.008270 3.172699 0.087207
v -0.007630 3.129078 0.080508
v -0.006346 3.092286 0.067072
v -0.005696 3.057406 0.060261
v -0.005594 3.024268 0.059191
v -0.005960 2.992709 0.063023
v -0.006718 2.962570 0.070962
v -0.007798 2.933704 0.082262
v -0.009131 2.905966 0.096220
v -0.010656 2.879222 0.112179
v -0.012313 2.853341 0.129529
v -0.014049 2.828202 0.147705
v -0.015815 2.803690 0.166187
v -0.017565 2.779696 0.184503
v -0.019258 2.756120 0.202225
v -0.020858 2.732867 0.218970
v -0.022332 2.709848 0.234403
v -0.023653 2.686985 0.248232
v -0.024798 2.664204 0.260214
v -0.025747 2.641437 0.270149
v -0.026486 2.618625 0.277883
v -0.027004 2.595715 0.283310
v -0.027296 2.572662 0.286366
v -0.027360 2.549426 0.287037
v -0.027199 2.525975 0.285352
v -0.026820 2.502285 0.281385
v -0.026235 2.478338 0.275259
v -0.025459 2.454121 0.267139
v -0.024513 2.429631 0.257240
v -0.023422 2.404870 0.245818
v -0.022215 2.379848 0.233177
v -0.020924 2.354582 0.219668
v -0.019588 2.329095 0.205686
v -0.018250 2.303416 0.191673
v -0.016954 2.277585 0.178114
v -0.015753 2.251643 0.165543
v -0.014702 2.225644 0.154538
v -0.013860 2.199645 0.145723
v -0.013291 2.173710 0.139769
v -0.013064 2.147913 0.137390
v -0.013251 2.122331 0.139348
v -0.013930 2.097050 0.146451
v -0.015181 2.072164 0.159550
v -0.017091 2.047771 0.179545
v -0.019750 2.023979 0.207379
v -0.023253 2.000900 0.244043
v -0.027698 1.937410 0.290573
v -0.054826 3.213856 0.103606
v -0.040921 3.172699 0.077407
v -0.037766 3.129078 0.071463
v -0.031439 3.092286 0.059540
v -0.028231 3.057406 0.053497
v -0.027727 3.024268 0.052548
v -0.029532 2.992709 0.055948
v -0.033271 2.962570 0.062993
v -0.038593 2.933704 0.073019
v -0.045166 2.905966 0.085404
v -0.052682 2.879222 0.099565
v -0.060852 2.853341 0.114960
v -0.069412 2.828202 0.131087
v -0.078117 2.803690 0.147488
v -0.086742 2.779696 0.163740
v -0.095088 2.756120 0.179465
v -0.102974 2.732867 0.194323
v -0.110242 2.709848 0.208017
v -0.116755 2.686985 0.220288
v -0.122398 2.664204 0.230920
v -0.127076 2.641437 0.239735
v -0.130719 2.618625 0.246598
v -0.133274 2.595715 0.251413
v -0.134714 2.572662 0.254125
v -0.135030 2.549426 0.254720
v -0.134236 2.525975 0.253225
v -0.132368 2.502285 0.249705
v -0.129483 2.478338 0.244269
v -0.125659 2.454121 0.237065
v -0.120997 2.429631 0.228280
v -0.115618 2.404870 0.218145
v -0.109665 2.379848 0.206929
v -0.103303 2.354582 0.194942
v -0.096718 2.329095 0.182536
v -0.090119 2.303416 0.170101
v -0.083733 2.277585 0.158070
v -0.077813 2.251643 0.146916
v -0.072630 2.225644 0.137151
v -0.068479 2.199645 0.129329
v -0.065675 2.173710 0.124046
v -0.064555 2.147913 0.121935
v -0.065477 2.122331 0.123673
v -0.068822 2.097050 0.129975
v -0.074991 2.072164 0.141598
v -0.084407 2.047771 0.159340
v -0.097516 2.023979 0.184038
v -0.114782 2.000900 0.216571
v -0.136695 1.937410 0.257857
v -0.090209 3.213856 0.074741
v -0.067337 3.172699 0.055857
v -0.062147 3.129078 0.051573
v -0.051739 3.092286 0.042980
v -0.046463 3.057406 0.038624
v -0.045634 3.024268 0.037940
v -0.048602 2.992709 0.040390
v -0.054753 2.962570 0.045468
v -0.063506 2.933704 0.052695
v -0.074319 2.905966 0.061621
v -0.086681 2.879222 0.071828
v -0.100122 2.853341 0.082924
v -0.114202 2.828202 0.094549
v -0.128520 2.803690 0.106370
v -0.142708 2.779696 0.118084
v -0.156436 2.756120 0.129418
v -0.169408 2.732867 0.140127
v -0.181363 2.709848 0.149997
v -0.192077 2.686985 0.158842
v -0.201358 2.664204 0.166505
v -0.209054 2.641437 0.172859
v -0.215046 2.618625 0.177805
v -0.219249 2.595715 0.181276
v -0.221617 2.572662 0.183231
v -0.222137 2.549426 0.183660
v -0.220831 2.525975 0.182582
v -0.217758 2.502285 0.180045
v -0.213013 2.478338 0.176127
v -0.206723 2.454121 0.170934
v -0.199054 2.429631 0.164603
v -0.190206 2.404870 0.157298
v -0.180414 2.379848 0.149213
v -0.169949 2.354582 0.140574
v -0.159118 2.329095 0.131631
v -0.148262 2.303416 0.122669
v -0.137758 2.277585 0.113997
v -0.128020 2.251643 0.105957
v -0.119495 2.225644 0.098919
v -0.112667 2.199645 0.093282
v -0.108054 2.173710 0.089474
v -0.106212 2.147913 0.087952
v -0.107729 2.122331 0.089205
v -0.113230 2.097050 0.093747
v -0.123378 2.072164 0.102125
v -0.138867 2.047771 0.114913
v -0.160429 2.023979 0.132714
v -0.188831 2.000900 0.156163
v -0.224876 1.937410 0.185921
v -0.111853 3.213856 0.034533
v -0.083495 3.172699 0.025840
v -0.077061 3.129078 0.023867
v -0.064156 3.092286 0.019911
v -0.057615 3.057406 0.017906
v -0.056588 3.024268 0.017591
v -0.060268 2.992709 0.018719
v -0.067893 2.962570 0.021057
v -0.078746 2.933704 0.024384
v -0.092151 2.905966 0.028493
v -0.107479 2.879222 0.033192
v -0.124142 2.853341 0.038300
v -0.141599 2.828202 0.043651
v -0.159351 2.803690 0.049093
v -0.176942 2.779696 0.054486
v -0.193963 2.756120 0.059704
v -0.210045 2.732867 0.064634
v -0.224868 2.709848 0.069178
v -0.238150 2.686985 0.073249
v -0.249658 2.664204 0.076777
v -0.259199 2.641437 0.079702
v -0.266628 2.618625 0.081979
v -0.271839 2.595715 0.083577
v -0.274775 2.572662 0.084477
v -0.275419 2.549426 0.084674
v -0.273801 2.525975 0.084178
v -0.269991 2.502285 0.083010
v -0.264107 2.478338 0.081206
v -0.256309 2.454121 0.078816
v -0.246801 2.429631 0.075901
v -0.235831 2.404870 0.072538
v -0.223690 2.379848 0.068817
v -0.210716 2.354582 0.064839
v -0.197287 2.329095 0.060723
v -0.183828 2.303416 0.056597
v -0.170805 2.277585 0.052605
v -0.158732 2.251643 0.048903
v -0.148162 2.225644 0.045663
v -0.139696 2.199645 0.043068
v -0.133977 2.173710 0.041315
v -0.131693 2.147913 0.040615
v -0.133574 2.122331 0.041191
v -0.140395 2.097050 0.043282
v -0.152976 2.072164 0.047139
v -0.172180 2.047771 0.053026
v -0.198913 2.023979 0.061221
v -0.234126 2.000900 0.072016
v -0.278815 1.937410 0.085715
v -0.116462 3.213856 -0.010897
v -0.086936 3.172699 -0.008077
v -0.080237 3.129078 -0.007437
v -0.066801 3.092286 -0.006153
v -0.059990 3.057406 -0.005503
v -0.058920 3.024268 -0.005400
v -0.062752 2.992709 -0.005766
v -0.070691 2.962570 -0.006525
v -0.081991 2.933704 -0.007604
v -0.095949 2.905966 -0.008938
v -0.111908 2.879222 -0.010462
v -0.129258 2.853341 -0.012120
v -0.147433 2.828202 -0.013856
v -0.165916 2.803690 -0.015622
v -0.184232 2.779696 -0.017372
v -0.201954 2.756120 -0.019065
v -0.218699 2.732867 -0.020664
v -0.234132 2.709848 -0.022139
v -0.247961 2.686985 -0.023460
v -0.259943 2.664204 -0.024604
v -0.269878 2.641437 -0.025553
v -0.277612 2.618625 -0.026292
v -0.283038 2.595715 -0.026811
v -0.286095 2.572662 -0.027103
v -0.286766 2.549426 -0.027167
v -0.285080 2.525975 -0.027006
v -0.281114 2.502285 -0.026627
v -0.274988 2.478338 -0.026042
v -0.266868 2.454121 -0.025266
v -0.256969 2.429631 -0.024320
v -0.245546 2.404870 -0.023229
v -0.232906 2.379848 -0.022022
v -0.219397 2.354582 -0.020731
v -0.205415 2.329095 -0.019395
v -0.191401 2.303416 -0.018056
v -0.177843 2.277585 -0.016761
v -0.165272 2.251643 -0.015560
v -0.154267 2.225644 -0.014509
v -0.145452 2.199645 -0.013667
v -0.139498 2.173710 -0.013098
v -0.137119 2.147913 -0.012871
v -0.139077 2.122331 -0.013058
v -0.146180 2.097050 -0.013736
v -0.159279 2.072164 -0.014988
v -0.179274 2.047771 -0.016898
v -0.207108 2.023979 -0.019557
v -0.243772 2.000900 -0.023060
v -0.290302 1.937410 -0.027505
v -0.103335 3.213856 -0.054633
v -0.077136 3.172699 -0.040728
v -0.071192 3.129078 -0.037573
v -0.059269 3.092286 -0.031245
v -0.053226 3.057406 -0.028038
v -0.052277 3.024268 -0.027534
v -0.055677 2.992709 -0.029339
v -0.062722 2.962570 -0.033078
v -0.072748 2.933704 -0.038399
v -0.085133 2.905966 -0.044973
v -0.099294 2.879222 -0.052488
v -0.114689 2.853341 -0.060659
v -0.130816 2.828202 -0.069219
v -0.147217 2.803690 -0.077923
v -0.163469 2.779696 -0.086549
v -0.179194 2.756120 -0.094895
v -0.194052 2.732867 -0.102781
v -0.207746 2.709848 -0.110049
v -0.220017 2.686985 -0.116562
v -0.230649 2.664204 -0.122205
v -0.239464 2.641437 -0.126883
v -0.246327 2.618625 -0.130526
v -0.251142 2.595715 -0.133081
v -0.253854 2.572662 -0.134521
v -0.254449 2.549426 -0.134837
v -0.252953 2.525975 -0.134043
v -0.249434 2.502285 -0.132175
v -0.243998 2.478338 -0.129290
v -0.236794 2.454121 -0.125466
v -0.228009 2.429631 -0.120804
v -0.217874 2.404870 -0.115425
v -0.206658 2.379848 -0.109472
v -0.194671 2.354582 -0.103110
v -0.182265 2.329095 -0.096525
v -0.169830 2.303416 -0.089925
v -0.157799 2.277585 -0.083540
v -0.146645 2.251643 -0.077620
v -0.136880 2.225644 -0.072437
v -0.129058 2.199645 -0.068286
v -0.123775 2.173710 -0.065482
v -0.121664 2.147913 -0.064361
v -0.123402 2.122331 -0.065284
v -0.129704 2.097050 -0.068629
v -0.141327 2.072164 -0.074798
v -0.159069 2.047771 -0.084214
v -0.183767 2.023979 -0.097322
v -0.216300 2.000900 -0.114589
v -0.257586 1.937410 -0.136502
v -0.074470 3.213856 -0.090016
v -0.055586 3.172699 -0.067144
v -0.051302 3.129078 -0.061954
v -0.042709 3.092286 -0.051546
v -0.038353 3.057406 -0.046270
v -0.037669 3.024268 -0.045441
v -0.040119 2.992709 -0.048409
v -0.045197 2.962570 -0.054560
v -0.052424 2.933704 -0.063313
v -0.061350 2.905966 -0.074125
v -0.071557 2.879222 -0.086488
v -0.082653 2.853341 -0.099928
v -0.094278 2.828202 -0.114009
v -0.106099 2.803690 -0.128326
v -0.117813 2.779696 -0.142515
v -0.129147 2.756120 -0.156243
v -0.139856 2.732867 -0.169215
v -0.149726 2.709848 -0.181170
v -0.158571 2.686985 -0.191883
v -0.166234 2.664204 -0.201165
v -0.172588 2.641437 -0.208861
v -0.177534 2.618625 -0.214852
v -0.181005 2.595715 -0.219056
v -0.182960 2.572662 -0.221424
v -0.183389 2.549426 -0.221944
v -0.182311 2.525975 -0.220638
v -0.179774 2.502285 -0.217565
v -0.175856 2.478338 -0.212820
v -0.170663 2.454121 -0.206530
v -0.164332 2.429631 -0.198861
v -0.157027 2.404870 -0.190013
v -0.148942 2.379848 -0.180221
v -0.140303 2.354582 -0.169756
v -0.131360 2.329095 -0.158925
v -0.122398 2.303416 -0.148069
v -0.113726 2.277585 -0.137565
v -0.105686 2.251643 -0.127827
v -0.098648 2.225644 -0.119302
v -0.093011 2.199645 -0.112474
v -0.089202 2.173710 -0.107861
v -0.087681 2.147913 -0.106018
v -0.088934 2.122331 -0.107535
v -0.093476 2.097050 -0.113037
v -0.101854 2.072164 -0.123185
v -0.114641 2.047771 -0.138674
v -0.132443 2.023979 -0.160236
v -0.155892 2.000900 -0.188638
v -0.185650 1.937410 -0.224682
v -0.034262 3.213856 -0.111660
v -0.025569 3.172699 -0.083302
v -0.023596 3.129078 -0.076868
v -0.019640 3.092286 -0.063963
v -0.017635 3.057406 -0.057422
v -0.017320 3.024268 -0.056394
v -0.018448 2.992709 -0.060075
v -0.020786 2.962570 -0.067700
v -0.024113 2.933704 -0.078553
v -0.028222 2.905966 -0.091958
v -0.032921 2.879222 -0.107286
v -0.038029 2.853341 -0.123949
v -0.043380 2.828202 -0.141406
v -0.048822 2.803690 -0.159157
v -0.054215 2.779696 -0.176749
v -0.059433 2.756120 -0.193769
v -0.064363 2.732867 -0.209852
v -0.068906 2.709848 -0.224674
v -0.072978 2.686985 -0.237957
v -0.076506 2.664204 -0.249464
v -0.079431 2.641437 -0.259006
v -0.081708 2.618625 -0.266434
v -0.083306 2.595715 -0.271646
v -0.084206 2.572662 -0.274582
v -0.084403 2.549426 -0.275226
v -0.083907 2.525975 -0.273607
v -0.082739 2.502285 -0.269798
v -0.080935 2.478338 -0.263914
v -0.078545 2.454121 -0.256116
v -0.075630 2.429631 -0.246608
v -0.072267 2.404870 -0.235637
v -0.068546 2.379848 -0.223497
v -0.064568 2.354582 -0.210523
v -0.060452 2.329095 -0.197094
v -0.056326 2.303416 -0.183634
v -0.052334 2.277585 -0.170612
v -0.048632 2.251643 -0.158538
v -0.045392 2.225644 -0.147969
v -0.042797 2.199645 -0.139503
v -0.041044 2.173710 -0.133784
v -0.040344 2.147913 -0.131500
v -0.040920 2.122331 -0.133380
v -0.043011 2.097050 -0.140202
v -0.046868 2.072164 -0.152783
v -0.052755 2.047771 -0.171987
v -0.060950 2.023979 -0.198720
v -0.071745 2.000900 -0.233933
v -0.085444 1.937410 -0.278622
v 0.011168 3.213856 -0.116269
v 0.008348 3.172699 -0.086743
v 0.007708 3.129078 -0.080044
v 0.006424 3.092286 -0.066607
v 0.005774 3.057406 -0.059797
v 0.005671 3.024268 -0.058727
v 0.006037 2.992709 -0.062559
v 0.006796 2.962570 -0.070498
v 0.007875 2.933704 -0.081798
v 0.009209 2.905966 -0.095755
v 0.010733 2.879222 -0.111714
v 0.012391 2.853341 -0.129064
v 0.014127 2.828202 -0.147240
v 0.015893 2.803690 -0.165723
v 0.017643 2.779696 -0.184039
v 0.019336 2.756120 -0.201761
v 0.020935 2.732867 -0.218506
v 0.022410 2.709848 -0.233939
v 0.023731 2.686985 -0.247768
v 0.024876 2.664204 -0.259750
v 0.025825 2.641437 -0.269684
v 0.026563 2.618625 -0.277419
v 0.027082 2.595715 -0.282845
v 0.027374 2.572662 -0.285902
v 0.027438 2.549426 -0.286573
v 0.027277 2.525975 -0.284887
v 0.026898 2.502285 -0.280921
v 0.026313 2.478338 -0.274795
v 0.025537 2.454121 -0.266675
v 0.024591 2.429631 -0.256775
v 0.023500 2.404870 -0.245353
v 0.022293 2.379848 -0.232713
v 0.021002 2.354582 -0.219204
v 0.019666 2.329095 -0.205222
v 0.018328 2.303416 -0.191208
v 0.017032 2.277585 -0.177649
v 0.015831 2.251643 -0.165078
v 0.014780 2.225644 -0.154074
v 0.013938 2.199645 -0.145259
v 0.013369 2.173710 -0.139305
v 0.013142 2.147913 -0.136926
v 0.013329 2.122331 -0.138884
v 0.014008 2.097050 -0.145986
v 0.015259 2.072164 -0.159086
v 0.017169 2.047771 -0.179080
v 0.019828 2.023979 -0.206915
v 0.023331 2.000900 -0.243579
v 0.027776 1.937410 -0.290108
v 0.054904 3.213856 -0.103141
v 0.040999 3.172699 -0.076942
v 0.037844 3.129078 -0.070998
v 0.031517 3.092286 -0.059076
v 0.028309 3.057406 -0.053033
v 0.027805 3.024268 -0.052084
v 0.029610 2.992709 -0.055483
v 0.033349 2.962570 -0.062528
v 0.038670 2.933704 -0.072555
v 0.045244 2.905966 -0.084940
v 0.052759 2.879222 -0.099100
v 0.060930 2.853341 -0.114495
v 0.069490 2.828202 -0.130623
v 0.078194 2.803690 -0.147023
v 0.086820 2.779696 -0.163276
v 0.095166 2.756120 -0.179000
v 0.103052 2.732867 -0.193859
v 0.110320 2.709848 -0.207553
v 0.116833 2.686985 -0.219824
v 0.122476 2.664204 -0.230455
v 0.127154 2.641437 -0.239271
v 0.130797 2.618625 -0.246133
v 0.133352 2.595715 -0.250948
v 0.134792 2.572662 -0.253661
v 0.135108 2.549426 -0.254256
v 0.134314 2.525975 -0.252760
v 0.132446 2.502285 -0.249241
v 0.129561 2.478338 -0.243805
v 0.125737 2.454121 -0.236600
v 0.121075 2.429631 -0.227816
v 0.115696 2.404870 -0.217681
v 0.109743 2.379848 -0.206465
v 0.103381 2.354582 -0.194478
v 0.096796 2.329095 -0.182072
v 0.090197 2.303416 -0.169637
v 0.083811 2.277585 -0.157606
v 0.077891 2.251643 -0.146451
v 0.072708 2.225644 -0.136687
v 0.068557 2.199645 -0.128865
v 0.065753 2.173710 -0.123582
v 0.064633 2.147913 -0.121471
v 0.065555 2.122331 -0.123209
v 0.068900 2.097050 -0.129511
v 0.075069 2.072164 -0.141134
v 0.084485 2.047771 -0.158876
v 0.097594 2.023979 -0.183574
v 0.114860 2.000900 -0.216107
v 0.136773 1.937410 -0.257393
v 0.090287 3.213856 -0.074277
v 0.067415 3.172699 -0.055393
v 0.062225 3.129078 -0.051109
v 0.051817 3.092286 -0.042515
v 0.046541 3.057406 -0.038160
v 0.045712 3.024268 -0.037475
v 0.048680 2.992709 -0.039926
v 0.054831 2.962570 -0.045004
v 0.063584 2.933704 -0.052231
v 0.074396 2.905966 -0.061157
v 0.086759 2.879222 -0.071364
v 0.100199 2.853341 -0.082460
v 0.114280 2.828202 -0.094085
v 0.128597 2.803690 -0.105905
v 0.142786 2.779696 -0.117619
v 0.156514 2.756120 -0.128954
v 0.169486 2.732867 -0.139663
v 0.181441 2.709848 -0.149533
v 0.192154 2.686985 -0.158378
v 0.201436 2.664204 -0.166041
v 0.209132 2.641437 -0.172395
v 0.215123 2.618625 -0.177341
v 0.219327 2.595715 -0.180812
v 0.221695 2.572662 -0.182767
v 0.222215 2.549426 -0.183196
v 0.220909 2.525975 -0.182118
v 0.217836 2.502285 -0.179581
v 0.213091 2.478338 -0.175663
v 0.206801 2.454121 -0.170470
v 0.199132 2.429631 -0.164138
v 0.190284 2.404870 -0.156833
v 0.180492 2.379848 -0.148749
v 0.170027 2.354582 -0.140109
v 0.159196 2.329095 -0.131167
v 0.148340 2.303416 -0.122205
v 0.137836 2.277585 -0.113533
v 0.128098 2.251643 -0.105493
v 0.119573 2.225644 -0.098455
v 0.112745 2.199645 -0.092818
v 0.108132 2.173710 -0.089009
v 0.106289 2.147913 -0.087488
v 0.107806 2.122331 -0.088740
v 0.113308 2.097050 -0.093283
v 0.123456 2.072164 -0.101661
v 0.138945 2.047771 -0.114448
v 0.160507 2.023979 -0.132250
v 0.188909 2.000900 -0.155699
v 0.224954 1.937410 -0.185457
v 0.111931 3.213856 -0.034068
v 0.083573 3.172699 -0.025375
v 0.077139 3.129078 -0.023403
v 0.064234 3.092286 -0.019447
v 0.057693 3.057406 -0.017442
v 0.056665 3.024268 -0.017127
v 0.060346 2.992709 -0.018255
v 0.067971 2.962570 -0.020593
v 0.078824 2.933704 -0.023919
v 0.092229 2.905966 -0.028029
v 0.107557 2.879222 -0.032728
v 0.124220 2.853341 -0.037836
v 0.141677 2.828202 -0.043187
v 0.159429 2.803690 -0.048629
v 0.177020 2.779696 -0.054022
v 0.194041 2.756120 -0.059239
v 0.210123 2.732867 -0.064169
v 0.224945 2.709848 -0.068713
v 0.238228 2.686985 -0.072785
v 0.249736 2.664204 -0.076313
v 0.259277 2.641437 -0.079238
v 0.266705 2.618625 -0.081515
v 0.271917 2.595715 -0.083112
v 0.274853 2.572662 -0.084012
v 0.275497 2.549426 -0.084210
v 0.273878 2.525975 -0.083714
v 0.270069 2.502285 -0.082546
v 0.264185 2.478338 -0.080742
v 0.256387 2.454121 -0.078352
v 0.246879 2.429631 -0.075437
v 0.235909 2.404870 -0.072074
v 0.223768 2.379848 -0.068352
v 0.210794 2.354582 -0.064375
v 0.197365 2.329095 -0.060258
v 0.183906 2.303416 -0.056132
v 0.170883 2.277585 -0.052140
v 0.158810 2.251643 -0.048439
v 0.148240 2.225644 -0.045199
v 0.139774 2.199645 -0.042604
v 0.134055 2.173710 -0.040851
v 0.131771 2.147913 -0.040150
v 0.133651 2.122331 -0.040727
v 0.140473 2.097050 -0.042818
v 0.153054 2.072164 -0.046675
v 0.172258 2.047771 -0.052562
v 0.198991 2.023979 -0.060757
v 0.234204 2.000900 -0.071552
v 0.278893 1.937410 -0.085251
v 0.116540 3.213856 0.011362
v 0.087014 3.172699 0.008541
v 0.080315 3.129078 0.007901
v 0.066878 3.092286 0.006617
v 0.060068 3.057406 0.005967
v 0.058998 3.024268 0.005865
v 0.062830 2.992709 0.006231
v 0.070769 2.962570 0.006989
v 0.082069 2.933704 0.008069
v 0.096026 2.905966 0.009402
v 0.111985 2.879222 0.010927
v 0.129335 2.853341 0.012584
v 0.147511 2.828202 0.014320
v 0.165994 2.803690 0.016086
v 0.184310 2.779696 0.017836
v 0.202032 2.756120 0.019529
v 0.218777 2.732867 0.021129
v 0.234210 2.709848 0.022603
v 0.248039 2.686985 0.023924
v 0.260021 2.664204 0.025069
v 0.269956 2.641437 0.026018
v 0.277690 2.618625 0.026757
v 0.283116 2.595715 0.027275
v 0.286173 2.572662 0.027567
v 0.286844 2.549426 0.027631
v 0.285158 2.525975 0.027470
v 0.281192 2.502285 0.027091
v 0.275066 2.478338 0.026506
v 0.266946 2.454121 0.025730
v 0.257046 2.429631 0.024785
v 0.245624 2.404870 0.023693
v 0.232984 2.379848 0.022486
v 0.219475 2.354582 0.021195
v 0.205493 2.329095 0.019860
v 0.191479 2.303416 0.018521
v 0.177921 2.277585 0.017226
v 0.165350 2.251643 0.016025
v 0.154345 2.225644 0.014973
v 0.145530 2.199645 0.014131
v 0.139576 2.173710 0.013562
v 0.137197 2.147913 0.013335
v 0.139155 2.122331 0.013522
v 0.146258 2.097050 0.014201
v 0.159357 2.072164 0.015452
v 0.179352 2.047771 0.017362
v 0.207186 2.023979 0.020021
v 0.243850 2.000900 0.023524
v 0.290379 1.937410 0.027969
v 0.103412 3.213856 0.055097
v 0.077213 3.172699 0.041192
v 0.071269 3.129078 0.038037
v 0.059347 3.092286 0.031710
v 0.053304 3.057406 0.028502
v 0.052355 3.024268 0.027999
v 0.055754 2.992709 0.029803
v 0.062799 2.962570 0.033542
v 0.072826 2.933704 0.038864
v 0.085211 2.905966 0.045437
v 0.099371 2.879222 0.052953
v 0.114766 2.853341 0.061123
v 0.130894 2.828202 0.069683
v 0.147294 2.803690 0.078388
v 0.163547 2.779696 0.087013
v 0.179271 2.756120 0.095359
v 0.194130 2.732867 0.103245
v 0.207824 2.709848 0.110513
v 0.220095 2.686985 0.117026
v 0.230726 2.664204 0.122669
v 0.239542 2.641437 0.127348
v 0.246404 2.618625 0.130990
v 0.251219 2.595715 0.133546
v 0.253932 2.572662 0.134985
v 0.254527 2.549426 0.135301
v 0.253031 2.525975 0.134507
v 0.249512 2.502285 0.132639
v 0.244076 2.478338 0.129754
v 0.236871 2.454121 0.125930
v 0.228087 2.429631 0.121268
v 0.217952 2.404870 0.115889
v 0.206736 2.379848 0.109936
v 0.194749 2.354582 0.103574
v 0.182343 2.329095 0.096989
v 0.169908 2.303416 0.090390
v 0.157877 2.277585 0.084004
v 0.146723 2.251643 0.078084
v 0.136958 2.225644 0.072901
v 0.129136 2.199645 0.068750
v 0.123853 2.173710 0.065946
v 0.121742 2.147913 0.064826
v 0.123480 2.122331 0.065748
v 0.129782 2.097050 0.069093
v 0.141405 2.072164 0.075262
v 0.159147 2.047771 0.084678
v 0.183845 2.023979 0.097787
v 0.216378 2.000900 0.115053
v 0.257664 1.937410 0.136966
v 0.086602 3.207606 0.105081
v 0.067784 3.166602 0.082288
v 0.054476 3.128062 0.066168
v 0.045969 3.091639 0.055865
v 0.041661 3.057139 0.050647
v 0.040985 3.024373 0.049828
v 0.043410 2.993157 0.052765
v 0.048437 2.963321 0.058854
v 0.055601 2.934709 0.067531
v 0.064462 2.907176 0.078264
v 0.074610 2.880587 0.090556
v 0.109056 2.805269 0.132278
v 0.120771 2.781273 0.146469
v 0.132123 2.757659 0.160218
v 0.142865 2.734336 0.173229
v 0.152778 2.711215 0.185237
v 0.161675 2.688217 0.196013
v 0.169393 2.665270 0.205361
v 0.175800 2.642311 0.213121
v 0.180793 2.619283 0.219169
v 0.184298 2.596142 0.223415
v 0.186273 2.572850 0.225807
v 0.186706 2.549376 0.226332
v 0.185618 2.525698 0.225014
v 0.183059 2.501797 0.221915
v 0.179111 2.477662 0.217132
v 0.173884 2.453284 0.210801
v 0.167519 2.428661 0.203091
v 0.160183 2.403797 0.194206
v 0.152076 2.378702 0.184386
v 0.143421 2.353393 0.173903
v 0.134475 2.327894 0.163067
v 0.125520 2.302238 0.152221
v 0.116868 2.276465 0.141741
v 0.108860 2.250626 0.132041
v 0.101862 2.224778 0.123565
v 0.096270 2.198989 0.116791
v 0.104896 2.172508 0.127240
v 0.103394 2.147067 0.125421
v 0.092228 2.122748 0.111895
v 0.096678 2.097965 0.117285
v 0.104876 2.073601 0.127216
v 0.117401 2.049704 0.142386
v 0.134882 2.026337 0.163560
v 0.157990 2.003593 0.191550
v 0.039889 3.207606 0.130226
v 0.031226 3.166602 0.101966
v 0.025099 3.128062 0.081981
v 0.021183 3.091639 0.069207
v 0.019200 3.057139 0.062737
v 0.018889 3.024373 0.061722
v 0.020005 2.993157 0.065363
v 0.022319 2.963321 0.072913
v 0.025617 2.934709 0.083671
v 0.029697 2.907176 0.096978
v 0.034368 2.880587 0.112217
v 0.050226 2.805269 0.163946
v 0.055619 2.781273 0.181539
v 0.060845 2.757659 0.198587
v 0.065790 2.734336 0.214717
v 0.070354 2.711215 0.229605
v 0.074449 2.688217 0.242965
v 0.078002 2.665270 0.254555
v 0.080952 2.642311 0.264177
v 0.083250 2.619283 0.271675
v 0.084864 2.596142 0.276939
v 0.085773 2.572850 0.279905
v 0.085973 2.549376 0.280556
v 0.085472 2.525698 0.278922
v 0.084294 2.501797 0.275079
v 0.082476 2.477662 0.269150
v 0.080070 2.453284 0.261300
v 0.077139 2.428661 0.251741
v 0.073762 2.403797 0.240725
v 0.070030 2.378702 0.228550
v 0.066046 2.353393 0.215553
v 0.061928 2.327894 0.202119
v 0.057805 2.302238 0.188671
v 0.053822 2.276465 0.175678
v 0.050135 2.250626 0.163651
v 0.046914 2.224778 0.153143
v 0.044339 2.198989 0.144744
v 0.048311 2.172508 0.157699
v 0.047619 2.147067 0.155444
v 0.042479 2.122748 0.138675
v 0.044527 2.097965 0.145357
v 0.048302 2.073601 0.157669
v 0.054067 2.049704 0.176478
v 0.062115 2.026337 0.202730
v 0.072753 2.003593 0.237432
v -0.012891 3.207606 0.135581
v -0.010080 3.166602 0.106157
v -0.008092 3.128062 0.085349
v -0.006822 3.091639 0.072048
v -0.006178 3.057139 0.065312
v -0.006077 3.024373 0.064255
v -0.006439 2.993157 0.068046
v -0.007190 2.963321 0.075907
v -0.008260 2.934709 0.087108
v -0.009584 2.907176 0.100963
v -0.011100 2.880587 0.116830
v -0.016245 2.805269 0.170690
v -0.017995 2.781273 0.189008
v -0.019691 2.757659 0.206757
v -0.021295 2.734336 0.223552
v -0.022776 2.711215 0.239053
v -0.024105 2.688217 0.252964
v -0.025258 2.665270 0.265031
v -0.026215 2.642311 0.275049
v -0.026961 2.619283 0.282856
v -0.027484 2.596142 0.288337
v -0.027779 2.572850 0.291425
v -0.027844 2.549376 0.292103
v -0.027681 2.525698 0.290401
v -0.027299 2.501797 0.286400
v -0.026709 2.477662 0.280227
v -0.025929 2.453284 0.272054
v -0.024978 2.428661 0.262101
v -0.023882 2.403797 0.250632
v -0.022671 2.378702 0.237955
v -0.021378 2.353393 0.224423
v -0.020042 2.327894 0.210435
v -0.018704 2.302238 0.196433
v -0.017412 2.276465 0.182905
v -0.016216 2.250626 0.170383
v -0.015171 2.224778 0.159441
v -0.014335 2.198989 0.150697
v -0.015624 2.172508 0.164186
v -0.015399 2.147067 0.161837
v -0.013731 2.122748 0.144377
v -0.014396 2.097965 0.151335
v -0.015621 2.073601 0.164154
v -0.017492 2.049704 0.183738
v -0.020103 2.026337 0.211071
v -0.023555 2.003593 0.247203
v -0.063703 3.207606 0.120330
v -0.049846 3.166602 0.094221
v -0.040046 3.128062 0.075758
v -0.033782 3.091639 0.063956
v -0.030610 3.057139 0.057979
v -0.030112 3.024373 0.057041
v -0.031898 2.993157 0.060405
v -0.035600 2.963321 0.067380
v -0.040875 2.934709 0.077319
v -0.047400 2.907176 0.089613
v -0.054872 2.880587 0.103692
v -0.080237 2.805269 0.151483
v -0.088864 2.781273 0.167737
v -0.097223 2.757659 0.183486
v -0.105132 2.734336 0.198389
v -0.112432 2.711215 0.212143
v -0.118983 2.688217 0.224486
v -0.124667 2.665270 0.235194
v -0.129384 2.642311 0.244083
v -0.133061 2.619283 0.251010
v -0.135642 2.596142 0.255873
v -0.137096 2.572850 0.258614
v -0.137416 2.549376 0.259215
v -0.136614 2.525698 0.257705
v -0.134730 2.501797 0.254155
v -0.131823 2.477662 0.248677
v -0.127974 2.453284 0.241425
v -0.123286 2.428661 0.232594
v -0.117885 2.403797 0.222417
v -0.111915 2.378702 0.211168
v -0.105542 2.353393 0.199161
v -0.098955 2.327894 0.186749
v -0.092360 2.302238 0.174325
v -0.085990 2.276465 0.162322
v -0.080092 2.250626 0.151211
v -0.074940 2.224778 0.141502
v -0.070821 2.198989 0.133743
v -0.077174 2.172508 0.145712
v -0.076068 2.147067 0.143628
v -0.067845 2.122748 0.128135
v -0.071122 2.097965 0.134309
v -0.077159 2.073601 0.145684
v -0.086382 2.049704 0.163061
v -0.099254 2.026337 0.187314
v -0.116270 2.003593 0.219374
v -0.104810 3.207606 0.086795
v -0.082016 3.166602 0.067977
v -0.065897 3.128062 0.054669
v -0.055594 3.091639 0.046162
v -0.050376 3.057139 0.041854
v -0.049557 3.024373 0.041178
v -0.052494 2.993157 0.043603
v -0.058583 2.963321 0.048630
v -0.067260 2.934709 0.055794
v -0.077993 2.907176 0.064655
v -0.090285 2.880587 0.074803
v -0.132007 2.805269 0.109249
v -0.146198 2.781273 0.120965
v -0.159947 2.757659 0.132316
v -0.172958 2.734336 0.143058
v -0.184966 2.711215 0.152972
v -0.195742 2.688217 0.161868
v -0.205090 2.665270 0.169586
v -0.212850 2.642311 0.175993
v -0.218898 2.619283 0.180986
v -0.223144 2.596142 0.184491
v -0.225536 2.572850 0.186466
v -0.226061 2.549376 0.186900
v -0.224743 2.525698 0.185811
v -0.221644 2.501797 0.183253
v -0.216861 2.477662 0.179304
v -0.210530 2.453284 0.174077
v -0.202820 2.428661 0.167712
v -0.193935 2.403797 0.160377
v -0.184115 2.378702 0.152269
v -0.173632 2.353393 0.143615
v -0.162796 2.327894 0.134668
v -0.151950 2.302238 0.125713
v -0.141470 2.276465 0.117062
v -0.131770 2.250626 0.109053
v -0.123294 2.224778 0.102055
v -0.116520 2.198989 0.096463
v -0.126969 2.172508 0.105090
v -0.125150 2.147067 0.103588
v -0.111624 2.122748 0.092421
v -0.117014 2.097965 0.096871
v -0.126945 2.073601 0.105070
v -0.142115 2.049704 0.117594
v -0.163289 2.026337 0.135075
v -0.191279 2.003593 0.158184
v -0.129955 3.207606 0.040082
v -0.101695 3.166602 0.031419
v -0.081710 3.128062 0.025292
v -0.068936 3.091639 0.021376
v -0.062466 3.057139 0.019393
v -0.061451 3.024373 0.019082
v -0.065092 2.993157 0.020198
v -0.072642 2.963321 0.022513
v -0.083400 2.934709 0.025810
v -0.096707 2.907176 0.029890
v -0.111946 2.880587 0.034561
v -0.163675 2.805269 0.050419
v -0.181268 2.781273 0.055812
v -0.198315 2.757659 0.061038
v -0.214446 2.734336 0.065983
v -0.229334 2.711215 0.070547
v -0.242694 2.688217 0.074642
v -0.254284 2.665270 0.078195
v -0.263906 2.642311 0.081145
v -0.271404 2.619283 0.083443
v -0.276668 2.596142 0.085057
v -0.279634 2.572850 0.085966
v -0.280285 2.549376 0.086166
v -0.278651 2.525698 0.085665
v -0.274808 2.501797 0.084487
v -0.268878 2.477662 0.082669
v -0.261029 2.453284 0.080263
v -0.251470 2.428661 0.077332
v -0.240454 2.403797 0.073956
v -0.228279 2.378702 0.070223
v -0.215282 2.353393 0.066239
v -0.201848 2.327894 0.062121
v -0.188400 2.302238 0.057998
v -0.175407 2.276465 0.054015
v -0.163380 2.250626 0.050329
v -0.152872 2.224778 0.047107
v -0.144473 2.198989 0.044533
v -0.157428 2.172508 0.048504
v -0.155173 2.147067 0.047812
v -0.138404 2.122748 0.042672
v -0.145086 2.097965 0.044720
v -0.157398 2.073601 0.048495
v -0.176207 2.049704 0.054261
v -0.202459 2.026337 0.062308
v -0.237161 2.003593 0.072946
v -0.135310 3.207606 -0.012698
v -0.105886 3.166602 -0.009887
v -0.085078 3.128062 -0.007899
v -0.071777 3.091639 -0.006629
v -0.065041 3.057139 -0.005985
v -0.063984 3.024373 -0.005884
v -0.067775 2.993157 -0.006246
v -0.075636 2.963321 -0.006997
v -0.086837 2.934709 -0.008067
v -0.100692 2.907176 -0.009391
v -0.116559 2.880587 -0.010907
v -0.170419 2.805269 -0.016052
v -0.188737 2.781273 -0.017802
v -0.206486 2.757659 -0.019498
v -0.223281 2.734336 -0.021102
v -0.238782 2.711215 -0.022583
v -0.252693 2.688217 -0.023912
v -0.264760 2.665270 -0.025065
v -0.274778 2.642311 -0.026022
v -0.282585 2.619283 -0.026767
v -0.288066 2.596142 -0.027291
v -0.291154 2.572850 -0.027586
v -0.291832 2.549376 -0.027651
v -0.290130 2.525698 -0.027488
v -0.286129 2.501797 -0.027106
v -0.279956 2.477662 -0.026516
v -0.271783 2.453284 -0.025735
v -0.261830 2.428661 -0.024785
v -0.250361 2.403797 -0.023689
v -0.237683 2.378702 -0.022478
v -0.224152 2.353393 -0.021185
v -0.210164 2.327894 -0.019849
v -0.196162 2.302238 -0.018511
v -0.182634 2.276465 -0.017219
v -0.170112 2.250626 -0.016023
v -0.159170 2.224778 -0.014977
v -0.150426 2.198989 -0.014142
v -0.163915 2.172508 -0.015431
v -0.161566 2.147067 -0.015206
v -0.144106 2.122748 -0.013538
v -0.151064 2.097965 -0.014203
v -0.163883 2.073601 -0.015428
v -0.183467 2.049704 -0.017298
v -0.210800 2.026337 -0.019910
v -0.246932 2.003593 -0.023361
v -0.120059 3.207606 -0.063509
v -0.093950 3.166602 -0.049652
v -0.075487 3.128062 -0.039853
v -0.063685 3.091639 -0.033589
v -0.057708 3.057139 -0.030417
v -0.056770 3.024373 -0.029919
v -0.060134 2.993157 -0.031704
v -0.067109 2.963321 -0.035406
v -0.077048 2.934709 -0.040681
v -0.089342 2.907176 -0.047207
v -0.103421 2.880587 -0.054679
v -0.151212 2.805269 -0.080044
v -0.167466 2.781273 -0.088671
v -0.183215 2.757659 -0.097029
v -0.198118 2.734336 -0.104939
v -0.211872 2.711215 -0.112239
v -0.224215 2.688217 -0.118790
v -0.234923 2.665270 -0.124473
v -0.243812 2.642311 -0.129191
v -0.250739 2.619283 -0.132868
v -0.255602 2.596142 -0.135449
v -0.258343 2.572850 -0.136903
v -0.258944 2.549376 -0.137222
v -0.257434 2.525698 -0.136421
v -0.253884 2.501797 -0.134537
v -0.248406 2.477662 -0.131629
v -0.241154 2.453284 -0.127781
v -0.232323 2.428661 -0.123093
v -0.222146 2.403797 -0.117692
v -0.210897 2.378702 -0.111722
v -0.198890 2.353393 -0.105349
v -0.186478 2.327894 -0.098761
v -0.174054 2.302238 -0.092167
v -0.162051 2.276465 -0.085796
v -0.150939 2.250626 -0.079899
v -0.141231 2.224778 -0.074746
v -0.133472 2.198989 -0.070628
v -0.145441 2.172508 -0.076981
v -0.143357 2.147067 -0.075875
v -0.127864 2.122748 -0.067652
v -0.134038 2.097965 -0.070929
v -0.145413 2.073601 -0.076966
v -0.162790 2.049704 -0.086189
v -0.187043 2.026337 -0.099061
v -0.219103 2.003593 -0.116077
v -0.086524 3.207606 -0.104617
v -0.067706 3.166602 -0.081823
v -0.054398 3.128062 -0.065704
v -0.045891 3.091639 -0.055400
v -0.041583 3.057139 -0.050183
v -0.040907 3.024373 -0.049364
v -0.043332 2.993157 -0.052301
v -0.048359 2.963321 -0.058390
v -0.055523 2.934709 -0.067067
v -0.064384 2.907176 -0.077800
v -0.074532 2.880587 -0.090091
v -0.108978 2.805269 -0.131814
v -0.120694 2.781273 -0.146004
v -0.132045 2.757659 -0.159754
v -0.142787 2.734336 -0.172765
v -0.152701 2.711215 -0.184773
v -0.161597 2.688217 -0.195548
v -0.169315 2.665270 -0.204897
v -0.175722 2.642311 -0.212657
v -0.180715 2.619283 -0.218705
v -0.184220 2.596142 -0.222950
v -0.186195 2.572850 -0.225343
v -0.186629 2.549376 -0.225868
v -0.185540 2.525698 -0.224550
v -0.182981 2.501797 -0.221450
v -0.179033 2.477662 -0.216668
v -0.173806 2.453284 -0.210337
v -0.167441 2.428661 -0.202627
v -0.160105 2.403797 -0.193742
v -0.151998 2.378702 -0.183921
v -0.143343 2.353393 -0.173439
v -0.134397 2.327894 -0.162603
v -0.125442 2.302238 -0.151756
v -0.116791 2.276465 -0.141277
v -0.108782 2.250626 -0.131577
v -0.101784 2.224778 -0.123101
v -0.096192 2.198989 -0.116327
v -0.104818 2.172508 -0.126776
v -0.103316 2.147067 -0.124957
v -0.092150 2.122748 -0.111431
v -0.096600 2.097965 -0.116821
v -0.104798 2.073601 -0.126752
v -0.117323 2.049704 -0.141922
v -0.134804 2.026337 -0.163096
v -0.157912 2.003593 -0.191086
v -0.039811 3.207606 -0.129762
v -0.031148 3.166602 -0.101502
v -0.025021 3.128062 -0.081517
v -0.021105 3.091639 -0.068742
v -0.019122 3.057139 -0.062273
v -0.018811 3.024373 -0.061258
v -0.019927 2.993157 -0.064899
v -0.022242 2.963321 -0.072449
v -0.025539 2.934709 -0.083207
v -0.029619 2.907176 -0.096514
v -0.034290 2.880587 -0.111753
v -0.050148 2.805269 -0.163482
v -0.055541 2.781273 -0.181075
v -0.060767 2.757659 -0.198122
v -0.065712 2.734336 -0.214253
v -0.070276 2.711215 -0.229141
v -0.074371 2.688217 -0.242501
v -0.077924 2.665270 -0.254091
v -0.080874 2.642311 -0.263713
v -0.083172 2.619283 -0.271211
v -0.084786 2.596142 -0.276475
v -0.085695 2.572850 -0.279441
v -0.085895 2.549376 -0.280092
v -0.085394 2.525698 -0.278457
v -0.084216 2.501797 -0.274615
v -0.082398 2.477662 -0.268685
v -0.079992 2.453284 -0.260836
v -0.077061 2.428661 -0.251277
v -0.073685 2.403797 -0.240261
v -0.069952 2.378702 -0.228085
v -0.065968 2.353393 -0.215089
v -0.061850 2.327894 -0.201654
v -0.057727 2.302238 -0.188207
v -0.053744 2.276465 -0.175214
v -0.050057 2.250626 -0.163187
v -0.046836 2.224778 -0.152678
v -0.044261 2.198989 -0.144280
v -0.048233 2.172508 -0.157235
v -0.047541 2.147067 -0.154980
v -0.042401 2.122748 -0.138210
v -0.044449 2.097965 -0.144893
v -0.048224 2.073601 -0.157205
v -0.053989 2.049704 -0.176014
v -0.062037 2.026337 -0.202266
v -0.072675 2.003593 -0.236968
v 0.012969 3.207606 -0.135116
v 0.010158 3.166602 -0.105693
v 0.008170 3.128062 -0.084884
v 0.006900 3.091639 -0.071583
v 0.006256 3.057139 -0.064848
v 0.006155 3.024373 -0.063791
v 0.006517 2.993157 -0.067582
v 0.007268 2.963321 -0.075443
v 0.008338 2.934709 -0.086644
v 0.009662 2.907176 -0.100499
v 0.011178 2.880587 -0.116366
v 0.016323 2.805269 -0.170225
v 0.018073 2.781273 -0.188544
v 0.019769 2.757659 -0.206293
v 0.021373 2.734336 -0.223088
v 0.022854 2.711215 -0.238589
v 0.024183 2.688217 -0.252499
v 0.025336 2.665270 -0.264567
v 0.026293 2.642311 -0.274585
v 0.027039 2.619283 -0.282392
v 0.027562 2.596142 -0.287873
v 0.027857 2.572850 -0.290961
v 0.027922 2.549376 -0.291639
v 0.027759 2.525698 -0.289937
v 0.027377 2.501797 -0.285936
v 0.026787 2.477662 -0.279762
v 0.026007 2.453284 -0.271590
v 0.025056 2.428661 -0.261637
v 0.023960 2.403797 -0.250167
v 0.022749 2.378702 -0.237490
v 0.021456 2.353393 -0.223959
v 0.020120 2.327894 -0.209970
v 0.018782 2.302238 -0.195969
v 0.017490 2.276465 -0.182441
v 0.016294 2.250626 -0.169919
v 0.015249 2.224778 -0.158977
v 0.014413 2.198989 -0.150233
v 0.015702 2.172508 -0.163721
v 0.015477 2.147067 -0.161373
v 0.013809 2.122748 -0.143913
v 0.014474 2.097965 -0.150871
v 0.015699 2.073601 -0.163690
v 0.017570 2.049704 -0.183274
v 0.020181 2.026337 -0.210607
v 0.023633 2.003593 -0.246738
v 0.063780 3.207606 -0.119865
v 0.049923 3.166602 -0.093757
v 0.040124 3.128062 -0.075294
v 0.033860 3.091639 -0.063491
v 0.030688 3.057139 -0.057515
v 0.030190 3.024373 -0.056577
v 0.031975 2.993157 -0.059941
v 0.035677 2.963321 -0.066916
v 0.040952 2.934709 -0.076855
v 0.047478 2.907176 -0.089149
v 0.054950 2.880587 -0.103228
v 0.080315 2.805269 -0.151018
v 0.088942 2.781273 -0.167272
v 0.097301 2.757659 -0.183022
v 0.105210 2.734336 -0.197925
v 0.112510 2.711215 -0.211679
v 0.119061 2.688217 -0.224022
v 0.124744 2.665270 -0.234730
v 0.129462 2.642311 -0.243619
v 0.133139 2.619283 -0.250546
v 0.135720 2.596142 -0.255409
v 0.137174 2.572850 -0.258149
v 0.137494 2.549376 -0.258751
v 0.136692 2.525698 -0.257241
v 0.134808 2.501797 -0.253691
v 0.131901 2.477662 -0.248213
v 0.128052 2.453284 -0.240961
v 0.123364 2.428661 -0.232130
v 0.117963 2.403797 -0.221953
v 0.111993 2.378702 -0.210704
v 0.105620 2.353393 -0.198697
v 0.099033 2.327894 -0.186285
v 0.092438 2.302238 -0.173861
v 0.086068 2.276465 -0.161857
v 0.080170 2.250626 -0.150746
v 0.075018 2.224778 -0.141038
v 0.070899 2.198989 -0.133278
v 0.077252 2.172508 -0.145247
v 0.076146 2.147067 -0.143163
v 0.067923 2.122748 -0.127671
v 0.071200 2.097965 -0.133845
v 0.077237 2.073601 -0.145220
v 0.086460 2.049704 -0.162596
v 0.099332 2.026337 -0.186850
v 0.116348 2.003593 -0.218910
v 0.104888 3.207606 -0.086331
v 0.082094 3.166602 -0.067513
v 0.065975 3.128062 -0.054205
v 0.055671 3.091639 -0.045698
v 0.050454 3.057139 -0.041390
v 0.049635 3.024373 -0.040714
v 0.052572 2.993157 -0.043139
v 0.058661 2.963321 -0.048166
v 0.067338 2.934709 -0.055330
v 0.078071 2.907176 -0.064191
v 0.090362 2.880587 -0.074339
v 0.132085 2.805269 -0.108785
v 0.146276 2.781273 -0.120500
v 0.160025 2.757659 -0.131852
v 0.173036 2.734336 -0.142594
v 0.185044 2.711215 -0.152507
v 0.195819 2.688217 -0.161404
v 0.205168 2.665270 -0.169122
v 0.212928 2.642311 -0.175529
v 0.218976 2.619283 -0.180522
v 0.223222 2.596142 -0.184027
v 0.225614 2.572850 -0.186002
v 0.226139 2.549376 -0.186435
v 0.224821 2.525698 -0.185347
v 0.221721 2.501797 -0.182788
v 0.216939 2.477662 -0.178840
v 0.210608 2.453284 -0.173613
v 0.202898 2.428661 -0.167248
v 0.194013 2.403797 -0.159912
v 0.184193 2.378702 -0.151805
v 0.173710 2.353393 -0.143150
v 0.162874 2.327894 -0.134204
v 0.152027 2.302238 -0.125249
v 0.141548 2.276465 -0.116597
v 0.131848 2.250626 -0.108589
v 0.123372 2.224778 -0.101591
v 0.116598 2.198989 -0.095998
v 0.127047 2.172508 -0.104625
v 0.125228 2.147067 -0.103123
v 0.111702 2.122748 -0.091957
v 0.117092 2.097965 -0.096407
v 0.127023 2.073601 -0.104605
v 0.142193 2.049704 -0.117130
v 0.163367 2.026337 -0.134611
v 0.191357 2.003593 -0.157719
v 0.130033 3.207606 -0.039618
v 0.101773 3.166602 -0.030955
v 0.081788 3.128062 -0.024828
v 0.069013 3.091639 -0.020912
v 0.062544 3.057139 -0.018929
v 0.061529 3.024373 -0.018618
v 0.065170 2.993157 -0.019734
v 0.072720 2.963321 -0.022048
v 0.083478 2.934709 -0.025346
v 0.096785 2.907176 -0.029426
v 0.112024 2.880587 -0.034097
v 0.163753 2.805269 -0.049955
v 0.181346 2.781273 -0.055348
v 0.198393 2.757659 -0.060574
v 0.214524 2.734336 -0.065519
v 0.229412 2.711215 -0.070082
v 0.242772 2.688217 -0.074178
v 0.254362 2.665270 -0.077731
v 0.263984 2.642311 -0.080680
v 0.271482 2.619283 -0.082979
v 0.276746 2.596142 -0.084593
v 0.279712 2.572850 -0.085502
v 0.280363 2.549376 -0.085701
v 0.278728 2.525698 -0.085200
v 0.274886 2.501797 -0.084022
v 0.268956 2.477662 -0.082205
v 0.261107 2.453284 -0.079799
v 0.251548 2.428661 -0.076868
v 0.240532 2.403797 -0.073491
v 0.228357 2.378702 -0.069759
v 0.215360 2.353393 -0.065775
v 0.201925 2.327894 -0.061656
v 0.188478 2.302238 -0.057534
v 0.175485 2.276465 -0.053551
v 0.163458 2.250626 -0.049864
v 0.152950 2.224778 -0.046643
v 0.144551 2.198989 -0.044068
v 0.157506 2.172508 -0.048040
v 0.155251 2.147067 -0.047348
v 0.138482 2.122748 -0.042208
v 0.145164 2.097965 -0.044256
v 0.157476 2.073601 -0.048030
v 0.176285 2.049704 -0.053796
v 0.202537 2.026337 -0.061844
v 0.237239 2.003593 -0.072482
v 0.135387 3.207606 0.013162
v 0.105964 3.166602 0.010351
v 0.085155 3.128062 0.008363
v 0.071854 3.091639 0.007093
v 0.065119 3.057139 0.006449
v 0.064062 3.024373 0.006348
v 0.067853 2.993157 0.006711
v 0.075714 2.963321 0.007462
v 0.086915 2.934709 0.008532
v 0.100770 2.907176 0.009855
v 0.116637 2.880587 0.011371
v 0.170496 2.805269 0.016516
v 0.188815 2.781273 0.018266
v 0.206564 2.757659 0.019962
v 0.223359 2.734336 0.021566
v 0.238860 2.711215 0.023047
v 0.252771 2.688217 0.024376
v 0.264838 2.665270 0.025529
v 0.274856 2.642311 0.026486
v 0.282663 2.619283 0.027232
v 0.288144 2.596142 0.027755
v 0.291232 2.572850 0.028050
v 0.291910 2.549376 0.028115
v 0.290208 2.525698 0.027953
v 0.286207 2.501797 0.027570
v 0.280033 2.477662 0.026981
v 0.271861 2.453284 0.026200
v 0.261908 2.428661 0.025249
v 0.250439 2.403797 0.024153
v 0.237761 2.378702 0.022942
v 0.224230 2.353393 0.021650
v 0.210241 2.327894 0.020313
v 0.196240 2.302238 0.018976
v 0.182712 2.276465 0.017683
v 0.170190 2.250626 0.016487
v 0.159248 2.224778 0.015442
v 0.150504 2.198989 0.014606
v 0.163993 2.172508 0.015895
v 0.161644 2.147067 0.015671
v 0.144184 2.122748 0.014003
v 0.151142 2.097965 0.014667
v 0.163961 2.073601 0.015892
v 0.183545 2.049704 0.017763
v 0.210878 2.026337 0.020374
v 0.247010 2.003593 0.023826
v 0.120136 3.207606 0.063974
v 0.094028 3.166602 0.050117
v 0.075565 3.128062 0.040317
v 0.063762 3.091639 0.034053
v 0.057786 3.057139 0.030881
v 0.056848 3.024373 0.030383
v 0.060212 2.993157 0.032169
v 0.067187 2.963321 0.035871
v 0.077126 2.934709 0.041146
v 0.089420 2.907176 0.047671
v 0.103499 2.880587 0.055143
v 0.151289 2.805269 0.080508
v 0.167544 2.781273 0.089135
v 0.183293 2.757659 0.097494
v 0.198196 2.734336 0.105403
v 0.211950 2.711215 0.112703
v 0.224293 2.688217 0.119254
v 0.235001 2.665270 0.124938
v 0.243890 2.642311 0.129655
v 0.250817 2.619283 0.133332
v 0.255680 2.596142 0.135913
v 0.258421 2.572850 0.137367
v 0.259022 2.549376 0.137687
v 0.257512 2.525698 0.136885
v 0.253962 2.501797 0.135001
v 0.248484 2.477662 0.132094
v 0.241232 2.453284 0.128245
v 0.232401 2.428661 0.123558
v 0.222224 2.403797 0.118156
v 0.210975 2.378702 0.112186
v 0.198968 2.353393 0.105813
v 0.186556 2.327894 0.099226
v 0.174132 2.302238 0.092632
v 0.162129 2.276465 0.086261
v 0.151017 2.250626 0.080364
v 0.141309 2.224778 0.075211
v 0.133550 2.198989 0.071093
v 0.145518 2.172508 0.077445
v 0.143435 2.147067 0.076339
v 0.127942 2.122748 0.068116
v 0.134116 2.097965 0.071393
v 0.145491 2.073601 0.077430
v 0.162868 2.049704 0.086653
v 0.187121 2.026337 0.099525
v 0.219181 2.003593 0.116541
v 0.186554 1.956945 0.226148
v 0.168451 1.995776 0.204220
v 0.185938 1.965225 0.225401
v 0.183508 1.974094 0.222458
v 0.179503 1.982685 0.217607
v 0.174315 1.990156 0.211323
v 0.077568 1.995776 0.253140
v 0.085902 1.956945 0.280327
v 0.080268 1.990156 0.261947
v 0.082657 1.982685 0.269739
v 0.084500 1.974094 0.275753
v 0.085619 1.965225 0.279402
v -0.025117 1.995776 0.263558
v -0.027821 1.956945 0.291865
v -0.025993 1.990156 0.272727
v -0.026768 1.982685 0.280840
v -0.027366 1.974094 0.287102
v -0.027729 1.965225 0.290901
v -0.123973 1.995776 0.233887
v -0.137303 1.956945 0.259004
v -0.128291 1.990156 0.242023
v -0.132111 1.982685 0.249221
v -0.135061 1.974094 0.254778
v -0.136850 1.965225 0.258149
v -0.203949 1.995776 0.168644
v -0.225876 1.956945 0.186747
v -0.211052 1.990156 0.174508
v -0.217336 1.982685 0.179696
v -0.222187 1.974094 0.183702
v -0.225130 1.965225 0.186131
v -0.252869 1.995776 0.077762
v -0.280056 1.956945 0.086096
v -0.261676 1.990156 0.080461
v -0.269467 1.982685 0.082850
v -0.275482 1.974094 0.084693
v -0.279131 1.965225 0.085812
v -0.263287 1.995776 -0.024924
v -0.291594 1.956945 -0.027628
v -0.272456 1.990156 -0.025800
v -0.280569 1.982685 -0.026575
v -0.286831 1.974094 -0.027173
v -0.290630 1.965225 -0.027536
v -0.233616 1.995776 -0.123780
v -0.258733 1.956945 -0.137110
v -0.241752 1.990156 -0.128098
v -0.248950 1.982685 -0.131918
v -0.254507 1.974094 -0.134867
v -0.257878 1.965225 -0.136657
v -0.168373 1.995776 -0.203755
v -0.186476 1.956945 -0.225683
v -0.174237 1.990156 -0.210858
v -0.179425 1.982685 -0.217143
v -0.183430 1.974094 -0.221994
v -0.185860 1.965225 -0.224937
v -0.077490 1.995776 -0.252676
v -0.085825 1.956945 -0.279863
v -0.080190 1.990156 -0.261482
v -0.082579 1.982685 -0.269274
v -0.084422 1.974094 -0.275289
v -0.085541 1.965225 -0.278937
v 0.025195 1.995776 -0.263094
v 0.027899 1.956945 -0.291400
v 0.026071 1.990156 -0.272263
v 0.026846 1.982685 -0.280376
v 0.027444 1.974094 -0.286638
v 0.027807 1.965225 -0.290437
v 0.124051 1.995776 -0.233423
v 0.137381 1.956945 -0.258539
v 0.128369 1.990156 -0.241558
v 0.132189 1.982685 -0.248757
v 0.135139 1.974094 -0.254314
v 0.136928 1.965225 -0.257685
v 0.204027 1.995776 -0.168179
v 0.225954 1.956945 -0.186283
v 0.211129 1.990156 -0.174044
v 0.217414 1.982685 -0.179232
v 0.222265 1.974094 -0.183237
v 0.225208 1.965225 -0.185667
v 0.252947 1.995776 -0.077297
v 0.280134 1.956945 -0.085631
v 0.261754 1.990156 -0.079997
v 0.269545 1.982685 -0.082385
v 0.275560 1.974094 -0.084229
v 0.279209 1.965225 -0.085348
v 0.263365 1.995776 0.025388
v 0.291671 1.956945 0.028092
v 0.272534 1.990156 0.026264
v 0.280647 1.982685 0.027039
v 0.286909 1.974094 0.027637
v 0.290708 1.965225 0.028000
v 0.233694 1.995776 0.124244
v 0.258811 1.956945 0.137574
v 0.241830 1.990156 0.128562
v 0.249028 1.982685 0.132383
v 0.254585 1.974094 0.135332
v 0.257956 1.965225 0.137121
v 0.112752 2.855435 0.136755
v 0.096977 2.870959 0.117648
v 0.110669 2.859031 0.134232
v 0.107738 2.862727 0.130683
v 0.104249 2.866161 0.126456
v 0.100541 2.868998 0.121964
v 0.115999 2.829666 0.140688
v 0.114260 2.852175 0.138581
v 0.116773 2.833786 0.141625
v 0.116977 2.838570 0.141873
v 0.116593 2.843549 0.141407
v 0.115656 2.848238 0.140273
v 0.044665 2.870959 0.145807
v 0.051927 2.855435 0.169496
v 0.046306 2.868998 0.151158
v 0.048013 2.866161 0.156727
v 0.049619 2.862727 0.161968
v 0.050968 2.859031 0.166368
v 0.052621 2.852175 0.171760
v 0.053422 2.829666 0.174373
v 0.053264 2.848238 0.173858
v 0.053695 2.843549 0.175264
v 0.053872 2.838570 0.175842
v 0.053778 2.833786 0.175535
v -0.014441 2.870959 0.151804
v -0.016797 2.855435 0.176469
v -0.014973 2.868998 0.157375
v -0.015527 2.866161 0.163173
v -0.016048 2.862727 0.168630
v -0.016486 2.859031 0.173211
v -0.017022 2.852175 0.178826
v -0.017282 2.829666 0.181546
v -0.017231 2.848238 0.181009
v -0.017371 2.843549 0.182474
v -0.017428 2.838570 0.183075
v -0.017398 2.833786 0.182756
v -0.071343 2.870959 0.134725
v -0.082958 2.855435 0.156611
v -0.073967 2.868998 0.139668
v -0.076697 2.866161 0.144813
v -0.079267 2.862727 0.149655
v -0.081424 2.859031 0.153720
v -0.084069 2.852175 0.158702
v -0.085350 2.829666 0.161116
v -0.085097 2.848238 0.160640
v -0.085787 2.843549 0.161939
v -0.086070 2.838570 0.162473
v -0.085919 2.833786 0.162189
v -0.117377 2.870959 0.097171
v -0.136484 2.855435 0.112945
v -0.121693 2.868998 0.100734
v -0.126184 2.866161 0.104442
v -0.130412 2.862727 0.107932
v -0.133961 2.859031 0.110862
v -0.138310 2.852175 0.114453
v -0.140417 2.829666 0.116192
v -0.140002 2.848238 0.115849
v -0.141136 2.843549 0.116786
v -0.141602 2.838570 0.117171
v -0.141354 2.833786 0.116966
v -0.145536 2.870959 0.044858
v -0.169225 2.855435 0.052120
v -0.150887 2.868998 0.046499
v -0.156456 2.866161 0.048206
v -0.161696 2.862727 0.049812
v -0.166097 2.859031 0.051161
v -0.171489 2.852175 0.052814
v -0.174102 2.829666 0.053615
v -0.173587 2.848238 0.053457
v -0.174993 2.843549 0.053888
v -0.175571 2.838570 0.054066
v -0.175264 2.833786 0.053971
v -0.151533 2.870959 -0.014248
v -0.176198 2.855435 -0.016604
v -0.157104 2.868998 -0.014780
v -0.162902 2.866161 -0.015334
v -0.168359 2.862727 -0.015855
v -0.172940 2.859031 -0.016293
v -0.178555 2.852175 -0.016829
v -0.181275 2.829666 -0.017089
v -0.180738 2.848238 -0.017038
v -0.182203 2.843549 -0.017178
v -0.182804 2.838570 -0.017235
v -0.182485 2.833786 -0.017205
v -0.134454 2.870959 -0.071149
v -0.156339 2.855435 -0.082765
v -0.139397 2.868998 -0.073773
v -0.144542 2.866161 -0.076504
v -0.149384 2.862727 -0.079074
v -0.153449 2.859031 -0.081231
v -0.158431 2.852175 -0.083875
v -0.160844 2.829666 -0.085156
v -0.160369 2.848238 -0.084904
v -0.161668 2.843549 -0.085593
v -0.162202 2.838570 -0.085877
v -0.161918 2.833786 -0.085726
v -0.096900 2.870959 -0.117184
v -0.112674 2.855435 -0.136291
v -0.100463 2.868998 -0.121500
v -0.104171 2.866161 -0.125991
v -0.107661 2.862727 -0.130218
v -0.110591 2.859031 -0.133767
v -0.114182 2.852175 -0.138117
v -0.115921 2.829666 -0.140224
v -0.115578 2.848238 -0.139808
v -0.116515 2.843549 -0.140943
v -0.116900 2.838570 -0.141409
v -0.116695 2.833786 -0.141161
v -0.044587 2.870959 -0.145343
v -0.051849 2.855435 -0.169032
v -0.046228 2.868998 -0.150694
v -0.047935 2.866161 -0.156262
v -0.049541 2.862727 -0.161503
v -0.050890 2.859031 -0.165903
v -0.052543 2.852175 -0.171296
v -0.053344 2.829666 -0.173908
v -0.053186 2.848238 -0.173393
v -0.053617 2.843549 -0.174800
v -0.053794 2.838570 -0.175378
v -0.053700 2.833786 -0.175070
v 0.014519 2.870959 -0.151339
v 0.016875 2.855435 -0.176004
v 0.015051 2.868998 -0.156911
v 0.015605 2.866161 -0.162709
v 0.016126 2.862727 -0.168165
v 0.016564 2.859031 -0.172747
v 0.017100 2.852175 -0.178362
v 0.017360 2.829666 -0.181081
v 0.017309 2.848238 -0.180545
v 0.017449 2.843549 -0.182009
v 0.017506 2.838570 -0.182611
v 0.017476 2.833786 -0.182291
v 0.071421 2.870959 -0.134260
v 0.083036 2.855435 -0.156146
v 0.074044 2.868998 -0.139204
v 0.076775 2.866161 -0.144349
v 0.079345 2.862727 -0.149190
v 0.081502 2.859031 -0.153256
v 0.084146 2.852175 -0.158238
v 0.085427 2.829666 -0.160651
v 0.085175 2.848238 -0.160175
v 0.085864 2.843549 -0.161475
v 0.086148 2.838570 -0.162009
v 0.085997 2.833786 -0.161725
v 0.117455 2.870959 -0.096706
v 0.136562 2.855435 -0.112481
v 0.121771 2.868998 -0.100270
v 0.126262 2.866161 -0.103978
v 0.130489 2.862727 -0.107467
v 0.134038 2.859031 -0.110397
v 0.138388 2.852175 -0.113988
v 0.140495 2.829666 -0.115728
v 0.140080 2.848238 -0.115385
v 0.141214 2.843549 -0.116322
v 0.141680 2.838570 -0.116706
v 0.141432 2.833786 -0.116502
v 0.145614 2.870959 -0.044394
v 0.169303 2.855435 -0.051656
v 0.150965 2.868998 -0.046034
v 0.156533 2.866161 -0.047741
v 0.161774 2.862727 -0.049348
v 0.166174 2.859031 -0.050697
v 0.171567 2.852175 -0.052350
v 0.174179 2.829666 -0.053151
v 0.173664 2.848238 -0.052993
v 0.175071 2.843549 -0.053424
v 0.175649 2.838570 -0.053601
v 0.175342 2.833786 -0.053507
v 0.151610 2.870959 0.014712
v 0.176275 2.855435 0.017068
v 0.157182 2.868998 0.015244
v 0.162980 2.866161 0.015798
v 0.168436 2.862727 0.016319
v 0.173018 2.859031 0.016757
v 0.178633 2.852175 0.017294
v 0.181353 2.829666 0.017553
v 0.180816 2.848238 0.017502
v 0.182281 2.843549 0.017642
v 0.182882 2.838570 0.017700
v 0.182563 2.833786 0.017669
v 0.134532 2.870959 0.071614
v 0.156417 2.855435 0.083230
v 0.139475 2.868998 0.074238
v 0.144620 2.866161 0.076968
v 0.149462 2.862727 0.079538
v 0.153527 2.859031 0.081695
v 0.158509 2.852175 0.084340
v 0.160922 2.829666 0.085621
v 0.160446 2.848238 0.085368
v 0.161746 2.843549 0.086058
v 0.162280 2.838570 0.086341
v 0.161996 2.833786 0.086190
v 0.085522 1.938410 0.279086
v 0.185728 1.938410 0.225147
v -0.027698 1.938410 0.290573
v -0.136695 1.938410 0.257857
v -0.224876 1.938410 0.185921
v -0.278815 1.938410 0.085715
v -0.290302 1.938410 -0.027505
v -0.257586 1.938410 -0.136502
v -0.185650 1.938410 -0.224682
v -0.085444 1.938410 -0.278622
v 0.027776 1.938410 -0.290108
v 0.136773 1.938410 -0.257393
v 0.224954 1.938410 -0.185457
v 0.278893 1.938410 -0.085251
v 0.290379 1.938410 0.027969
v 0.257664 1.938410 0.136966
vt 0.524127 0.503968
vt 0.524127 0.503968
vt 0.524127 0.503968
vt 0.524127 0.503968
vt 0.524127 0.503968
vt 0.524127 0.503968
vt 0.524127 0.503968
vt 0.524127 0.503968
vt 0.524127 0.503968
vt 0.524127 0.503968
vt 0.524127 0.503968
vt 0.524127 0.503968
vt 0.524127 0.503968
vt 0.524127 0.503968
vt 0.524127 0.503968
vt 0.524127 0.503968
vt 0.151289 1.067282
vt 0.191182 1.067282
vt 0.191182 0.929639
vt 0.151289 0.929639
vt 0.191182 0.791996
vt 0.151289 0.791996
vt 0.191182 0.654353
vt 0.151289 0.654353
vt 0.191182 0.516710
vt 0.151289 0.516710
vt 0.191182 0.379067
vt 0.151289 0.379067
vt 0.191182 0.241424
vt 0.151289 0.241424
vt 0.191182 0.103781
vt 0.151289 0.103781
vt 0.191182 -0.033862
vt 0.151289 -0.033862
vt 0.191182 -0.171506
vt 0.151289 -0.171506
vt 0.191182 -0.309149
vt 0.151289 -0.309149
vt 0.191182 -0.446791
vt 0.151289 -0.446792
vt 0.191182 -0.584435
vt 0.151289 -0.584435
vt 0.191182 -0.722078
vt 0.151289 -0.722078
vt 0.191182 -0.859721
vt 0.151289 -0.859721
vt 0.191182 -0.997364
vt 0.151289 -0.997364
vt 0.191182 -1.135007
vt 0.151289 -1.135007
vt 0.228870 1.067282
vt 0.228870 0.929639
vt 0.228870 0.791996
vt 0.228870 0.654353
vt 0.228870 0.516710
vt 0.228870 0.379067
vt 0.228870 0.241424
vt 0.228870 0.103781
vt 0.228870 -0.033862
vt 0.228870 -0.171506
vt 0.228870 -0.309148
vt 0.228870 -0.446791
vt 0.228870 -0.584435
vt 0.228870 -0.722078
vt 0.228870 -0.859721
vt 0.228870 -0.997364
vt 0.228870 -1.135007
vt 0.264533 1.067282
vt 0.264533 0.929639
vt 0.264533 0.791996
vt 0.264533 0.654353
vt 0.264533 0.516710
vt 0.264533 0.379067
vt 0.264533 0.241424
vt 0.264533 0.103781
vt 0.264533 -0.033862
vt 0.264533 -0.171506
vt 0.264533 -0.309148
vt 0.264533 -0.446791
vt 0.264533 -0.584435
vt 0.264533 -0.722078
vt 0.264533 -0.859721
vt 0.264533 -0.997364
vt 0.264533 -1.135007
vt 0.298342 1.067282
vt 0.298342 0.929639
vt 0.298342 0.791996
vt 0.298342 0.654353
vt 0.298342 0.516710
vt 0.298342 0.379067
vt 0.298342 0.241424
vt 0.298342 0.103781
vt 0.298342 -0.033862
vt 0.298342 -0.171506
vt 0.298342 -0.309148
vt 0.298342 -0.446791
vt 0.298342 -0.584435
vt 0.298342 -0.722078
vt 0.298342 -0.859721
vt 0.298342 -0.997364
vt 0.298342 -1.135007
vt 0.330463 1.067282
vt 0.330463 0.929639
vt 0.330463 0.791996
vt 0.330463 0.654353
vt 0.330463 0.516710
vt 0.330463 0.379067
vt 0.330463 0.241424
vt 0.330463 0.103781
vt 0.330463 -0.033862
vt 0.330463 -0.171506
vt 0.330463 -0.309148
vt 0.330463 -0.446791
vt 0.330463 -0.584435
vt 0.330463 -0.722078
vt 0.330463 -0.859721
vt 0.330463 -0.997364
vt 0.330463 -1.135007
vt 0.361054 1.067282
vt 0.361054 0.929639
vt 0.361054 0.791996
vt 0.361054 0.654353
vt 0.361054 0.516710
vt 0.361054 0.379067
vt 0.361054 0.241424
vt 0.361054 0.103781
vt 0.361054 -0.033862
vt 0.361054 -0.171506
vt 0.361054 -0.309148
vt 0.361054 -0.446791
vt 0.361054 -0.584435
vt 0.361054 -0.722078
vt 0.361054 -0.859721
vt 0.361054 -0.997364
vt 0.361054 -1.135007
vt 0.390267 1.067282
vt 0.390267 0.929639
vt 0.390267 0.791996
vt 0.390267 0.654353
vt 0.390267 0.516710
vt 0.390267 0.379067
vt 0.390267 0.241424
vt 0.390267 0.103781
vt 0.390267 -0.033862
vt 0.390267 -0.171506
vt 0.390267 -0.309148
vt 0.390267 -0.446791
vt 0.390267 -0.584435
vt 0.390267 -0.722078
vt 0.390267 -0.859721
vt 0.390267 -0.997364
vt 0.390267 -1.135007
vt 0.418247 1.067282
vt 0.418247 0.929639
vt 0.418247 0.791996
vt 0.418247 0.654353
vt 0.418247 0.516710
vt 0.418247 0.379067
vt 0.418247 0.241424
vt 0.418247 0.103781
vt 0.418247 -0.033862
vt 0.418247 -0.171506
vt 0.418247 -0.309148
vt 0.418247 -0.446791
vt 0.418247 -0.584435
vt 0.418247 -0.722078
vt 0.418247 -0.859721
vt 0.418247 -0.997364
vt 0.418247 -1.135007
vt 0.445133 1.067282
vt 0.445133 0.929639
vt 0.445133 0.791996
vt 0.445133 0.654353
vt 0.445133 0.516710
vt 0.445133 0.379067
vt 0.445133 0.241424
vt 0.445133 0.103781
vt 0.445133 -0.033862
vt 0.445133 -0.171506
vt 0.445133 -0.309148
vt 0.445133 -0.446791
vt 0.445133 -0.584435
vt 0.445134 -0.722078
vt 0.445134 -0.859721
vt 0.445134 -0.997364
vt 0.445134 -1.135007
vt 0.471057 1.067282
vt 0.471057 0.929639
vt 0.471057 0.791996
vt 0.471057 0.654353
vt 0.471057 0.516710
vt 0.471057 0.379067
vt 0.471057 0.241424
vt 0.471057 0.103781
vt 0.471057 -0.033862
vt 0.471057 -0.171506
vt 0.471057 -0.309148
vt 0.471057 -0.446791
vt 0.471057 -0.584435
vt 0.471057 -0.722078
vt 0.471057 -0.859721
vt 0.471057 -0.997364
vt 0.471057 -1.135007
vt 0.496143 1.067282
vt 0.496144 0.929639
vt 0.496144 0.791996
vt 0.496144 0.654353
vt 0.496144 0.516710
vt 0.496144 0.379067
vt 0.496144 0.241424
vt 0.496144 0.103781
vt 0.496144 -0.033862
vt 0.496144 -0.171506
vt 0.496144 -0.309148
vt 0.496144 -0.446791
vt 0.496144 -0.584435
vt 0.496144 -0.722078
vt 0.496144 -0.859721
vt 0.496144 -0.997364
vt 0.496144 -1.135007
vt 0.520511 1.067282
vt 0.520511 0.929639
vt 0.520511 0.791996
vt 0.520511 0.654353
vt 0.520511 0.516710
vt 0.520511 0.379067
vt 0.520511 0.241424
vt 0.520511 0.103781
vt 0.520511 -0.033862
vt 0.520511 -0.171506
vt 0.520511 -0.309148
vt 0.520511 -0.446791
vt 0.520511 -0.584435
vt 0.520511 -0.722078
vt 0.520511 -0.859721
vt 0.520511 -0.997364
vt 0.520511 -1.135007
vt 0.544270 1.067282
vt 0.544270 0.929639
vt 0.544270 0.791996
vt 0.544270 0.654353
vt 0.544270 0.516710
vt 0.544270 0.379067
vt 0.544270 0.241424
vt 0.544270 0.103781
vt 0.544270 -0.033862
vt 0.544270 -0.171506
vt 0.544270 -0.309148
vt 0.544271 -0.446791
vt 0.544271 -0.584435
vt 0.544271 -0.722078
vt 0.544271 -0.859721
vt 0.544271 -0.997364
vt 0.544271 -1.135007
vt 0.567528 1.067282
vt 0.567528 0.929639
vt 0.567528 0.791996
vt 0.567528 0.654353
vt 0.567528 0.516710
vt 0.567528 0.379067
vt 0.567528 0.241424
vt 0.567528 0.103781
vt 0.567528 -0.033862
vt 0.567528 -0.171506
vt 0.567528 -0.309148
vt 0.567528 -0.446791
vt 0.567528 -0.584435
vt 0.567528 -0.722078
vt 0.567528 -0.859721
vt 0.567528 -0.997364
vt 0.567528 -1.135007
vt 0.590380 1.067282
vt 0.590380 0.929639
vt 0.590380 0.791996
vt 0.590380 0.654353
vt 0.590380 0.516710
vt 0.590380 0.379067
vt 0.590380 0.241424
vt 0.590380 0.103781
vt 0.590380 -0.033862
vt 0.590380 -0.171506
vt 0.590380 -0.309148
vt 0.590380 -0.446791
vt 0.590380 -0.584435
vt 0.590380 -0.722078
vt 0.590380 -0.859721
vt 0.590380 -0.997364
vt 0.590380 -1.135007
vt 0.612920 1.067282
vt 0.612920 0.929639
vt 0.612920 0.791996
vt 0.612920 0.654353
vt 0.612920 0.516710
vt 0.612920 0.379067
vt 0.612920 0.241424
vt 0.612920 0.103781
vt 0.612920 -0.033862
vt 0.612920 -0.171506
vt 0.612920 -0.309148
vt 0.612920 -0.446791
vt 0.612920 -0.584435
vt 0.612920 -0.722078
vt 0.612920 -0.859721
vt 0.612920 -0.997364
vt 0.612920 -1.135007
vt 0.635231 1.067282
vt 0.635232 0.929639
vt 0.635232 0.791996
vt 0.635232 0.654353
vt 0.635232 0.516710
vt 0.635232 0.379067
vt 0.635232 0.241424
vt 0.635232 0.103781
vt 0.635232 -0.033862
vt 0.635232 -0.171506
vt 0.635232 -0.309148
vt 0.635232 -0.446791
vt 0.635232 -0.584435
vt 0.635232 -0.722078
vt 0.635232 -0.859721
vt 0.635232 -0.997364
vt 0.635232 -1.135007
vt 0.657393 1.067282
vt 0.657393 0.929639
vt 0.657393 0.791996
vt 0.657393 0.654353
vt 0.657393 0.516710
vt 0.657393 0.379067
vt 0.657393 0.241424
vt 0.657393 0.103781
vt 0.657393 -0.033862
vt 0.657393 -0.171506
vt 0.657393 -0.309148
vt 0.657393 -0.446791
vt 0.657393 -0.584435
vt 0.657393 -0.722078
vt 0.657393 -0.859721
vt 0.657393 -0.997364
vt 0.657393 -1.135007
vt 0.679475 1.067282
vt 0.679475 0.929639
vt 0.679475 0.791996
vt 0.679475 0.654353
vt 0.679475 0.516710
vt 0.679475 0.379067
vt 0.679475 0.241424
vt 0.679475 0.103781
vt 0.679475 -0.033862
vt 0.679475 -0.171506
vt 0.679475 -0.309148
vt 0.679475 -0.446791
vt 0.679475 -0.584435
vt 0.679475 -0.722078
vt 0.679475 -0.859721
vt 0.679475 -0.997364
vt 0.679475 -1.135007
vt 0.701543 1.067282
vt 0.701543 0.929639
vt 0.701543 0.791996
vt 0.701543 0.654353
vt 0.701543 0.516710
vt 0.701543 0.379067
vt 0.701543 0.241424
vt 0.701543 0.103781
vt 0.701543 -0.033862
vt 0.701543 -0.171506
vt 0.701544 -0.309148
vt 0.701544 -0.446791
vt 0.701543 -0.584435
vt 0.701544 -0.722078
vt 0.701544 -0.859721
vt 0.701543 -0.997364
vt 0.701544 -1.135007
vt 0.723655 1.067282
vt 0.723655 0.929639
vt 0.723655 0.791996
vt 0.723655 0.654353
vt 0.723655 0.516710
vt 0.723655 0.379067
vt 0.723655 0.241424
vt 0.723655 0.103781
vt 0.723655 -0.033862
vt 0.723655 -0.171506
vt 0.723655 -0.309148
vt 0.723655 -0.446791
vt 0.723655 -0.584435
vt 0.723655 -0.722078
vt 0.723655 -0.859721
vt 0.723655 -0.997364
vt 0.723655 -1.135007
vt 0.745862 1.067282
vt 0.745862 0.929639
vt 0.745862 0.791996
vt 0.745862 0.654353
vt 0.745862 0.516710
vt 0.745862 0.379067
vt 0.745862 0.241424
vt 0.745862 0.103781
vt 0.745862 -0.033862
vt 0.745862 -0.171506
vt 0.745862 -0.309148
vt 0.745862 -0.446791
vt 0.745862 -0.584435
vt 0.745862 -0.722078
vt 0.745862 -0.859721
vt 0.745862 -0.997364
vt 0.745862 -1.135007
vt 0.768207 1.067282
vt 0.768207 0.929639
vt 0.768207 0.791996
vt 0.768207 0.654353
vt 0.768207 0.516710
vt 0.768207 0.379067
vt 0.768207 0.241424
vt 0.768207 0.103781
vt 0.768207 -0.033862
vt 0.768207 -0.171506
vt 0.768207 -0.309148
vt 0.768207 -0.446791
vt 0.768207 -0.584435
vt 0.768207 -0.722078
vt 0.768207 -0.859721
vt 0.768207 -0.997364
vt 0.768207 -1.135007
vt 0.790730 1.067282
vt 0.790730 0.929639
vt 0.790730 0.791996
vt 0.790730 0.654353
vt 0.790730 0.516710
vt 0.790730 0.379067
vt 0.790730 0.241424
vt 0.790730 0.103781
vt 0.790730 -0.033862
vt 0.790730 -0.171506
vt 0.790730 -0.309148
vt 0.790730 -0.446791
vt 0.790730 -0.584435
vt 0.790730 -0.722078
vt 0.790730 -0.859721
vt 0.790730 -0.997364
vt 0.790730 -1.135007
vt 0.813461 1.067282
vt 0.813461 0.929639
vt 0.813461 0.791996
vt 0.813461 0.654353
vt 0.813461 0.516710
vt 0.813461 0.379067
vt 0.813461 0.241424
vt 0.813461 0.103781
vt 0.813461 -0.033862
vt 0.813461 -0.171506
vt 0.813461 -0.309148
vt 0.813461 -0.446791
vt 0.813461 -0.584435
vt 0.813461 -0.722078
vt 0.813461 -0.859721
vt 0.813461 -0.997364
vt 0.813461 -1.135007
vt 0.836423 1.067282
vt 0.836423 0.929639
vt 0.836423 0.791996
vt 0.836423 0.654353
vt 0.836423 0.516710
vt 0.836424 0.379067
vt 0.836423 0.241424
vt 0.836423 0.103781
vt 0.836423 -0.033862
vt 0.836423 -0.171506
vt 0.836424 -0.309148
vt 0.836424 -0.446791
vt 0.836424 -0.584435
vt 0.836424 -0.722078
vt 0.836424 -0.859721
vt 0.836424 -0.997364
vt 0.836424 -1.135007
vt 0.859636 1.067282
vt 0.859636 0.929639
vt 0.859636 0.791996
vt 0.859636 0.654353
vt 0.859636 0.516710
vt 0.859636 0.379067
vt 0.859636 0.241424
vt 0.859636 0.103781
vt 0.859636 -0.033862
vt 0.859636 -0.171506
vt 0.859636 -0.309148
vt 0.859636 -0.446791
vt 0.859636 -0.584435
vt 0.859636 -0.722078
vt 0.859636 -0.859721
vt 0.859636 -0.997364
vt 0.859636 -1.135007
vt 0.883110 1.067282
vt 0.883110 0.929639
vt 0.883110 0.791996
vt 0.883110 0.654353
vt 0.883110 0.516710
vt 0.883110 0.379067
vt 0.883110 0.241424
vt 0.883110 0.103781
vt 0.883110 -0.033862
vt 0.883110 -0.171506
vt 0.883110 -0.309148
vt 0.883110 -0.446791
vt 0.883110 -0.584435
vt 0.883110 -0.722078
vt 0.883110 -0.859721
vt 0.883110 -0.997364
vt 0.883110 -1.135007
vt 0.906848 1.067282
vt 0.906848 0.929639
vt 0.906848 0.791996
vt 0.906848 0.654353
vt 0.906848 0.516710
vt 0.906848 0.379067
vt 0.906848 0.241424
vt 0.906848 0.103781
vt 0.906848 -0.033862
vt 0.906848 -0.171506
vt 0.906848 -0.309148
vt 0.906848 -0.446791
vt 0.906848 -0.584435
vt 0.906848 -0.722078
vt 0.906848 -0.859721
vt 0.906848 -0.997364
vt 0.906848 -1.135007
vt 0.930848 1.067282
vt 0.930849 0.929639
vt 0.930849 0.791996
vt 0.930849 0.654353
vt 0.930849 0.516710
vt 0.930849 0.379067
vt 0.930849 0.241424
vt 0.930849 0.103781
vt 0.930849 -0.033862
vt 0.930849 -0.171506
vt 0.930849 -0.309148
vt 0.930849 -0.446791
vt 0.930849 -0.584435
vt 0.930849 -0.722078
vt 0.930849 -0.859721
vt 0.930849 -0.997364
vt 0.930849 -1.135007
vt 0.955102 1.067282
vt 0.955102 0.929639
vt 0.955102 0.791996
vt 0.955102 0.654353
vt 0.955102 0.516710
vt 0.955102 0.379067
vt 0.955102 0.241424
vt 0.955102 0.103781
vt 0.955102 -0.033862
vt 0.955102 -0.171506
vt 0.955102 -0.309148
vt 0.955102 -0.446791
vt 0.955102 -0.584435
vt 0.955102 -0.722078
vt 0.955102 -0.859721
vt 0.955102 -0.997364
vt 0.955102 -1.135007
vt 0.979593 1.067282
vt 0.979593 0.929639
vt 0.979593 0.791996
vt 0.979593 0.654353
vt 0.979593 0.516710
vt 0.979593 0.379067
vt 0.979593 0.241424
vt 0.979593 0.103781
vt 0.979593 -0.033862
vt 0.979593 -0.171506
vt 0.979593 -0.309148
vt 0.979593 -0.446791
vt 0.979593 -0.584435
vt 0.979593 -0.722078
vt 0.979593 -0.859721
vt 0.979593 -0.997364
vt 0.979593 -1.135007
vt 1.004298 1.067282
vt 1.004298 0.929639
vt 1.004298 0.791996
vt 1.004298 0.654353
vt 1.004298 0.516710
vt 1.004298 0.379067
vt 1.004298 0.241424
vt 1.004298 0.103781
vt 1.004298 -0.033862
vt 1.004298 -0.171506
vt 1.004298 -0.309148
vt 1.004298 -0.446791
vt 1.004298 -0.584435
vt 1.004298 -0.722078
vt 1.004298 -0.859721
vt 1.004298 -0.997364
vt 1.004298 -1.135007
vt 1.029188 1.067282
vt 1.029188 0.929639
vt 1.029188 0.791996
vt 1.029188 0.654353
vt 1.029188 0.516710
vt 1.029188 0.379067
vt 1.029188 0.241424
vt 1.029188 0.103781
vt 1.029188 -0.033862
vt 1.029188 -0.171506
vt 1.029188 -0.309148
vt 1.029188 -0.446791
vt 1.029188 -0.584435
vt 1.029188 -0.722078
vt 1.029188 -0.859721
vt 1.029188 -0.997364
vt 1.029188 -1.135007
vt 1.054227 1.067282
vt 1.054227 0.929639
vt 1.054227 0.791996
vt 1.054227 0.654353
vt 1.054227 0.516710
vt 1.054227 0.379067
vt 1.054227 0.241424
vt 1.054227 0.103781
vt 1.054227 -0.033862
vt 1.054227 -0.171506
vt 1.054227 -0.309148
vt 1.054227 -0.446791
vt 1.054227 -0.584435
vt 1.054227 -0.722078
vt 1.054227 -0.859721
vt 1.054227 -0.997364
vt 1.054227 -1.135007
vt 1.079372 1.067282
vt 1.079372 0.929639
vt 1.079372 0.791996
vt 1.079372 0.654353
vt 1.079372 0.516710
vt 1.079372 0.379067
vt 1.079372 0.241424
vt 1.079372 0.103781
vt 1.079372 -0.033862
vt 1.079372 -0.171506
vt 1.079372 -0.309148
vt 1.079372 -0.446791
vt 1.079372 -0.584435
vt 1.079372 -0.722078
vt 1.079372 -0.859721
vt 1.079372 -0.997364
vt 1.079372 -1.135007
vt 1.104573 1.067282
vt 1.104573 0.929639
vt 1.104573 0.791996
vt 1.104573 0.654353
vt 1.104573 0.516710
vt 1.104573 0.379067
vt 1.104573 0.241424
vt 1.104573 0.103781
vt 1.104573 -0.033862
vt 1.104573 -0.171506
vt 1.104573 -0.309148
vt 1.104573 -0.446791
vt 1.104573 -0.584435
vt 1.104573 -0.722078
vt 1.104573 -0.859721
vt 1.104573 -0.997364
vt 1.104573 -1.135007
vt 1.129774 1.067282
vt 1.129775 0.929639
vt 1.129775 0.791996
vt 1.129775 0.654353
vt 1.129775 0.516710
vt 1.129775 0.379067
vt 1.129775 0.241424
vt 1.129775 0.103781
vt 1.129775 -0.033862
vt 1.129775 -0.171506
vt 1.129775 -0.309148
vt 1.129775 -0.446791
vt 1.129775 -0.584435
vt 1.129775 -0.722078
vt 1.129775 -0.859721
vt 1.129775 -0.997364
vt 1.129775 -1.135007
vt 1.154913 1.067282
vt 1.154913 0.929639
vt 1.154913 0.791996
vt 1.154913 0.654353
vt 1.154913 0.516710
vt 1.154913 0.379067
vt 1.154913 0.241424
vt 1.154913 0.103781
vt 1.154913 -0.033862
vt 1.154913 -0.171506
vt 1.154913 -0.309148
vt 1.154913 -0.446791
vt 1.154913 -0.584435
vt 1.154913 -0.722078
vt 1.154913 -0.859721
vt 1.154913 -0.997364
vt 1.154913 -1.135007
vt 1.179919 1.067282
vt 1.179919 0.929639
vt 1.179919 0.791996
vt 1.179919 0.654353
vt 1.179919 0.516710
vt 1.179919 0.379067
vt 1.179919 0.241424
vt 1.179919 0.103781
vt 1.179919 -0.033862
vt 1.179919 -0.171506
vt 1.179919 -0.309148
vt 1.179919 -0.446791
vt 1.179919 -0.584435
vt 1.179919 -0.722078
vt 1.179919 -0.859721
vt 1.179919 -0.997364
vt 1.179919 -1.135007
vt 1.204715 1.067282
vt 1.204715 0.929639
vt 1.204715 0.791996
vt 1.204715 0.654353
vt 1.204715 0.516710
vt 1.204715 0.379067
vt 1.204715 0.241424
vt 1.204715 0.103781
vt 1.204715 -0.033862
vt 1.204715 -0.171506
vt 1.204715 -0.309148
vt 1.204715 -0.446791
vt 1.204715 -0.584435
vt 1.204715 -0.722078
vt 1.204715 -0.859721
vt 1.204715 -0.997364
vt 1.204715 -1.135007
vt 1.229220 1.067282
vt 1.229220 0.929639
vt 1.229220 0.791996
vt 1.229220 0.654353
vt 1.229220 0.516710
vt 1.229220 0.379067
vt 1.229220 0.241424
vt 1.229220 0.103781
vt 1.229220 -0.033862
vt 1.229220 -0.171506
vt 1.229220 -0.309148
vt 1.229220 -0.446791
vt 1.229220 -0.584435
vt 1.229220 -0.722078
vt 1.229220 -0.859721
vt 1.229220 -0.997364
vt 1.229220 -1.135007
vt 1.253343 1.067282
vt 1.253343 0.929639
vt 1.253343 0.791996
vt 1.253343 0.654353
vt 1.253343 0.516710
vt 1.253343 0.379067
vt 1.253343 0.241424
vt 1.253343 0.103781
vt 1.253343 -0.033862
vt 1.253343 -0.171506
vt 1.253343 -0.309148
vt 1.253343 -0.446791
vt 1.253343 -0.584435
vt 1.253343 -0.722078
vt 1.253343 -0.859721
vt 1.253343 -0.997364
vt 1.253343 -1.135007
vt 1.276986 1.067282
vt 1.276986 0.929639
vt 1.276986 0.791996
vt 1.276986 0.654353
vt 1.276986 0.516710
vt 1.276986 0.379067
vt 1.276986 0.241424
vt 1.276986 0.103781
vt 1.276986 -0.033862
vt 1.276986 -0.171506
vt 1.276986 -0.309148
vt 1.276987 -0.446791
vt 1.276987 -0.584435
vt 1.276987 -0.722078
vt 1.276987 -0.859721
vt 1.276987 -0.997364
vt 1.276987 -1.135007
vt 1.300048 1.067282
vt 1.300048 0.929639
vt 1.300048 0.791996
vt 1.300048 0.654353
vt 1.300048 0.516710
vt 1.300048 0.379067
vt 1.300048 0.241424
vt 1.300048 0.103781
vt 1.300048 -0.033862
vt 1.300048 -0.171506
vt 1.300048 -0.309148
vt 1.300049 -0.446791
vt 1.300049 -0.584435
vt 1.300049 -0.722078
vt 1.300049 -0.859721
vt 1.300049 -0.997364
vt 1.300049 -1.135007
vt 1.322419 1.067282
vt 1.322419 0.929639
vt 1.322419 0.791996
vt 1.322419 0.654353
vt 1.322419 0.516710
vt 1.322419 0.379067
vt 1.322419 0.241424
vt 1.322419 0.103781
vt 1.322419 -0.033862
vt 1.322419 -0.171506
vt 1.322419 -0.309148
vt 1.322419 -0.446791
vt 1.322419 -0.584435
vt 1.322419 -0.722078
vt 1.322419 -0.859721
vt 1.322419 -0.997364
vt 1.322419 -1.135007
vt 1.343980 1.067282
vt 1.343980 0.929639
vt 1.343980 0.791996
vt 1.343980 0.654353
vt 1.343980 0.516710
vt 1.343980 0.379067
vt 1.343980 0.241424
vt 1.343980 0.103781
vt 1.343980 -0.033862
vt 1.343980 -0.171506
vt 1.343980 -0.309148
vt 1.343980 -0.446791
vt 1.343980 -0.584435
vt 1.343980 -0.722078
vt 1.343980 -0.859721
vt 1.343980 -0.997364
vt 1.343980 -1.135007
vt 0.151289 1.067282
vt 0.151289 0.929639
vt 0.191182 0.929639
vt 0.191182 1.067282
vt 0.151289 0.791996
vt 0.191182 0.791996
vt 0.151289 0.654353
vt 0.191182 0.654353
vt 0.151289 0.516710
vt 0.191182 0.516710
vt 0.151289 0.379067
vt 0.191182 0.379067
vt 0.151289 0.241424
vt 0.191182 0.241424
vt 0.151289 0.103781
vt 0.191182 0.103781
vt 0.151289 -0.033862
vt 0.191182 -0.033862
vt 0.151289 -0.171506
vt 0.191182 -0.171506
vt 0.151289 -0.309149
vt 0.191182 -0.309149
vt 0.151289 -0.446792
vt 0.191182 -0.446791
vt 0.151289 -0.584435
vt 0.191182 -0.584435
vt 0.151289 -0.722078
vt 0.191182 -0.722078
vt 0.151289 -0.859721
vt 0.191182 -0.859721
vt 0.151289 -0.997364
vt 0.191182 -0.997364
vt 0.151289 -1.135007
vt 0.191182 -1.135007
vt 0.228870 0.929639
vt 0.228870 1.067282
vt 0.228870 0.791996
vt 0.228870 0.654353
vt 0.228870 0.516710
vt 0.228870 0.379067
vt 0.228870 0.241424
vt 0.228870 0.103781
vt 0.228870 -0.033862
vt 0.228870 -0.171506
vt 0.228870 -0.309148
vt 0.228870 -0.446791
vt 0.228870 -0.584435
vt 0.228870 -0.722078
vt 0.228870 -0.859721
vt 0.228870 -0.997364
vt 0.228870 -1.135007
vt 0.264533 0.929639
vt 0.264533 1.067282
vt 0.264533 0.791996
vt 0.264533 0.654353
vt 0.264533 0.516710
vt 0.264533 0.379067
vt 0.264533 0.241424
vt 0.264533 0.103781
vt 0.264533 -0.033862
vt 0.264533 -0.171506
vt 0.264533 -0.309148
vt 0.264533 -0.446791
vt 0.264533 -0.584435
vt 0.264533 -0.722078
vt 0.264533 -0.859721
vt 0.264533 -0.997364
vt 0.264533 -1.135007
vt 0.298342 0.929639
vt 0.298342 1.067282
vt 0.298342 0.791996
vt 0.298342 0.654353
vt 0.298342 0.516710
vt 0.298342 0.379067
vt 0.298342 0.241424
vt 0.298342 0.103781
vt 0.298342 -0.033862
vt 0.298342 -0.171506
vt 0.298342 -0.309148
vt 0.298342 -0.446791
vt 0.298342 -0.584435
vt 0.298342 -0.722078
vt 0.298342 -0.859721
vt 0.298342 -0.997364
vt 0.298342 -1.135007
vt 0.330463 0.929639
vt 0.330463 1.067282
vt 0.330463 0.791996
vt 0.330463 0.654353
vt 0.330463 0.516710
vt 0.330463 0.379067
vt 0.330463 0.241424
vt 0.330463 0.103781
vt 0.330463 -0.033862
vt 0.330463 -0.171506
vt 0.330463 -0.309148
vt 0.330463 -0.446791
vt 0.330463 -0.584435
vt 0.330463 -0.722078
vt 0.330463 -0.859721
vt 0.330463 -0.997364
vt 0.330463 -1.135007
vt 0.361054 0.929639
vt 0.361054 1.067282
vt 0.361054 0.791996
vt 0.361054 0.654353
vt 0.361054 0.516710
vt 0.361054 0.379067
vt 0.361054 0.241424
vt 0.361054 0.103781
vt 0.361054 -0.033862
vt 0.361054 -0.171506
vt 0.361054 -0.309148
vt 0.361054 -0.446791
vt 0.361054 -0.584435
vt 0.361054 -0.722078
vt 0.361054 -0.859721
vt 0.361054 -0.997364
vt 0.361054 -1.135007
vt 0.390267 0.929639
vt 0.390267 1.067282
vt 0.390267 0.791996
vt 0.390267 0.654353
vt 0.390267 0.516710
vt 0.390267 0.379067
vt 0.390267 0.241424
vt 0.390267 0.103781
vt 0.390267 -0.033862
vt 0.390267 -0.171506
vt 0.390267 -0.309148
vt 0.390267 -0.446791
vt 0.390267 -0.584435
vt 0.390267 -0.722078
vt 0.390267 -0.859721
vt 0.390267 -0.997364
vt 0.390267 -1.135007
vt 0.418247 0.929639
vt 0.418247 1.067282
vt 0.418247 0.791996
vt 0.418247 0.654353
vt 0.418247 0.516710
vt 0.418247 0.379067
vt 0.418247 0.241424
vt 0.418247 0.103781
vt 0.418247 -0.033862
vt 0.418247 -0.171506
vt 0.418247 -0.309148
vt 0.418247 -0.446791
vt 0.418247 -0.584435
vt 0.418247 -0.722078
vt 0.418247 -0.859721
vt 0.418247 -0.997364
vt 0.418247 -1.135007
vt 0.445133 0.929639
vt 0.445133 1.067282
vt 0.445133 0.791996
vt 0.445133 0.654353
vt 0.445133 0.516710
vt 0.445133 0.379067
vt 0.445133 0.241424
vt 0.445133 0.103781
vt 0.445133 -0.033862
vt 0.445133 -0.171506
vt 0.445133 -0.309148
vt 0.445133 -0.446791
vt 0.445133 -0.584435
vt 0.445134 -0.722078
vt 0.445134 -0.859721
vt 0.445134 -0.997364
vt 0.445134 -1.135007
vt 0.471057 0.929639
vt 0.471057 1.067282
vt 0.471057 0.791996
vt 0.471057 0.654353
vt 0.471057 0.516710
vt 0.471057 0.379067
vt 0.471057 0.241424
vt 0.471057 0.103781
vt 0.471057 -0.033862
vt 0.471057 -0.171506
vt 0.471057 -0.309148
vt 0.471057 -0.446791
vt 0.471057 -0.584435
vt 0.471057 -0.722078
vt 0.471057 -0.859721
vt 0.471057 -0.997364
vt 0.471057 -1.135007
vt 0.506743 -0.997364
vt 0.506743 -1.135007
vt 0.509912 -1.135007
vt 0.509912 -0.997364
vt 0.528170 0.929639
vt 0.528170 0.791996
vt 0.544270 0.791996
vt 0.544270 0.929639
vt 0.528170 0.654353
vt 0.544270 0.654353
vt 0.528170 0.516710
vt 0.544270 0.516710
vt 0.528170 0.379067
vt 0.544270 0.379067
vt 0.528170 0.241424
vt 0.544270 0.241424
vt 0.528170 0.103781
vt 0.544270 0.103781
vt 0.528170 -0.033862
vt 0.544270 -0.033862
vt 0.528170 -0.171506
vt 0.544270 -0.171506
vt 0.528170 -0.309148
vt 0.544270 -0.309148
vt 0.528170 -0.446791
vt 0.544271 -0.446791
vt 0.528170 -0.584435
vt 0.544271 -0.584435
vt 0.528170 -0.722078
vt 0.544271 -0.722078
vt 0.528170 -0.859721
vt 0.544271 -0.859721
vt 0.528170 -0.997364
vt 0.544271 -0.997364
vt 0.488009 0.929639
vt 0.488009 1.067282
vt 0.528170 -1.135007
vt 0.544271 -1.135007
vt 0.488009 0.791996
vt 0.488009 0.654353
vt 0.488010 0.516710
vt 0.488010 0.379067
vt 0.488010 0.241424
vt 0.488010 0.103781
vt 0.488010 -0.033862
vt 0.488010 -0.171506
vt 0.488010 -0.309148
vt 0.488010 -0.446792
vt 0.488010 -0.584435
vt 0.488010 -0.722078
vt 0.488010 -0.859721
vt 0.488010 -0.997364
vt 0.506743 1.067282
vt 0.506743 0.929639
vt 0.509912 0.929639
vt 0.509912 1.067282
vt 0.506743 0.791996
vt 0.509912 0.791996
vt 0.506743 0.654353
vt 0.509912 0.654353
vt 0.506743 0.516710
vt 0.509912 0.516710
vt 0.506743 0.379067
vt 0.509912 0.379067
vt 0.506743 0.241424
vt 0.509912 0.241424
vt 0.506743 0.103781
vt 0.509912 0.103781
vt 0.506743 -0.033862
vt 0.509912 -0.033862
vt 0.506743 -0.171506
vt 0.509912 -0.171506
vt 0.506743 -0.309148
vt 0.509912 -0.309148
vt 0.506743 -0.446791
vt 0.509912 -0.446791
vt 0.506743 -0.584435
vt 0.509912 -0.584435
vt 0.506743 -0.722078
vt 0.509912 -0.722078
vt 0.506743 -0.859721
vt 0.509912 -0.859721
vt 0.528170 1.067282
vt 0.544270 1.067282
vt 0.567528 0.929639
vt 0.567528 1.067282
vt 0.567528 0.791996
vt 0.567528 0.654353
vt 0.567528 0.516710
vt 0.567528 0.379067
vt 0.567528 0.241424
vt 0.567528 0.103781
vt 0.567528 -0.033862
vt 0.567528 -0.171506
vt 0.567528 -0.309148
vt 0.567528 -0.446791
vt 0.567528 -0.584435
vt 0.567528 -0.722078
vt 0.567528 -0.859721
vt 0.567528 -0.997364
vt 0.567528 -1.135007
vt 0.590380 0.929639
vt 0.590380 1.067282
vt 0.590380 0.791996
vt 0.590380 0.654353
vt 0.590380 0.516710
vt 0.590380 0.379067
vt 0.590380 0.241424
vt 0.590380 0.103781
vt 0.590380 -0.033862
vt 0.590380 -0.171506
vt 0.590380 -0.309148
vt 0.590380 -0.446791
vt 0.590380 -0.584435
vt 0.590380 -0.722078
vt 0.590380 -0.859721
vt 0.590380 -0.997364
vt 0.590380 -1.135007
vt 0.612920 0.929639
vt 0.612920 1.067282
vt 0.612920 0.791996
vt 0.612920 0.654353
vt 0.612920 0.516710
vt 0.612920 0.379067
vt 0.612920 0.241424
vt 0.612920 0.103781
vt 0.612920 -0.033862
vt 0.612920 -0.171506
vt 0.612920 -0.309148
vt 0.612920 -0.446791
vt 0.612920 -0.584435
vt 0.612920 -0.722078
vt 0.612920 -0.859721
vt 0.612920 -0.997364
vt 0.612920 -1.135007
vt 0.635232 0.929639
vt 0.635231 1.067282
vt 0.635232 0.791996
vt 0.635232 0.654353
vt 0.635232 0.516710
vt 0.635232 0.379067
vt 0.635232 0.241424
vt 0.635232 0.103781
vt 0.635232 -0.033862
vt 0.635232 -0.171506
vt 0.635232 -0.309148
vt 0.635232 -0.446791
vt 0.635232 -0.584435
vt 0.635232 -0.722078
vt 0.635232 -0.859721
vt 0.635232 -0.997364
vt 0.635232 -1.135007
vt 0.657393 0.929639
vt 0.657393 1.067282
vt 0.657393 0.791996
vt 0.657393 0.654353
vt 0.657393 0.516710
vt 0.657393 0.379067
vt 0.657393 0.241424
vt 0.657393 0.103781
vt 0.657393 -0.033862
vt 0.657393 -0.171506
vt 0.657393 -0.309148
vt 0.657393 -0.446791
vt 0.657393 -0.584435
vt 0.657393 -0.722078
vt 0.657393 -0.859721
vt 0.657393 -0.997364
vt 0.657393 -1.135007
vt 0.679475 0.929639
vt 0.679475 1.067282
vt 0.679475 0.791996
vt 0.679475 0.654353
vt 0.679475 0.516710
vt 0.679475 0.379067
vt 0.679475 0.241424
vt 0.679475 0.103781
vt 0.679475 -0.033862
vt 0.679475 -0.171506
vt 0.679475 -0.309148
vt 0.679475 -0.446791
vt 0.679475 -0.584435
vt 0.679475 -0.722078
vt 0.679475 -0.859721
vt 0.679475 -0.997364
vt 0.679475 -1.135007
vt 0.701543 0.929639
vt 0.701543 1.067282
vt 0.701543 0.791996
vt 0.701543 0.654353
vt 0.701543 0.516710
vt 0.701543 0.379067
vt 0.701543 0.241424
vt 0.701543 0.103781
vt 0.701543 -0.033862
vt 0.701543 -0.171506
vt 0.701544 -0.309148
vt 0.701544 -0.446791
vt 0.701543 -0.584435
vt 0.701544 -0.722078
vt 0.701544 -0.859721
vt 0.701543 -0.997364
vt 0.701544 -1.135007
vt 0.723655 0.929639
vt 0.723655 1.067282
vt 0.723655 0.791996
vt 0.723655 0.654353
vt 0.723655 0.516710
vt 0.723655 0.379067
vt 0.723655 0.241424
vt 0.723655 0.103781
vt 0.723655 -0.033862
vt 0.723655 -0.171506
vt 0.723655 -0.309148
vt 0.723655 -0.446791
vt 0.723655 -0.584435
vt 0.723655 -0.722078
vt 0.723655 -0.859721
vt 0.723655 -0.997364
vt 0.723655 -1.135007
vt 0.745862 0.929639
vt 0.745862 1.067282
vt 0.745862 0.791996
vt 0.745862 0.654353
vt 0.745862 0.516710
vt 0.745862 0.379067
vt 0.745862 0.241424
vt 0.745862 0.103781
vt 0.745862 -0.033862
vt 0.745862 -0.171506
vt 0.745862 -0.309148
vt 0.745862 -0.446791
vt 0.745862 -0.584435
vt 0.745862 -0.722078
vt 0.745862 -0.859721
vt 0.745862 -0.997364
vt 0.745862 -1.135007
vt 0.768207 0.929639
vt 0.768207 1.067282
vt 0.768207 0.791996
vt 0.768207 0.654353
vt 0.768207 0.516710
vt 0.768207 0.379067
vt 0.768207 0.241424
vt 0.768207 0.103781
vt 0.768207 -0.033862
vt 0.768207 -0.171506
vt 0.768207 -0.309148
vt 0.768207 -0.446791
vt 0.768207 -0.584435
vt 0.768207 -0.722078
vt 0.768207 -0.859721
vt 0.768207 -0.997364
vt 0.768207 -1.135007
vt 0.790730 0.929639
vt 0.790730 1.067282
vt 0.790730 0.791996
vt 0.790730 0.654353
vt 0.790730 0.516710
vt 0.790730 0.379067
vt 0.790730 0.241424
vt 0.790730 0.103781
vt 0.790730 -0.033862
vt 0.790730 -0.171506
vt 0.790730 -0.309148
vt 0.790730 -0.446791
vt 0.790730 -0.584435
vt 0.790730 -0.722078
vt 0.790730 -0.859721
vt 0.790730 -0.997364
vt 0.790730 -1.135007
vt 0.813461 0.929639
vt 0.813461 1.067282
vt 0.813461 0.791996
vt 0.813461 0.654353
vt 0.813461 0.516710
vt 0.813461 0.379067
vt 0.813461 0.241424
vt 0.813461 0.103781
vt 0.813461 -0.033862
vt 0.813461 -0.171506
vt 0.813461 -0.309148
vt 0.813461 -0.446791
vt 0.813461 -0.584435
vt 0.813461 -0.722078
vt 0.813461 -0.859721
vt 0.813461 -0.997364
vt 0.813461 -1.135007
vt 0.836423 0.929639
vt 0.836423 1.067282
vt 0.836423 0.791996
vt 0.836423 0.654353
vt 0.836423 0.516710
vt 0.836424 0.379067
vt 0.836423 0.241424
vt 0.836423 0.103781
vt 0.836423 -0.033862
vt 0.836423 -0.171506
vt 0.836424 -0.309148
vt 0.836424 -0.446791
vt 0.836424 -0.584435
vt 0.836424 -0.722078
vt 0.836424 -0.859721
vt 0.836424 -0.997364
vt 0.836424 -1.135007
vt 0.859636 0.929639
vt 0.859636 1.067282
vt 0.859636 0.791996
vt 0.859636 0.654353
vt 0.859636 0.516710
vt 0.859636 0.379067
vt 0.859636 0.241424
vt 0.859636 0.103781
vt 0.859636 -0.033862
vt 0.859636 -0.171506
vt 0.859636 -0.309148
vt 0.859636 -0.446791
vt 0.859636 -0.584435
vt 0.859636 -0.722078
vt 0.859636 -0.859721
vt 0.859636 -0.997364
vt 0.859636 -1.135007
vt 0.883110 0.929639
vt 0.883110 1.067282
vt 0.883110 0.791996
vt 0.883110 0.654353
vt 0.883110 0.516710
vt 0.883110 0.379067
vt 0.883110 0.241424
vt 0.883110 0.103781
vt 0.883110 -0.033862
vt 0.883110 -0.171506
vt 0.883110 -0.309148
vt 0.883110 -0.446791
vt 0.883110 -0.584435
vt 0.883110 -0.722078
vt 0.883110 -0.859721
vt 0.883110 -0.997364
vt 0.883110 -1.135007
vt 0.906848 0.929639
vt 0.906848 1.067282
vt 0.906848 0.791996
vt 0.906848 0.654353
vt 0.906848 0.516710
vt 0.906848 0.379067
vt 0.906848 0.241424
vt 0.906848 0.103781
vt 0.906848 -0.033862
vt 0.906848 -0.171506
vt 0.906848 -0.309148
vt 0.906848 -0.446791
vt 0.906848 -0.584435
vt 0.906848 -0.722078
vt 0.906848 -0.859721
vt 0.906848 -0.997364
vt 0.906848 -1.135007
vt 0.930849 0.929639
vt 0.930848 1.067282
vt 0.930849 0.791996
vt 0.930849 0.654353
vt 0.930849 0.516710
vt 0.930849 0.379067
vt 0.930849 0.241424
vt 0.930849 0.103781
vt 0.930849 -0.033862
vt 0.930849 -0.171506
vt 0.930849 -0.309148
vt 0.930849 -0.446791
vt 0.930849 -0.584435
vt 0.930849 -0.722078
vt 0.930849 -0.859721
vt 0.930849 -0.997364
vt 0.930849 -1.135007
vt 0.955102 0.929639
vt 0.955102 1.067282
vt 0.955102 0.791996
vt 0.955102 0.654353
vt 0.955102 0.516710
vt 0.955102 0.379067
vt 0.955102 0.241424
vt 0.955102 0.103781
vt 0.955102 -0.033862
vt 0.955102 -0.171506
vt 0.955102 -0.309148
vt 0.955102 -0.446791
vt 0.955102 -0.584435
vt 0.955102 -0.722078
vt 0.955102 -0.859721
vt 0.955102 -0.997364
vt 0.955102 -1.135007
vt 0.979593 0.929639
vt 0.979593 1.067282
vt 0.979593 0.791996
vt 0.979593 0.654353
vt 0.979593 0.516710
vt 0.979593 0.379067
vt 0.979593 0.241424
vt 0.979593 0.103781
vt 0.979593 -0.033862
vt 0.979593 -0.171506
vt 0.979593 -0.309148
vt 0.979593 -0.446791
vt 0.979593 -0.584435
vt 0.979593 -0.722078
vt 0.979593 -0.859721
vt 0.979593 -0.997364
vt 0.979593 -1.135007
vt 1.004298 0.929639
vt 1.004298 1.067282
vt 1.004298 0.791996
vt 1.004298 0.654353
vt 1.004298 0.516710
vt 1.004298 0.379067
vt 1.004298 0.241424
vt 1.004298 0.103781
vt 1.004298 -0.033862
vt 1.004298 -0.171506
vt 1.004298 -0.309148
vt 1.004298 -0.446791
vt 1.004298 -0.584435
vt 1.004298 -0.722078
vt 1.004298 -0.859721
vt 1.004298 -0.997364
vt 1.004298 -1.135007
vt 1.029188 0.929639
vt 1.029188 1.067282
vt 1.029188 0.791996
vt 1.029188 0.654353
vt 1.029188 0.516710
vt 1.029188 0.379067
vt 1.029188 0.241424
vt 1.029188 0.103781
vt 1.029188 -0.033862
vt 1.029188 -0.171506
vt 1.029188 -0.309148
vt 1.029188 -0.446791
vt 1.029188 -0.584435
vt 1.029188 -0.722078
vt 1.029188 -0.859721
vt 1.029188 -0.997364
vt 1.029188 -1.135007
vt 1.054227 0.929639
vt 1.054227 1.067282
vt 1.054227 0.791996
vt 1.054227 0.654353
vt 1.054227 0.516710
vt 1.054227 0.379067
vt 1.054227 0.241424
vt 1.054227 0.103781
vt 1.054227 -0.033862
vt 1.054227 -0.171506
vt 1.054227 -0.309148
vt 1.054227 -0.446791
vt 1.054227 -0.584435
vt 1.054227 -0.722078
vt 1.054227 -0.859721
vt 1.054227 -0.997364
vt 1.054227 -1.135007
vt 1.079372 0.929639
vt 1.079372 1.067282
vt 1.079372 0.791996
vt 1.079372 0.654353
vt 1.079372 0.516710
vt 1.079372 0.379067
vt 1.079372 0.241424
vt 1.079372 0.103781
vt 1.079372 -0.033862
vt 1.079372 -0.171506
vt 1.079372 -0.309148
vt 1.079372 -0.446791
vt 1.079372 -0.584435
vt 1.079372 -0.722078
vt 1.079372 -0.859721
vt 1.079372 -0.997364
vt 1.079372 -1.135007
vt 1.104573 0.929639
vt 1.104573 1.067282
vt 1.104573 0.791996
vt 1.104573 0.654353
vt 1.104573 0.516710
vt 1.104573 0.379067
vt 1.104573 0.241424
vt 1.104573 0.103781
vt 1.104573 -0.033862
vt 1.104573 -0.171506
vt 1.104573 -0.309148
vt 1.104573 -0.446791
vt 1.104573 -0.584435
vt 1.104573 -0.722078
vt 1.104573 -0.859721
vt 1.104573 -0.997364
vt 1.104573 -1.135007
vt 1.129775 0.929639
vt 1.129774 1.067282
vt 1.129775 0.791996
vt 1.129775 0.654353
vt 1.129775 0.516710
vt 1.129775 0.379067
vt 1.129775 0.241424
vt 1.129775 0.103781
vt 1.129775 -0.033862
vt 1.129775 -0.171506
vt 1.129775 -0.309148
vt 1.129775 -0.446791
vt 1.129775 -0.584435
vt 1.129775 -0.722078
vt 1.129775 -0.859721
vt 1.129775 -0.997364
vt 1.129775 -1.135007
vt 1.154913 0.929639
vt 1.154913 1.067282
vt 1.154913 0.791996
vt 1.154913 0.654353
vt 1.154913 0.516710
vt 1.154913 0.379067
vt 1.154913 0.241424
vt 1.154913 0.103781
vt 1.154913 -0.033862
vt 1.154913 -0.171506
vt 1.154913 -0.309148
vt 1.154913 -0.446791
vt 1.154913 -0.584435
vt 1.154913 -0.722078
vt 1.154913 -0.859721
vt 1.154913 -0.997364
vt 1.154913 -1.135007
vt 1.179919 0.929639
vt 1.179919 1.067282
vt 1.179919 0.791996
vt 1.179919 0.654353
vt 1.179919 0.516710
vt 1.179919 0.379067
vt 1.179919 0.241424
vt 1.179919 0.103781
vt 1.179919 -0.033862
vt 1.179919 -0.171506
vt 1.179919 -0.309148
vt 1.179919 -0.446791
vt 1.179919 -0.584435
vt 1.179919 -0.722078
vt 1.179919 -0.859721
vt 1.179919 -0.997364
vt 1.179919 -1.135007
vt 1.204715 0.929639
vt 1.204715 1.067282
vt 1.204715 0.791996
vt 1.204715 0.654353
vt 1.204715 0.516710
vt 1.204715 0.379067
vt 1.204715 0.241424
vt 1.204715 0.103781
vt 1.204715 -0.033862
vt 1.204715 -0.171506
vt 1.204715 -0.309148
vt 1.204715 -0.446791
vt 1.204715 -0.584435
vt 1.204715 -0.722078
vt 1.204715 -0.859721
vt 1.204715 -0.997364
vt 1.204715 -1.135007
vt 1.229220 0.929639
vt 1.229220 1.067282
vt 1.229220 0.791996
vt 1.229220 0.654353
vt 1.229220 0.516710
vt 1.229220 0.379067
vt 1.229220 0.241424
vt 1.229220 0.103781
vt 1.229220 -0.033862
vt 1.229220 -0.171506
vt 1.229220 -0.309148
vt 1.229220 -0.446791
vt 1.229220 -0.584435
vt 1.229220 -0.722078
vt 1.229220 -0.859721
vt 1.229220 -0.997364
vt 1.229220 -1.135007
vt 1.253343 0.929639
vt 1.253343 1.067282
vt 1.253343 0.791996
vt 1.253343 0.654353
vt 1.253343 0.516710
vt 1.253343 0.379067
vt 1.253343 0.241424
vt 1.253343 0.103781
vt 1.253343 -0.033862
vt 1.253343 -0.171506
vt 1.253343 -0.309148
vt 1.253343 -0.446791
vt 1.253343 -0.584435
vt 1.253343 -0.722078
vt 1.253343 -0.859721
vt 1.253343 -0.997364
vt 1.253343 -1.135007
vt 1.276986 0.929639
vt 1.276986 1.067282
vt 1.276986 0.791996
vt 1.276986 0.654353
vt 1.276986 0.516710
vt 1.276986 0.379067
vt 1.276986 0.241424
vt 1.276986 0.103781
vt 1.276986 -0.033862
vt 1.276986 -0.171506
vt 1.276986 -0.309148
vt 1.276987 -0.446791
vt 1.276987 -0.584435
vt 1.276987 -0.722078
vt 1.276987 -0.859721
vt 1.276987 -0.997364
vt 1.276987 -1.135007
vt 1.300048 0.929639
vt 1.300048 1.067282
vt 1.300048 0.791996
vt 1.300048 0.654353
vt 1.300048 0.516710
vt 1.300048 0.379067
vt 1.300048 0.241424
vt 1.300048 0.103781
vt 1.300048 -0.033862
vt 1.300048 -0.171506
vt 1.300048 -0.309148
vt 1.300049 -0.446791
vt 1.300049 -0.584435
vt 1.300049 -0.722078
vt 1.300049 -0.859721
vt 1.300049 -0.997364
vt 1.300049 -1.135007
vt 1.322419 0.929639
vt 1.322419 1.067282
vt 1.322419 0.791996
vt 1.322419 0.654353
vt 1.322419 0.516710
vt 1.322419 0.379067
vt 1.322419 0.241424
vt 1.322419 0.103781
vt 1.322419 -0.033862
vt 1.322419 -0.171506
vt 1.322419 -0.309148
vt 1.322419 -0.446791
vt 1.322419 -0.584435
vt 1.322419 -0.722078
vt 1.322419 -0.859721
vt 1.322419 -0.997364
vt 1.322419 -1.135007
vt 1.343980 1.067282
vt 1.343980 0.929639
vt 1.343980 0.791996
vt 1.343980 0.654353
vt 1.343980 0.516710
vt 1.343980 0.379067
vt 1.343980 0.241424
vt 1.343980 0.103781
vt 1.343980 -0.033862
vt 1.343980 -0.171506
vt 1.343980 -0.309148
vt 1.343980 -0.446791
vt 1.343980 -0.584435
vt 1.343980 -0.722078
vt 1.343980 -0.859721
vt 1.343980 -0.997364
vt 1.343980 -1.135007
vt 1.330038 0.791996
vt 1.330038 0.929639
vt 1.330038 0.654353
vt 1.330038 0.516710
vt 1.330038 0.379067
vt 1.330038 0.241424
vt 1.330038 0.103781
vt 1.330038 -0.033862
vt 1.330038 -0.171506
vt 1.330038 -0.309148
vt 1.330038 -0.446792
vt 1.330038 -0.584435
vt 1.330038 -0.722078
vt 1.330038 -0.859721
vt 1.330038 -0.997364
vt 1.330038 1.067282
vt 1.343980 -0.722078
vt 1.343980 -0.584435
vt 1.343980 1.066927
vt 1.343980 0.929639
vt 1.343980 1.065896
vt 1.343980 0.929639
vt 1.339687 1.066427
vt 1.339687 0.929639
vt 1.334719 1.067061
vt 1.334719 0.929639
vt 1.343980 0.791996
vt 1.343980 0.791996
vt 1.339687 0.791996
vt 1.334719 0.791996
vt 1.343980 0.654353
vt 1.343980 0.654353
vt 1.339687 0.654353
vt 1.334719 0.654353
vt 1.343980 0.516710
vt 1.343980 0.516710
vt 1.339687 0.516710
vt 1.334719 0.516710
vt 1.343980 0.379067
vt 1.343980 0.379067
vt 1.339687 0.379067
vt 1.334719 0.379067
vt 1.343980 0.241424
vt 1.343980 0.241424
vt 1.339687 0.241424
vt 1.334719 0.241424
vt 1.343980 0.103781
vt 1.343980 0.103781
vt 1.339687 0.103781
vt 1.334719 0.103781
vt 1.343980 -0.033862
vt 1.343980 -0.033862
vt 1.339687 -0.033862
vt 1.334719 -0.033862
vt 1.343980 -0.171506
vt 1.343980 -0.171506
vt 1.339687 -0.171506
vt 1.334719 -0.171506
vt 1.343980 -0.309148
vt 1.343980 -0.309148
vt 1.339687 -0.309148
vt 1.334719 -0.309148
vt 1.343980 -0.446791
vt 1.343980 -0.446792
vt 1.339687 -0.446791
vt 1.334719 -0.446791
vt 1.343980 -0.584435
vt 1.343980 -0.584435
vt 1.339687 -0.584435
vt 1.334719 -0.584435
vt 1.343980 -0.722078
vt 1.343980 -0.722078
vt 1.339687 -0.722078
vt 1.334719 -0.722078
vt 1.343980 -0.859721
vt 1.343980 -0.859720
vt 1.339687 -0.859721
vt 1.334719 -0.859721
vt 1.343980 -0.997364
vt 1.343980 -0.997364
vt 1.339687 -0.997364
vt 1.334719 -0.997364
vt 1.343980 -1.134652
vt 1.343980 -1.133620
vt 1.339687 -1.134151
vt 1.334719 -1.134785
vt 1.330038 -1.135007
vt 0.503081 1.067074
vt 0.503081 0.929639
vt 0.499004 1.066466
vt 0.499004 0.929639
vt 0.493948 1.066885
vt 0.493948 0.929639
vt 0.490820 1.067178
vt 0.490820 0.929639
vt 0.525525 1.067064
vt 0.525526 0.929639
vt 0.522585 1.066433
vt 0.522585 0.929639
vt 0.517640 1.066479
vt 0.517640 0.929639
vt 0.513571 1.067075
vt 0.513571 0.929639
vt 0.503081 0.791996
vt 0.499004 0.791996
vt 0.493948 0.791996
vt 0.490820 0.791996
vt 0.525526 0.791996
vt 0.522585 0.791996
vt 0.517640 0.791996
vt 0.513571 0.791996
vt 0.503081 0.654353
vt 0.499004 0.654353
vt 0.493948 0.654353
vt 0.490820 0.654353
vt 0.525526 0.654353
vt 0.522585 0.654353
vt 0.517640 0.654353
vt 0.513571 0.654353
vt 0.503081 0.516710
vt 0.499004 0.516710
vt 0.493948 0.516710
vt 0.490820 0.516710
vt 0.525525 0.516710
vt 0.522585 0.516710
vt 0.517640 0.516710
vt 0.513571 0.516710
vt 0.503081 0.379067
vt 0.499004 0.379067
vt 0.493948 0.379067
vt 0.490820 0.379067
vt 0.525526 0.379067
vt 0.522585 0.379067
vt 0.517640 0.379067
vt 0.513571 0.379067
vt 0.503081 0.241424
vt 0.499004 0.241424
vt 0.493948 0.241424
vt 0.490820 0.241424
vt 0.525526 0.241424
vt 0.522585 0.241424
vt 0.517640 0.241424
vt 0.513571 0.241424
vt 0.503081 0.103781
vt 0.499004 0.103781
vt 0.493948 0.103781
vt 0.490820 0.103781
vt 0.525526 0.103781
vt 0.522585 0.103781
vt 0.517640 0.103781
vt 0.513571 0.103781
vt 0.503081 -0.033862
vt 0.499004 -0.033862
vt 0.493948 -0.033862
vt 0.490820 -0.033862
vt 0.525526 -0.033862
vt 0.522585 -0.033862
vt 0.517640 -0.033862
vt 0.513571 -0.033862
vt 0.503081 -0.171506
vt 0.499004 -0.171506
vt 0.493948 -0.171506
vt 0.490820 -0.171506
vt 0.525526 -0.171505
vt 0.522585 -0.171506
vt 0.517640 -0.171505
vt 0.513571 -0.171506
vt 0.503081 -0.309148
vt 0.499004 -0.309148
vt 0.493948 -0.309148
vt 0.490820 -0.309148
vt 0.525526 -0.309148
vt 0.522585 -0.309148
vt 0.517640 -0.309148
vt 0.513571 -0.309148
vt 0.503081 -0.446791
vt 0.499004 -0.446791
vt 0.493948 -0.446791
vt 0.490820 -0.446792
vt 0.525526 -0.446791
vt 0.522585 -0.446791
vt 0.517640 -0.446791
vt 0.513571 -0.446791
vt 0.503081 -0.584435
vt 0.499004 -0.584435
vt 0.493948 -0.584435
vt 0.490820 -0.584435
vt 0.525526 -0.584435
vt 0.522585 -0.584435
vt 0.517640 -0.584435
vt 0.513571 -0.584435
vt 0.503081 -0.722078
vt 0.499004 -0.722078
vt 0.493948 -0.722078
vt 0.490820 -0.722078
vt 0.525526 -0.722078
vt 0.522585 -0.722078
vt 0.517640 -0.722078
vt 0.513571 -0.722078
vt 0.503081 -0.859721
vt 0.499004 -0.859721
vt 0.493948 -0.859720
vt 0.490820 -0.859721
vt 0.525526 -0.859721
vt 0.522586 -0.859721
vt 0.517640 -0.859721
vt 0.513571 -0.859721
vt 0.503081 -0.997364
vt 0.499004 -0.997364
vt 0.493948 -0.997364
vt 0.490820 -0.997364
vt 0.525526 -0.997364
vt 0.522586 -0.997364
vt 0.517640 -0.997364
vt 0.513571 -0.997364
vt 0.503081 -1.134799
vt 0.499004 -1.134191
vt 0.493948 -1.134610
vt 0.490820 -1.134903
vt 0.488010 -1.135007
vt 0.525526 -1.134789
vt 0.522586 -1.134158
vt 0.517640 -1.134204
vt 0.513571 -1.134800
vt 1.343980 -0.446791
vt 1.343980 -0.309148
vt 1.343980 -0.171506
vt 1.343980 -0.033862
vt 1.343980 0.103781
vt 1.343980 0.241424
vt 1.343980 0.379067
vt 1.343980 0.516710
vt 1.343980 0.654353
vt 1.343980 0.791996
vt 1.343980 0.929639
vt 1.343980 1.067282
vt 1.343980 -1.135007
vt 1.343980 -0.997364
vt 1.343980 -0.859721
vn -0.0000 1.0000 0.0000
vn -0.5165 0.5847 -0.6256
vn -0.5863 0.3896 -0.7102
vn -0.2699 0.3896 -0.8805
vn -0.2378 0.5847 -0.7756
vn 0.0876 0.3896 -0.9168
vn 0.0772 0.5847 -0.8076
vn 0.4318 0.3896 -0.8135
vn 0.3803 0.5847 -0.7166
vn 0.7102 0.3896 -0.5863
vn 0.6256 0.5847 -0.5165
vn 0.8805 0.3896 -0.2699
vn 0.7756 0.5847 -0.2378
vn 0.9168 0.3896 0.0876
vn 0.8076 0.5847 0.0772
vn 0.8135 0.3896 0.4318
vn 0.7166 0.5847 0.3803
vn 0.5863 0.3896 0.7102
vn 0.5165 0.5847 0.6256
vn 0.2699 0.3896 0.8805
vn 0.2378 0.5847 0.7756
vn -0.0876 0.3896 0.9168
vn -0.0772 0.5847 0.8076
vn -0.4318 0.3896 0.8135
vn -0.3803 0.5847 0.7166
vn -0.7102 0.3896 0.5863
vn -0.6256 0.5847 0.5165
vn -0.8805 0.3896 0.2699
vn -0.7756 0.5847 0.2378
vn -0.9168 0.3896 -0.0876
vn -0.8076 0.5847 -0.0772
vn -0.8135 0.3896 -0.4318
vn -0.7166 0.5847 -0.3803
vn -0.6170 0.2467 -0.7473
vn -0.2840 0.2467 -0.9265
vn 0.0922 0.2467 -0.9647
vn 0.4543 0.2467 -0.8560
vn 0.7473 0.2467 -0.6170
vn 0.9265 0.2467 -0.2840
vn 0.9647 0.2467 0.0922
vn 0.8560 0.2467 0.4543
vn 0.6170 0.2467 0.7473
vn 0.2840 0.2467 0.9265
vn -0.0922 0.2467 0.9647
vn -0.4543 0.2467 0.8560
vn -0.7473 0.2467 0.6170
vn -0.9265 0.2467 0.2840
vn -0.9647 0.2467 -0.0922
vn -0.8560 0.2467 -0.4543
vn -0.6127 0.2719 -0.7421
vn -0.2820 0.2719 -0.9201
vn 0.0915 0.2719 -0.9580
vn 0.4512 0.2719 -0.8500
vn 0.7421 0.2719 -0.6127
vn 0.9201 0.2719 -0.2820
vn 0.9580 0.2719 0.0915
vn 0.8500 0.2719 0.4512
vn 0.6127 0.2719 0.7421
vn 0.2820 0.2719 0.9201
vn -0.0915 0.2719 0.9580
vn -0.4512 0.2719 0.8500
vn -0.7421 0.2719 0.6127
vn -0.9201 0.2719 0.2821
vn -0.9580 0.2719 -0.0915
vn -0.8500 0.2719 -0.4512
vn -0.6325 0.1140 -0.7661
vn -0.2912 0.1140 -0.9499
vn 0.0945 0.1140 -0.9890
vn 0.4658 0.1140 -0.8775
vn 0.7661 0.1140 -0.6325
vn 0.9499 0.1140 -0.2912
vn 0.9890 0.1140 0.0945
vn 0.8775 0.1140 0.4658
vn 0.6325 0.1140 0.7661
vn 0.2912 0.1140 0.9499
vn -0.0945 0.1140 0.9890
vn -0.4658 0.1140 0.8775
vn -0.7661 0.1140 0.6325
vn -0.9499 0.1140 0.2912
vn -0.9890 0.1140 -0.0945
vn -0.8775 0.1140 -0.4658
vn -0.6360 -0.0449 -0.7704
vn -0.2928 -0.0449 -0.9551
vn 0.0950 -0.0449 -0.9945
vn 0.4683 -0.0449 -0.8824
vn 0.7704 -0.0449 -0.6360
vn 0.9551 -0.0449 -0.2928
vn 0.9945 -0.0449 0.0950
vn 0.8824 -0.0449 0.4683
vn 0.6360 -0.0449 0.7704
vn 0.2928 -0.0449 0.9551
vn -0.0950 -0.0449 0.9945
vn -0.4683 -0.0449 0.8824
vn -0.7704 -0.0449 0.6360
vn -0.9551 -0.0449 0.2928
vn -0.9945 -0.0449 -0.0950
vn -0.8824 -0.0449 -0.4683
vn -0.6250 -0.1905 -0.7570
vn -0.2877 -0.1905 -0.9386
vn 0.0934 -0.1905 -0.9772
vn 0.4602 -0.1905 -0.8671
vn 0.7570 -0.1905 -0.6250
vn 0.9386 -0.1905 -0.2877
vn 0.9772 -0.1905 0.0934
vn 0.8671 -0.1905 0.4602
vn 0.6250 -0.1905 0.7570
vn 0.2877 -0.1905 0.9386
vn -0.0934 -0.1905 0.9772
vn -0.4602 -0.1905 0.8671
vn -0.7570 -0.1905 0.6250
vn -0.9386 -0.1905 0.2877
vn -0.9772 -0.1905 -0.0934
vn -0.8671 -0.1905 -0.4602
vn -0.6045 -0.3136 -0.7323
vn -0.2783 -0.3136 -0.9079
vn 0.0903 -0.3136 -0.9453
vn 0.4452 -0.3136 -0.8388
vn 0.7323 -0.3136 -0.6045
vn 0.9079 -0.3136 -0.2783
vn 0.9453 -0.3136 0.0903
vn 0.8388 -0.3136 0.4452
vn 0.6045 -0.3136 0.7323
vn 0.2783 -0.3136 0.9079
vn -0.0903 -0.3136 0.9453
vn -0.4452 -0.3136 0.8388
vn -0.7323 -0.3136 0.6045
vn -0.9079 -0.3136 0.2783
vn -0.9453 -0.3136 -0.0903
vn -0.8388 -0.3136 -0.4452
vn -0.5804 -0.4112 -0.7029
vn -0.2672 -0.4112 -0.8715
vn 0.0867 -0.4112 -0.9074
vn 0.4273 -0.4112 -0.8052
vn 0.7029 -0.4112 -0.5804
vn 0.8715 -0.4112 -0.2672
vn 0.9074 -0.4112 0.0867
vn 0.8052 -0.4112 0.4273
vn 0.5804 -0.4112 0.7029
vn 0.2672 -0.4112 0.8715
vn -0.0867 -0.4112 0.9074
vn -0.4273 -0.4112 0.8052
vn -0.7029 -0.4112 0.5804
vn -0.8715 -0.4112 0.2672
vn -0.9074 -0.4112 -0.0867
vn -0.8052 -0.4112 -0.4273
vn -0.5568 -0.4848 -0.6744
vn -0.2563 -0.4848 -0.8362
vn 0.0832 -0.4848 -0.8706
vn 0.4100 -0.4848 -0.7725
vn 0.6744 -0.4848 -0.5568
vn 0.8362 -0.4848 -0.2563
vn 0.8706 -0.4848 0.0832
vn 0.7725 -0.4848 0.4100
vn 0.5568 -0.4848 0.6744
vn 0.2563 -0.4849 0.8362
vn -0.0832 -0.4848 0.8706
vn -0.4100 -0.4848 0.7725
vn -0.6744 -0.4848 0.5568
vn -0.8362 -0.4848 0.2563
vn -0.8706 -0.4848 -0.0832
vn -0.7725 -0.4848 -0.4100
vn -0.5367 -0.5380 -0.6500
vn -0.2471 -0.5380 -0.8059
vn 0.0802 -0.5380 -0.8391
vn 0.3952 -0.5380 -0.7446
vn 0.6500 -0.5380 -0.5367
vn 0.8059 -0.5380 -0.2471
vn 0.8391 -0.5380 0.0802
vn 0.7446 -0.5380 0.3952
vn 0.5367 -0.5380 0.6500
vn 0.2471 -0.5380 0.8059
vn -0.0802 -0.5380 0.8391
vn -0.3952 -0.5380 0.7446
vn -0.6500 -0.5380 0.5367
vn -0.8059 -0.5380 0.2471
vn -0.8391 -0.5380 -0.0802
vn -0.7446 -0.5380 -0.3952
vn -0.5212 -0.5743 -0.6313
vn -0.2399 -0.5743 -0.7827
vn 0.0779 -0.5743 -0.8150
vn 0.3838 -0.5743 -0.7231
vn 0.6313 -0.5743 -0.5212
vn 0.7827 -0.5743 -0.2399
vn 0.8150 -0.5743 0.0779
vn 0.7231 -0.5743 0.3838
vn 0.5212 -0.5743 0.6313
vn 0.2399 -0.5743 0.7827
vn -0.0779 -0.5743 0.8150
vn -0.3838 -0.5743 0.7231
vn -0.6313 -0.5743 0.5212
vn -0.7827 -0.5743 0.2399
vn -0.8150 -0.5743 -0.0779
vn -0.7231 -0.5743 -0.3838
vn -0.5111 -0.5964 -0.6190
vn -0.2353 -0.5964 -0.7675
vn 0.0763 -0.5964 -0.7991
vn 0.3763 -0.5964 -0.7090
vn 0.6190 -0.5964 -0.5111
vn 0.7675 -0.5964 -0.2353
vn 0.7991 -0.5964 0.0763
vn 0.7090 -0.5964 0.3763
vn 0.5111 -0.5964 0.6190
vn 0.2353 -0.5964 0.7675
vn -0.0763 -0.5964 0.7991
vn -0.3763 -0.5964 0.7090
vn -0.6190 -0.5964 0.5111
vn -0.7675 -0.5964 0.2353
vn -0.7991 -0.5964 -0.0763
vn -0.7090 -0.5964 -0.3763
vn -0.5063 -0.6063 -0.6132
vn -0.2331 -0.6063 -0.7603
vn 0.0756 -0.6063 -0.7916
vn 0.3728 -0.6063 -0.7024
vn 0.6132 -0.6063 -0.5063
vn 0.7603 -0.6063 -0.2331
vn 0.7916 -0.6063 0.0756
vn 0.7024 -0.6063 0.3728
vn 0.5063 -0.6063 0.6132
vn 0.2331 -0.6063 0.7603
vn -0.0756 -0.6063 0.7916
vn -0.3728 -0.6063 0.7024
vn -0.6132 -0.6063 0.5063
vn -0.7603 -0.6063 0.2331
vn -0.7916 -0.6063 -0.0756
vn -0.7024 -0.6063 -0.3728
vn -0.5068 -0.6053 -0.6138
vn -0.2333 -0.6053 -0.7610
vn 0.0757 -0.6053 -0.7924
vn 0.3732 -0.6053 -0.7031
vn 0.6138 -0.6053 -0.5068
vn 0.7610 -0.6053 -0.2333
vn 0.7924 -0.6053 0.0757
vn 0.7031 -0.6053 0.3732
vn 0.5068 -0.6053 0.6138
vn 0.2333 -0.6053 0.7610
vn -0.0757 -0.6053 0.7924
vn -0.3732 -0.6053 0.7031
vn -0.6138 -0.6053 0.5068
vn -0.7610 -0.6053 0.2333
vn -0.7924 -0.6053 -0.0757
vn -0.7031 -0.6053 -0.3732
vn -0.5123 -0.5938 -0.6205
vn -0.2358 -0.5938 -0.7693
vn 0.0765 -0.5938 -0.8010
vn 0.3772 -0.5938 -0.7107
vn 0.6205 -0.5938 -0.5123
vn 0.7693 -0.5938 -0.2358
vn 0.8010 -0.5938 0.0765
vn 0.7107 -0.5938 0.3772
vn 0.5123 -0.5938 0.6205
vn 0.2358 -0.5938 0.7693
vn -0.0765 -0.5938 0.8010
vn -0.3772 -0.5938 0.7107
vn -0.6205 -0.5938 0.5123
vn -0.7693 -0.5938 0.2358
vn -0.8010 -0.5938 -0.0765
vn -0.7107 -0.5938 -0.3772
vn -0.5225 -0.5715 -0.6328
vn -0.2405 -0.5715 -0.7846
vn 0.0780 -0.5715 -0.8169
vn 0.3847 -0.5715 -0.7249
vn 0.6328 -0.5715 -0.5225
vn 0.7846 -0.5715 -0.2405
vn 0.8169 -0.5715 0.0780
vn 0.7249 -0.5715 0.3847
vn 0.5225 -0.5715 0.6328
vn 0.2405 -0.5715 0.7846
vn -0.0780 -0.5715 0.8169
vn -0.3847 -0.5715 0.7249
vn -0.6328 -0.5715 0.5225
vn -0.7846 -0.5715 0.2405
vn -0.8169 -0.5715 -0.0780
vn -0.7249 -0.5715 -0.3847
vn -0.5368 -0.5378 -0.6501
vn -0.2471 -0.5378 -0.8061
vn 0.0802 -0.5378 -0.8393
vn 0.3952 -0.5378 -0.7447
vn 0.6501 -0.5378 -0.5368
vn 0.8061 -0.5378 -0.2471
vn 0.8393 -0.5378 0.0802
vn 0.7447 -0.5378 0.3952
vn 0.5368 -0.5378 0.6501
vn 0.2471 -0.5378 0.8061
vn -0.0802 -0.5378 0.8393
vn -0.3952 -0.5378 0.7447
vn -0.6501 -0.5378 0.5368
vn -0.8061 -0.5378 0.2471
vn -0.8393 -0.5378 -0.0802
vn -0.7447 -0.5378 -0.3952
vn -0.5543 -0.4918 -0.6714
vn -0.2552 -0.4918 -0.8324
vn 0.0828 -0.4918 -0.8667
vn 0.4082 -0.4918 -0.7691
vn 0.6714 -0.4918 -0.5543
vn 0.8324 -0.4918 -0.2552
vn 0.8667 -0.4918 0.0828
vn 0.7691 -0.4918 0.4082
vn 0.5543 -0.4918 0.6714
vn 0.2552 -0.4918 0.8324
vn -0.0828 -0.4918 0.8667
vn -0.4082 -0.4918 0.7691
vn -0.6714 -0.4918 0.5543
vn -0.8324 -0.4918 0.2552
vn -0.8667 -0.4918 -0.0828
vn -0.7691 -0.4918 -0.4082
vn -0.5739 -0.4328 -0.6952
vn -0.2642 -0.4328 -0.8619
vn 0.0857 -0.4328 -0.8974
vn 0.4226 -0.4328 -0.7963
vn 0.6952 -0.4328 -0.5739
vn 0.8619 -0.4328 -0.2642
vn 0.8974 -0.4328 0.0857
vn 0.7963 -0.4328 0.4226
vn 0.5739 -0.4328 0.6952
vn 0.2642 -0.4328 0.8619
vn -0.0857 -0.4328 0.8974
vn -0.4226 -0.4328 0.7963
vn -0.6952 -0.4328 0.5739
vn -0.8619 -0.4328 0.2642
vn -0.8974 -0.4328 -0.0857
vn -0.7963 -0.4328 -0.4226
vn -0.5938 -0.3605 -0.7193
vn -0.2734 -0.3605 -0.8918
vn 0.0887 -0.3605 -0.9285
vn 0.4373 -0.3605 -0.8239
vn 0.7193 -0.3605 -0.5938
vn 0.8918 -0.3605 -0.2734
vn 0.9285 -0.3605 0.0887
vn 0.8239 -0.3605 0.4373
vn 0.5938 -0.3605 0.7193
vn 0.2734 -0.3605 0.8918
vn -0.0887 -0.3605 0.9285
vn -0.4373 -0.3605 0.8239
vn -0.7193 -0.3605 0.5938
vn -0.8918 -0.3605 0.2734
vn -0.9285 -0.3605 -0.0887
vn -0.8239 -0.3605 -0.4373
vn -0.6120 -0.2757 -0.7413
vn -0.2817 -0.2757 -0.9190
vn 0.0914 -0.2757 -0.9569
vn 0.4506 -0.2757 -0.8491
vn 0.7413 -0.2757 -0.6120
vn 0.9190 -0.2757 -0.2817
vn 0.9569 -0.2757 0.0914
vn 0.8491 -0.2757 0.4506
vn 0.6120 -0.2757 0.7413
vn 0.2817 -0.2757 0.9190
vn -0.0914 -0.2757 0.9569
vn -0.4506 -0.2757 0.8491
vn -0.7413 -0.2757 0.6120
vn -0.9190 -0.2757 0.2817
vn -0.9569 -0.2757 -0.0914
vn -0.8491 -0.2757 -0.4506
vn -0.6262 -0.1809 -0.7584
vn -0.2883 -0.1809 -0.9403
vn 0.0935 -0.1809 -0.9790
vn 0.4611 -0.1809 -0.8687
vn 0.7584 -0.1809 -0.6262
vn 0.9403 -0.1809 -0.2883
vn 0.9790 -0.1809 0.0935
vn 0.8687 -0.1809 0.4611
vn 0.6262 -0.1809 0.7584
vn 0.2883 -0.1809 0.9403
vn -0.0935 -0.1809 0.9790
vn -0.4611 -0.1809 0.8687
vn -0.7584 -0.1809 0.6262
vn -0.9403 -0.1809 0.2883
vn -0.9790 -0.1809 -0.0935
vn -0.8687 -0.1809 -0.4611
vn -0.6346 -0.0801 -0.7687
vn -0.2921 -0.0801 -0.9530
vn 0.0948 -0.0801 -0.9923
vn 0.4673 -0.0801 -0.8805
vn 0.7687 -0.0801 -0.6346
vn 0.9530 -0.0801 -0.2921
vn 0.9923 -0.0801 0.0948
vn 0.8805 -0.0801 0.4673
vn 0.6346 -0.0801 0.7687
vn 0.2921 -0.0801 0.9530
vn -0.0948 -0.0801 0.9923
vn -0.4673 -0.0801 0.8805
vn -0.7687 -0.0801 0.6346
vn -0.9530 -0.0801 0.2921
vn -0.9923 -0.0801 -0.0948
vn -0.8805 -0.0801 -0.4673
vn -0.6365 0.0214 -0.7710
vn -0.2930 0.0214 -0.9559
vn 0.0951 0.0214 -0.9952
vn 0.4687 0.0214 -0.8831
vn 0.7710 0.0214 -0.6365
vn 0.9559 0.0214 -0.2930
vn 0.9952 0.0214 0.0951
vn 0.8831 0.0214 0.4687
vn 0.6365 0.0214 0.7710
vn 0.2930 0.0214 0.9559
vn -0.0951 0.0214 0.9952
vn -0.4687 0.0214 0.8831
vn -0.7710 0.0214 0.6365
vn -0.9559 0.0214 0.2930
vn -0.9952 0.0214 -0.0951
vn -0.8831 0.0214 -0.4687
vn -0.6322 0.1184 -0.7657
vn -0.2910 0.1184 -0.9494
vn 0.0944 0.1184 -0.9885
vn 0.4655 0.1184 -0.8771
vn 0.7657 0.1184 -0.6322
vn 0.9494 0.1184 -0.2910
vn 0.9885 0.1184 0.0944
vn 0.8771 0.1184 0.4655
vn 0.6322 0.1184 0.7657
vn 0.2910 0.1184 0.9494
vn -0.0944 0.1184 0.9885
vn -0.4655 0.1184 0.8771
vn -0.7657 0.1184 0.6322
vn -0.9494 0.1184 0.2910
vn -0.9885 0.1184 -0.0944
vn -0.8771 0.1184 -0.4655
vn -0.6229 0.2065 -0.7545
vn -0.2868 0.2065 -0.9355
vn 0.0930 0.2065 -0.9740
vn 0.4587 0.2065 -0.8643
vn 0.7545 0.2065 -0.6229
vn 0.9355 0.2065 -0.2868
vn 0.9740 0.2065 0.0930
vn 0.8643 0.2065 0.4587
vn 0.6229 0.2065 0.7545
vn 0.2868 0.2065 0.9355
vn -0.0931 0.2065 0.9740
vn -0.4587 0.2065 0.8643
vn -0.7545 0.2065 0.6229
vn -0.9355 0.2065 0.2868
vn -0.9740 0.2065 -0.0930
vn -0.8643 0.2065 -0.4587
vn -0.6106 0.2830 -0.7396
vn -0.2811 0.2830 -0.9170
vn 0.0912 0.2830 -0.9548
vn 0.4496 0.2830 -0.8472
vn 0.7396 0.2830 -0.6106
vn 0.9170 0.2830 -0.2811
vn 0.9548 0.2830 0.0912
vn 0.8472 0.2830 0.4496
vn 0.6106 0.2830 0.7396
vn 0.2811 0.2830 0.9170
vn -0.0912 0.2830 0.9548
vn -0.4496 0.2830 0.8472
vn -0.7396 0.2830 0.6106
vn -0.9170 0.2830 0.2811
vn -0.9548 0.2830 -0.0912
vn -0.8472 0.2830 -0.4496
vn -0.5972 0.3466 -0.7233
vn -0.2749 0.3466 -0.8968
vn 0.0892 0.3466 -0.9337
vn 0.4397 0.3466 -0.8285
vn 0.7233 0.3466 -0.5972
vn 0.8968 0.3466 -0.2749
vn 0.9337 0.3466 0.0892
vn 0.8285 0.3466 0.4397
vn 0.5972 0.3466 0.7233
vn 0.2749 0.3466 0.8968
vn -0.0892 0.3466 0.9337
vn -0.4397 0.3466 0.8285
vn -0.7233 0.3466 0.5972
vn -0.8968 0.3466 0.2749
vn -0.9337 0.3466 -0.0892
vn -0.8285 0.3466 -0.4397
vn -0.5842 0.3974 -0.7076
vn -0.2690 0.3974 -0.8774
vn 0.0873 0.3974 -0.9135
vn 0.4302 0.3974 -0.8106
vn 0.7077 0.3974 -0.5842
vn 0.8774 0.3974 -0.2690
vn 0.9135 0.3974 0.0873
vn 0.8106 0.3974 0.4302
vn 0.5842 0.3974 0.7076
vn 0.2690 0.3974 0.8774
vn -0.0873 0.3974 0.9135
vn -0.4302 0.3974 0.8106
vn -0.7077 0.3974 0.5842
vn -0.8774 0.3974 0.2690
vn -0.9135 0.3974 -0.0873
vn -0.8106 0.3974 -0.4302
vn -0.5731 0.4357 -0.6941
vn -0.2638 0.4357 -0.8606
vn 0.0856 0.4357 -0.8960
vn 0.4220 0.4357 -0.7951
vn 0.6941 0.4357 -0.5731
vn 0.8606 0.4357 -0.2638
vn 0.8960 0.4357 0.0856
vn 0.7951 0.4357 0.4220
vn 0.5731 0.4357 0.6941
vn 0.2638 0.4357 0.8606
vn -0.0856 0.4357 0.8960
vn -0.4220 0.4357 0.7951
vn -0.6941 0.4357 0.5731
vn -0.8606 0.4357 0.2638
vn -0.8960 0.4357 -0.0856
vn -0.7951 0.4357 -0.4220
vn -0.5645 0.4623 -0.6838
vn -0.2599 0.4623 -0.8478
vn 0.0843 0.4623 -0.8827
vn 0.4157 0.4623 -0.7832
vn 0.6838 0.4623 -0.5645
vn 0.8478 0.4623 -0.2599
vn 0.8827 0.4623 0.0843
vn 0.7832 0.4623 0.4157
vn 0.5645 0.4623 0.6838
vn 0.2599 0.4623 0.8478
vn -0.0843 0.4623 0.8827
vn -0.4157 0.4623 0.7832
vn -0.6838 0.4623 0.5645
vn -0.8478 0.4623 0.2599
vn -0.8827 0.4623 -0.0843
vn -0.7832 0.4623 -0.4157
vn -0.5593 0.4776 -0.6775
vn -0.2575 0.4776 -0.8400
vn 0.0836 0.4776 -0.8746
vn 0.4119 0.4776 -0.7760
vn 0.6775 0.4776 -0.5593
vn 0.8400 0.4776 -0.2575
vn 0.8746 0.4776 0.0836
vn 0.7760 0.4776 0.4119
vn 0.5593 0.4776 0.6775
vn 0.2575 0.4776 0.8400
vn -0.0836 0.4776 0.8746
vn -0.4119 0.4776 0.7760
vn -0.6775 0.4776 0.5593
vn -0.8400 0.4776 0.2575
vn -0.8746 0.4776 -0.0836
vn -0.7760 0.4776 -0.4119
vn -0.5579 0.4817 -0.6758
vn -0.2568 0.4817 -0.8378
vn 0.0833 0.4817 -0.8723
vn 0.4108 0.4817 -0.7740
vn 0.6758 0.4817 -0.5579
vn 0.8378 0.4817 -0.2568
vn 0.8723 0.4817 0.0833
vn 0.7740 0.4817 0.4108
vn 0.5579 0.4817 0.6758
vn 0.2568 0.4817 0.8378
vn -0.0833 0.4817 0.8723
vn -0.4108 0.4817 0.7740
vn -0.6758 0.4817 0.5579
vn -0.8378 0.4817 0.2568
vn -0.8723 0.4817 -0.0833
vn -0.7740 0.4817 -0.4108
vn -0.5606 0.4740 -0.6790
vn -0.2581 0.4740 -0.8419
vn 0.0837 0.4740 -0.8765
vn 0.4128 0.4740 -0.7778
vn 0.6790 0.4740 -0.5606
vn 0.8419 0.4740 -0.2581
vn 0.8765 0.4740 0.0837
vn 0.7778 0.4740 0.4128
vn 0.5606 0.4740 0.6790
vn 0.2581 0.4740 0.8419
vn -0.0837 0.4740 0.8765
vn -0.4128 0.4740 0.7778
vn -0.6790 0.4740 0.5606
vn -0.8419 0.4740 0.2581
vn -0.8765 0.4740 -0.0837
vn -0.7778 0.4740 -0.4128
vn -0.5676 0.4529 -0.6875
vn -0.2613 0.4529 -0.8524
vn 0.0848 0.4529 -0.8875
vn 0.4180 0.4529 -0.7875
vn 0.6875 0.4529 -0.5676
vn 0.8524 0.4529 -0.2613
vn 0.8875 0.4529 0.0848
vn 0.7875 0.4529 0.4180
vn 0.5676 0.4529 0.6875
vn 0.2613 0.4529 0.8524
vn -0.0848 0.4529 0.8875
vn -0.4180 0.4529 0.7875
vn -0.6875 0.4529 0.5676
vn -0.8524 0.4529 0.2613
vn -0.8875 0.4529 -0.0848
vn -0.7875 0.4529 -0.4180
vn -0.5790 0.4158 -0.7013
vn -0.2665 0.4158 -0.8695
vn 0.0865 0.4158 -0.9053
vn 0.4264 0.4158 -0.8033
vn 0.7013 0.4158 -0.5790
vn 0.8695 0.4158 -0.2665
vn 0.9053 0.4158 0.0865
vn 0.8033 0.4158 0.4264
vn 0.5790 0.4158 0.7013
vn 0.2665 0.4158 0.8695
vn -0.0865 0.4158 0.9053
vn -0.4264 0.4158 0.8033
vn -0.7013 0.4158 0.5790
vn -0.8695 0.4158 0.2665
vn -0.9053 0.4158 -0.0865
vn -0.8033 0.4158 -0.4264
vn -0.5943 0.3586 -0.7199
vn -0.2736 0.3586 -0.8925
vn 0.0888 0.3586 -0.9293
vn 0.4376 0.3586 -0.8245
vn 0.7199 0.3586 -0.5943
vn 0.8925 0.3586 -0.2736
vn 0.9293 0.3586 0.0888
vn 0.8245 0.3586 0.4376
vn 0.5943 0.3586 0.7199
vn 0.2736 0.3586 0.8925
vn -0.0888 0.3586 0.9293
vn -0.4376 0.3586 0.8245
vn -0.7199 0.3586 0.5943
vn -0.8925 0.3586 0.2736
vn -0.9293 0.3586 -0.0888
vn -0.8245 0.3586 -0.4376
vn -0.6120 0.2756 -0.7413
vn -0.2817 0.2756 -0.9191
vn 0.0914 0.2756 -0.9569
vn 0.4507 0.2756 -0.8491
vn 0.7413 0.2756 -0.6120
vn 0.9191 0.2756 -0.2817
vn 0.9569 0.2756 0.0914
vn 0.8491 0.2756 0.4507
vn 0.6120 0.2756 0.7413
vn 0.2817 0.2756 0.9191
vn -0.0914 0.2756 0.9569
vn -0.4507 0.2756 0.8491
vn -0.7413 0.2756 0.6120
vn -0.9191 0.2756 0.2817
vn -0.9569 0.2756 -0.0914
vn -0.8491 0.2756 -0.4507
vn -0.6284 0.1602 -0.7612
vn -0.2893 0.1602 -0.9437
vn 0.0939 0.1602 -0.9826
vn 0.4628 0.1602 -0.8719
vn 0.7612 0.1602 -0.6284
vn 0.9437 0.1602 -0.2893
vn 0.9826 0.1602 0.0939
vn 0.8719 0.1602 0.4628
vn 0.6284 0.1602 0.7612
vn 0.2893 0.1602 0.9437
vn -0.0939 0.1602 0.9826
vn -0.4628 0.1602 0.8719
vn -0.7612 0.1602 0.6284
vn -0.9437 0.1602 0.2893
vn -0.9826 0.1602 -0.0939
vn -0.8719 0.1602 -0.4628
vn -0.6366 0.0079 -0.7711
vn -0.2931 0.0079 -0.9561
vn 0.0951 0.0079 -0.9954
vn 0.4688 0.0079 -0.8833
vn 0.7711 0.0079 -0.6366
vn 0.9561 0.0079 -0.2931
vn 0.9954 0.0079 0.0951
vn 0.8833 0.0079 0.4688
vn 0.6366 0.0079 0.7711
vn 0.2931 0.0079 0.9561
vn -0.0951 0.0079 0.9954
vn -0.4688 0.0079 0.8833
vn -0.7711 0.0079 0.6366
vn -0.9561 0.0079 0.2931
vn -0.9954 0.0079 -0.0951
vn -0.8833 0.0079 -0.4688
vn -0.6266 -0.1772 -0.7589
vn -0.2885 -0.1772 -0.9410
vn 0.0936 -0.1772 -0.9797
vn 0.4614 -0.1772 -0.8693
vn 0.7589 -0.1772 -0.6266
vn 0.9410 -0.1772 -0.2885
vn 0.9797 -0.1772 0.0936
vn 0.8693 -0.1772 0.4614
vn 0.6266 -0.1772 0.7589
vn 0.2885 -0.1772 0.9410
vn -0.0936 -0.1772 0.9797
vn -0.4614 -0.1772 0.8693
vn -0.7589 -0.1772 0.6266
vn -0.9410 -0.1772 0.2885
vn -0.9797 -0.1772 -0.0936
vn -0.8693 -0.1772 -0.4614
vn -0.5899 -0.3762 -0.7145
vn -0.2716 -0.3762 -0.8859
vn 0.0881 -0.3762 -0.9223
vn 0.4344 -0.3762 -0.8184
vn 0.7145 -0.3762 -0.5899
vn 0.8859 -0.3762 -0.2716
vn 0.9223 -0.3762 0.0881
vn 0.8184 -0.3762 0.4344
vn 0.5899 -0.3762 0.7145
vn 0.2716 -0.3762 0.8859
vn -0.0881 -0.3762 0.9223
vn -0.4344 -0.3762 0.8184
vn -0.7145 -0.3762 0.5899
vn -0.8859 -0.3762 0.2716
vn -0.9223 -0.3762 -0.0881
vn -0.8184 -0.3762 -0.4344
vn -0.5274 -0.5603 -0.6388
vn -0.2428 -0.5603 -0.7919
vn 0.0788 -0.5603 -0.8246
vn 0.3883 -0.5603 -0.7316
vn 0.6388 -0.5603 -0.5274
vn 0.7919 -0.5603 -0.2428
vn 0.8246 -0.5603 0.0788
vn 0.7316 -0.5603 0.3883
vn 0.5274 -0.5603 0.6388
vn 0.2428 -0.5603 0.7919
vn -0.0788 -0.5603 0.8246
vn -0.3883 -0.5603 0.7316
vn -0.6388 -0.5603 0.5274
vn -0.7919 -0.5603 0.2428
vn -0.8246 -0.5603 -0.0788
vn -0.7316 -0.5603 -0.3883
vn -0.4503 -0.7069 -0.5454
vn -0.2073 -0.7069 -0.6762
vn 0.0673 -0.7069 -0.7041
vn 0.3316 -0.7069 -0.6248
vn 0.5454 -0.7069 -0.4503
vn 0.6762 -0.7069 -0.2073
vn 0.7041 -0.7069 0.0673
vn 0.6248 -0.7069 0.3316
vn 0.4503 -0.7069 0.5454
vn 0.2073 -0.7069 0.6762
vn -0.0673 -0.7069 0.7041
vn -0.3316 -0.7069 0.6248
vn -0.5454 -0.7069 0.4503
vn -0.6762 -0.7069 0.2073
vn -0.7041 -0.7069 -0.0673
vn -0.6248 -0.7069 -0.3316
vn -0.3725 -0.8109 -0.4512
vn -0.1715 -0.8109 -0.5594
vn 0.0556 -0.8109 -0.5825
vn 0.2743 -0.8109 -0.5168
vn 0.4512 -0.8109 -0.3725
vn 0.5594 -0.8109 -0.1715
vn 0.5825 -0.8109 0.0556
vn 0.5168 -0.8109 0.2743
vn 0.3725 -0.8109 0.4512
vn 0.1715 -0.8109 0.5594
vn -0.0556 -0.8109 0.5825
vn -0.2743 -0.8109 0.5168
vn -0.4512 -0.8109 0.3725
vn -0.5594 -0.8109 0.1715
vn -0.5825 -0.8109 -0.0556
vn -0.5168 -0.8109 -0.2743
vn -0.4408 -0.7216 -0.5339
vn -0.2029 -0.7216 -0.6619
vn 0.0658 -0.7216 -0.6892
vn 0.3246 -0.7216 -0.6115
vn 0.5339 -0.7216 -0.4408
vn 0.6619 -0.7216 -0.2029
vn 0.6892 -0.7216 0.0658
vn 0.6115 -0.7216 0.3246
vn 0.4408 -0.7216 0.5339
vn 0.2029 -0.7216 0.6619
vn -0.0658 -0.7216 0.6892
vn -0.3246 -0.7216 0.6115
vn -0.5339 -0.7216 0.4408
vn -0.6619 -0.7216 0.2029
vn -0.6892 -0.7216 -0.0658
vn -0.6115 -0.7216 -0.3246
vn -0.5127 -0.5929 -0.6210
vn -0.2360 -0.5929 -0.7699
vn 0.0766 -0.5929 -0.8017
vn 0.3775 -0.5929 -0.7113
vn 0.6210 -0.5929 -0.5127
vn 0.7699 -0.5929 -0.2360
vn 0.8017 -0.5929 0.0766
vn 0.7113 -0.5929 0.3775
vn 0.5127 -0.5929 0.6210
vn 0.2360 -0.5929 0.7699
vn -0.0766 -0.5929 0.8017
vn -0.3775 -0.5929 0.7113
vn -0.6210 -0.5929 0.5127
vn -0.7699 -0.5929 0.2360
vn -0.8017 -0.5929 -0.0766
vn -0.7113 -0.5929 -0.3775
vn 0.5165 -0.5848 0.6256
vn 0.2378 -0.5848 0.7756
vn 0.2475 -0.5354 0.8075
vn 0.5377 -0.5354 0.6513
vn -0.0771 -0.5848 0.8075
vn -0.0803 -0.5354 0.8407
vn -0.3803 -0.5848 0.7165
vn -0.3959 -0.5354 0.7460
vn -0.6256 -0.5848 0.5165
vn -0.6513 -0.5354 0.5377
vn -0.7756 -0.5848 0.2378
vn -0.8075 -0.5354 0.2475
vn -0.8075 -0.5848 -0.0771
vn -0.8407 -0.5354 -0.0803
vn -0.7165 -0.5848 -0.3803
vn -0.7460 -0.5354 -0.3959
vn -0.5165 -0.5848 -0.6256
vn -0.5377 -0.5354 -0.6513
vn -0.2378 -0.5848 -0.7756
vn -0.2475 -0.5354 -0.8075
vn 0.0771 -0.5848 -0.8075
vn 0.0803 -0.5354 -0.8407
vn 0.3803 -0.5848 -0.7165
vn 0.3959 -0.5354 -0.7460
vn 0.6256 -0.5848 -0.5165
vn 0.6513 -0.5354 -0.5377
vn 0.7756 -0.5848 -0.2378
vn 0.8075 -0.5354 -0.2475
vn 0.8075 -0.5848 0.0771
vn 0.8407 -0.5354 0.0803
vn 0.7165 -0.5848 0.3803
vn 0.7460 -0.5354 0.3959
vn 0.2666 -0.4151 0.8698
vn 0.5792 -0.4151 0.7016
vn -0.0865 -0.4151 0.9057
vn -0.4265 -0.4151 0.8036
vn -0.7016 -0.4151 0.5792
vn -0.8698 -0.4151 0.2666
vn -0.9057 -0.4151 -0.0865
vn -0.8036 -0.4151 -0.4265
vn -0.5792 -0.4151 -0.7016
vn -0.2666 -0.4151 -0.8698
vn 0.0865 -0.4151 -0.9057
vn 0.4265 -0.4151 -0.8036
vn 0.7016 -0.4151 -0.5792
vn 0.8698 -0.4151 -0.2666
vn 0.9057 -0.4151 0.0865
vn 0.8036 -0.4151 0.4265
vn 0.2821 -0.2718 0.9201
vn 0.6127 -0.2718 0.7421
vn -0.0915 -0.2718 0.9580
vn -0.4512 -0.2718 0.8500
vn -0.7421 -0.2718 0.6127
vn -0.9201 -0.2718 0.2821
vn -0.9580 -0.2718 -0.0915
vn -0.8500 -0.2718 -0.4512
vn -0.6127 -0.2718 -0.7421
vn -0.2821 -0.2718 -0.9201
vn 0.0915 -0.2718 -0.9580
vn 0.4512 -0.2718 -0.8500
vn 0.7421 -0.2718 -0.6127
vn 0.9201 -0.2718 -0.2821
vn 0.9580 -0.2718 0.0915
vn 0.8500 -0.2718 0.4512
vn 0.2912 -0.1139 0.9499
vn 0.6325 -0.1139 0.7661
vn -0.0945 -0.1139 0.9890
vn -0.4658 -0.1139 0.8775
vn -0.7661 -0.1139 0.6325
vn -0.9499 -0.1139 0.2912
vn -0.9890 -0.1139 -0.0945
vn -0.8775 -0.1139 -0.4658
vn -0.6325 -0.1139 -0.7661
vn -0.2912 -0.1139 -0.9499
vn 0.0945 -0.1139 -0.9890
vn 0.4658 -0.1139 -0.8775
vn 0.7661 -0.1139 -0.6325
vn 0.9499 -0.1139 -0.2912
vn 0.9890 -0.1139 0.0945
vn 0.8775 -0.1139 0.4658
vn 0.2928 0.0449 0.9551
vn 0.6360 0.0449 0.7704
vn -0.0950 0.0449 0.9945
vn -0.4683 0.0449 0.8824
vn -0.7704 0.0449 0.6360
vn -0.9551 0.0449 0.2928
vn -0.9945 0.0449 -0.0950
vn -0.8824 0.0449 -0.4683
vn -0.6360 0.0449 -0.7704
vn -0.2928 0.0449 -0.9551
vn 0.0950 0.0449 -0.9945
vn 0.4683 0.0449 -0.8824
vn 0.7704 0.0449 -0.6360
vn 0.9551 0.0449 -0.2928
vn 0.9945 0.0449 0.0950
vn 0.8824 0.0449 0.4683
vn 0.2877 0.1905 0.9386
vn 0.6250 0.1905 0.7570
vn -0.0934 0.1905 0.9772
vn -0.4602 0.1905 0.8671
vn -0.7570 0.1905 0.6250
vn -0.9386 0.1905 0.2877
vn -0.9772 0.1905 -0.0934
vn -0.8671 0.1905 -0.4602
vn -0.6250 0.1905 -0.7570
vn -0.2877 0.1905 -0.9386
vn 0.0934 0.1905 -0.9772
vn 0.4602 0.1905 -0.8671
vn 0.7570 0.1905 -0.6250
vn 0.9386 0.1905 -0.2877
vn 0.9772 0.1905 0.0934
vn 0.8671 0.1905 0.4602
vn 0.2783 0.3136 0.9079
vn 0.6045 0.3136 0.7322
vn -0.0903 0.3136 0.9453
vn -0.4452 0.3136 0.8387
vn -0.7322 0.3136 0.6045
vn -0.9079 0.3136 0.2783
vn -0.9453 0.3136 -0.0903
vn -0.8387 0.3136 -0.4452
vn -0.6045 0.3136 -0.7322
vn -0.2783 0.3136 -0.9079
vn 0.0903 0.3136 -0.9453
vn 0.4452 0.3136 -0.8387
vn 0.7322 0.3136 -0.6045
vn 0.9079 0.3136 -0.2783
vn 0.9453 0.3136 0.0903
vn 0.8387 0.3136 0.4452
vn 0.2672 0.4112 0.8715
vn 0.5803 0.4112 0.7029
vn -0.0867 0.4112 0.9074
vn -0.4273 0.4112 0.8052
vn -0.7029 0.4112 0.5803
vn -0.8715 0.4112 0.2672
vn -0.9074 0.4112 -0.0867
vn -0.8052 0.4112 -0.4273
vn -0.5803 0.4112 -0.7029
vn -0.2672 0.4112 -0.8715
vn 0.0867 0.4112 -0.9074
vn 0.4273 0.4112 -0.8052
vn 0.7029 0.4112 -0.5803
vn 0.8715 0.4112 -0.2672
vn 0.9074 0.4112 0.0867
vn 0.8052 0.4112 0.4273
vn 0.2563 0.4849 0.8362
vn 0.5568 0.4849 0.6744
vn -0.0832 0.4849 0.8706
vn -0.4100 0.4849 0.7725
vn -0.6744 0.4849 0.5568
vn -0.8362 0.4849 0.2563
vn -0.8706 0.4849 -0.0832
vn -0.7725 0.4849 -0.4100
vn -0.5568 0.4849 -0.6744
vn -0.2563 0.4849 -0.8362
vn 0.0832 0.4849 -0.8706
vn 0.4100 0.4849 -0.7725
vn 0.6744 0.4849 -0.5568
vn 0.8362 0.4849 -0.2563
vn 0.8706 0.4849 0.0832
vn 0.7725 0.4849 0.4100
vn 0.2514 0.5142 0.8200
vn 0.5461 0.5142 0.6614
vn -0.0816 0.5142 0.8538
vn -0.4021 0.5142 0.7576
vn -0.6614 0.5142 0.5461
vn -0.8200 0.5142 0.2514
vn -0.8538 0.5142 -0.0816
vn -0.7576 0.5142 -0.4021
vn -0.5461 0.5142 -0.6614
vn -0.2514 0.5142 -0.8200
vn 0.0816 0.5142 -0.8538
vn 0.4021 0.5142 -0.7576
vn 0.6614 0.5142 -0.5461
vn 0.8200 0.5142 -0.2514
vn 0.8538 0.5142 0.0816
vn 0.7576 0.5142 0.4021
vn 0.6874 0.6280 0.3648
vn 0.4955 0.6280 0.6001
vn 0.5380 0.5348 0.6516
vn 0.7464 0.5348 0.3961
vn 0.2752 -0.3436 0.8979
vn -0.0893 -0.3436 0.9348
vn -0.0868 -0.4081 0.9088
vn 0.2676 -0.4081 0.8728
vn -0.4403 -0.3436 0.8295
vn -0.4280 -0.4081 0.8064
vn -0.7242 -0.3436 0.5979
vn -0.7040 -0.4081 0.5812
vn -0.8979 -0.3436 0.2752
vn -0.8728 -0.4081 0.2676
vn -0.9348 -0.3436 -0.0893
vn -0.9088 -0.4081 -0.0868
vn -0.8295 -0.3436 -0.4403
vn -0.8064 -0.4081 -0.4280
vn -0.5979 -0.3436 -0.7242
vn -0.5812 -0.4081 -0.7040
vn -0.2752 -0.3436 -0.8979
vn -0.2676 -0.4081 -0.8728
vn 0.0893 -0.3436 -0.9348
vn 0.0868 -0.4081 -0.9088
vn 0.4403 -0.3436 -0.8295
vn 0.4280 -0.4081 -0.8064
vn 0.7242 -0.3436 -0.5979
vn 0.7040 -0.4081 -0.5812
vn 0.8979 -0.3436 -0.2752
vn 0.8728 -0.4081 -0.2676
vn 0.9348 -0.3436 0.0893
vn 0.9088 -0.4081 0.0868
vn 0.8295 -0.3436 0.4403
vn 0.8064 -0.4081 0.4280
vn 0.1683 0.9644 0.2038
vn 0.0775 0.9644 0.2527
vn 0.0884 0.9534 0.2884
vn 0.1920 0.9534 0.2326
vn 0.5979 -0.3436 0.7242
vn 0.5812 -0.4081 0.7040
vn -0.0251 0.9644 0.2631
vn -0.0287 0.9534 0.3003
vn -0.1239 0.9644 0.2335
vn -0.1414 0.9534 0.2664
vn -0.2038 0.9644 0.1683
vn -0.2326 0.9534 0.1920
vn -0.2527 0.9644 0.0775
vn -0.2884 0.9534 0.0884
vn -0.2631 0.9644 -0.0251
vn -0.3003 0.9534 -0.0287
vn -0.2335 0.9644 -0.1239
vn -0.2664 0.9534 -0.1414
vn -0.1683 0.9644 -0.2038
vn -0.1920 0.9534 -0.2326
vn -0.0775 0.9644 -0.2527
vn -0.0884 0.9534 -0.2884
vn 0.0251 0.9644 -0.2631
vn 0.0287 0.9534 -0.3003
vn 0.1239 0.9644 -0.2335
vn 0.1414 0.9534 -0.2664
vn 0.2038 0.9644 -0.1683
vn 0.2326 0.9534 -0.1920
vn 0.2527 0.9644 -0.0775
vn 0.2884 0.9534 -0.0884
vn 0.2631 0.9644 0.0251
vn 0.3003 0.9534 0.0287
vn 0.2335 0.9644 0.1239
vn 0.2664 0.9534 0.1414
vn 0.2281 0.6280 0.7440
vn 0.2477 0.5348 0.8079
vn -0.0740 0.6280 0.7747
vn -0.0804 0.5348 0.8412
vn -0.3648 0.6280 0.6874
vn -0.3961 0.5348 0.7464
vn -0.6001 0.6280 0.4954
vn -0.6516 0.5348 0.5380
vn -0.7440 0.6280 0.2281
vn -0.8079 0.5348 0.2477
vn -0.7747 0.6280 -0.0740
vn -0.8412 0.5348 -0.0804
vn -0.6874 0.6280 -0.3648
vn -0.7464 0.5348 -0.3961
vn -0.4955 0.6280 -0.6001
vn -0.5380 0.5348 -0.6516
vn -0.2281 0.6280 -0.7440
vn -0.2477 0.5348 -0.8079
vn 0.0740 0.6280 -0.7747
vn 0.0804 0.5348 -0.8412
vn 0.3648 0.6280 -0.6874
vn 0.3961 0.5348 -0.7464
vn 0.6001 0.6280 -0.4955
vn 0.6516 0.5348 -0.5380
vn 0.7440 0.6280 -0.2281
vn 0.8079 0.5348 -0.2477
vn 0.7747 0.6280 0.0740
vn 0.8412 0.5348 0.0804
vn 0.5052 0.6085 0.6119
vn 0.2326 0.6085 0.7587
vn 0.2333 0.6053 0.7610
vn 0.5068 0.6053 0.6138
vn -0.0755 0.6085 0.7899
vn -0.0757 0.6053 0.7924
vn -0.3720 0.6085 0.7009
vn -0.3732 0.6053 0.7031
vn -0.6119 0.6085 0.5052
vn -0.6138 0.6053 0.5068
vn -0.7587 0.6085 0.2326
vn -0.7610 0.6053 0.2333
vn -0.7899 0.6085 -0.0755
vn -0.7924 0.6053 -0.0757
vn -0.7009 0.6085 -0.3720
vn -0.7031 0.6053 -0.3732
vn -0.5052 0.6085 -0.6119
vn -0.5068 0.6053 -0.6138
vn -0.2326 0.6085 -0.7587
vn -0.2333 0.6053 -0.7610
vn 0.0755 0.6085 -0.7899
vn 0.0757 0.6053 -0.7924
vn 0.3720 0.6085 -0.7009
vn 0.3732 0.6053 -0.7031
vn 0.6119 0.6085 -0.5052
vn 0.6138 0.6053 -0.5068
vn 0.7587 0.6085 -0.2326
vn 0.7610 0.6053 -0.2333
vn 0.7899 0.6085 0.0755
vn 0.7924 0.6053 0.0757
vn 0.7009 0.6085 0.3720
vn 0.7031 0.6053 0.3732
vn 0.2358 0.5938 0.7693
vn 0.5123 0.5938 0.6205
vn -0.0765 0.5938 0.8010
vn -0.3772 0.5938 0.7107
vn -0.6205 0.5938 0.5123
vn -0.7693 0.5938 0.2358
vn -0.8010 0.5938 -0.0765
vn -0.7107 0.5938 -0.3772
vn -0.5123 0.5938 -0.6205
vn -0.2358 0.5938 -0.7693
vn 0.0765 0.5938 -0.8010
vn 0.3772 0.5938 -0.7107
vn 0.6205 0.5938 -0.5123
vn 0.7693 0.5938 -0.2358
vn 0.8010 0.5938 0.0765
vn 0.7107 0.5938 0.3772
vn 0.2405 0.5715 0.7846
vn 0.5225 0.5715 0.6328
vn -0.0780 0.5715 0.8169
vn -0.3847 0.5715 0.7249
vn -0.6328 0.5715 0.5225
vn -0.7846 0.5715 0.2405
vn -0.8169 0.5715 -0.0780
vn -0.7249 0.5715 -0.3847
vn -0.5225 0.5715 -0.6328
vn -0.2405 0.5715 -0.7846
vn 0.0780 0.5715 -0.8169
vn 0.3847 0.5715 -0.7249
vn 0.6328 0.5715 -0.5225
vn 0.7846 0.5715 -0.2405
vn 0.8169 0.5715 0.0780
vn 0.7249 0.5715 0.3847
vn 0.2471 0.5378 0.8061
vn 0.5368 0.5378 0.6501
vn -0.0802 0.5378 0.8393
vn -0.3952 0.5378 0.7447
vn -0.6501 0.5378 0.5368
vn -0.8061 0.5378 0.2471
vn -0.8393 0.5378 -0.0802
vn -0.7447 0.5378 -0.3952
vn -0.5368 0.5378 -0.6501
vn -0.2471 0.5378 -0.8061
vn 0.0802 0.5378 -0.8393
vn 0.3952 0.5378 -0.7447
vn 0.6501 0.5378 -0.5368
vn 0.8061 0.5378 -0.2471
vn 0.8393 0.5378 0.0802
vn 0.7447 0.5378 0.3952
vn 0.2552 0.4918 0.8325
vn 0.5543 0.4918 0.6714
vn -0.0828 0.4918 0.8668
vn -0.4082 0.4918 0.7691
vn -0.6714 0.4918 0.5543
vn -0.8325 0.4918 0.2552
vn -0.8668 0.4918 -0.0828
vn -0.7691 0.4918 -0.4082
vn -0.5543 0.4918 -0.6714
vn -0.2552 0.4918 -0.8325
vn 0.0828 0.4918 -0.8668
vn 0.4082 0.4918 -0.7691
vn 0.6714 0.4918 -0.5543
vn 0.8325 0.4918 -0.2552
vn 0.8668 0.4918 0.0828
vn 0.7691 0.4918 0.4082
vn 0.2642 0.4328 0.8619
vn 0.5739 0.4328 0.6952
vn -0.0857 0.4328 0.8974
vn -0.4226 0.4328 0.7963
vn -0.6952 0.4328 0.5739
vn -0.8619 0.4328 0.2642
vn -0.8974 0.4328 -0.0857
vn -0.7963 0.4328 -0.4226
vn -0.5739 0.4328 -0.6952
vn -0.2642 0.4328 -0.8619
vn 0.0857 0.4328 -0.8974
vn 0.4226 0.4328 -0.7963
vn 0.6952 0.4328 -0.5739
vn 0.8619 0.4328 -0.2642
vn 0.8974 0.4328 0.0857
vn 0.7963 0.4328 0.4226
vn 0.2734 0.3605 0.8918
vn 0.5939 0.3605 0.7193
vn -0.0887 0.3605 0.9285
vn -0.4373 0.3605 0.8239
vn -0.7193 0.3605 0.5939
vn -0.8918 0.3605 0.2734
vn -0.9285 0.3605 -0.0887
vn -0.8239 0.3605 -0.4373
vn -0.5939 0.3605 -0.7193
vn -0.2734 0.3605 -0.8918
vn 0.0887 0.3605 -0.9285
vn 0.4373 0.3605 -0.8239
vn 0.7193 0.3605 -0.5939
vn 0.8918 0.3605 -0.2734
vn 0.9285 0.3605 0.0887
vn 0.8239 0.3605 0.4373
vn 0.2817 0.2757 0.9190
vn 0.6120 0.2757 0.7413
vn -0.0914 0.2757 0.9569
vn -0.4506 0.2757 0.8491
vn -0.7413 0.2757 0.6120
vn -0.9190 0.2757 0.2817
vn -0.9569 0.2757 -0.0914
vn -0.8491 0.2757 -0.4506
vn -0.6120 0.2757 -0.7413
vn -0.2817 0.2757 -0.9190
vn 0.0914 0.2757 -0.9569
vn 0.4506 0.2757 -0.8491
vn 0.7413 0.2757 -0.6120
vn 0.9190 0.2757 -0.2817
vn 0.9569 0.2757 0.0914
vn 0.8491 0.2757 0.4506
vn 0.2883 0.1809 0.9403
vn 0.6262 0.1809 0.7584
vn -0.0935 0.1809 0.9791
vn -0.4611 0.1809 0.8687
vn -0.7584 0.1809 0.6262
vn -0.9403 0.1809 0.2883
vn -0.9791 0.1809 -0.0935
vn -0.8687 0.1809 -0.4611
vn -0.6262 0.1809 -0.7584
vn -0.2883 0.1809 -0.9403
vn 0.0935 0.1809 -0.9791
vn 0.4611 0.1809 -0.8687
vn 0.7584 0.1809 -0.6262
vn 0.9403 0.1809 -0.2883
vn 0.9791 0.1809 0.0935
vn 0.8687 0.1809 0.4611
vn 0.2921 0.0801 0.9530
vn 0.6346 0.0801 0.7687
vn -0.0948 0.0801 0.9923
vn -0.4673 0.0801 0.8805
vn -0.7687 0.0801 0.6346
vn -0.9530 0.0801 0.2921
vn -0.9923 0.0801 -0.0948
vn -0.8805 0.0801 -0.4673
vn -0.6346 0.0801 -0.7687
vn -0.2921 0.0801 -0.9530
vn 0.0948 0.0801 -0.9923
vn 0.4673 0.0801 -0.8805
vn 0.7687 0.0801 -0.6346
vn 0.9530 0.0801 -0.2921
vn 0.9923 0.0801 0.0948
vn 0.8805 0.0801 0.4673
vn 0.2930 -0.0214 0.9559
vn 0.6365 -0.0214 0.7710
vn -0.0951 -0.0214 0.9952
vn -0.4687 -0.0214 0.8831
vn -0.7710 -0.0214 0.6365
vn -0.9559 -0.0214 0.2930
vn -0.9952 -0.0214 -0.0951
vn -0.8831 -0.0214 -0.4687
vn -0.6365 -0.0214 -0.7710
vn -0.2930 -0.0214 -0.9559
vn 0.0951 -0.0214 -0.9952
vn 0.4687 -0.0214 -0.8831
vn 0.7710 -0.0214 -0.6365
vn 0.9559 -0.0214 -0.2930
vn 0.9952 -0.0214 0.0951
vn 0.8831 -0.0214 0.4687
vn 0.2910 -0.1184 0.9494
vn 0.6322 -0.1184 0.7657
vn -0.0944 -0.1184 0.9885
vn -0.4655 -0.1184 0.8771
vn -0.7657 -0.1184 0.6322
vn -0.9494 -0.1184 0.2910
vn -0.9885 -0.1184 -0.0944
vn -0.8771 -0.1184 -0.4655
vn -0.6322 -0.1184 -0.7657
vn -0.2910 -0.1184 -0.9494
vn 0.0944 -0.1184 -0.9885
vn 0.4655 -0.1184 -0.8771
vn 0.7657 -0.1184 -0.6322
vn 0.9494 -0.1184 -0.2910
vn 0.9885 -0.1184 0.0944
vn 0.8771 -0.1184 0.4655
vn 0.2868 -0.2065 0.9355
vn 0.6229 -0.2065 0.7545
vn -0.0930 -0.2065 0.9740
vn -0.4587 -0.2065 0.8643
vn -0.7545 -0.2065 0.6229
vn -0.9355 -0.2065 0.2868
vn -0.9740 -0.2065 -0.0930
vn -0.8643 -0.2065 -0.4587
vn -0.6229 -0.2065 -0.7545
vn -0.2868 -0.2065 -0.9355
vn 0.0931 -0.2065 -0.9740
vn 0.4587 -0.2065 -0.8643
vn 0.7545 -0.2065 -0.6229
vn 0.9355 -0.2065 -0.2868
vn 0.9740 -0.2065 0.0930
vn 0.8643 -0.2065 0.4587
vn 0.2811 -0.2830 0.9170
vn 0.6106 -0.2830 0.7396
vn -0.0912 -0.2830 0.9548
vn -0.4496 -0.2830 0.8472
vn -0.7396 -0.2830 0.6106
vn -0.9170 -0.2830 0.2811
vn -0.9548 -0.2830 -0.0912
vn -0.8472 -0.2830 -0.4496
vn -0.6106 -0.2830 -0.7396
vn -0.2811 -0.2830 -0.9170
vn 0.0912 -0.2830 -0.9548
vn 0.4496 -0.2830 -0.8472
vn 0.7396 -0.2830 -0.6106
vn 0.9170 -0.2830 -0.2811
vn 0.9548 -0.2830 0.0912
vn 0.8472 -0.2830 0.4496
vn 0.2749 -0.3466 0.8968
vn 0.5972 -0.3466 0.7233
vn -0.0892 -0.3466 0.9338
vn -0.4397 -0.3466 0.8285
vn -0.7233 -0.3466 0.5972
vn -0.8968 -0.3466 0.2749
vn -0.9338 -0.3466 -0.0892
vn -0.8285 -0.3466 -0.4397
vn -0.5972 -0.3466 -0.7233
vn -0.2749 -0.3466 -0.8968
vn 0.0892 -0.3466 -0.9338
vn 0.4397 -0.3466 -0.8285
vn 0.7233 -0.3466 -0.5972
vn 0.8968 -0.3466 -0.2749
vn 0.9338 -0.3466 0.0892
vn 0.8285 -0.3466 0.4397
vn 0.2690 -0.3974 0.8774
vn 0.5842 -0.3974 0.7077
vn -0.0873 -0.3974 0.9135
vn -0.4302 -0.3974 0.8106
vn -0.7077 -0.3974 0.5842
vn -0.8774 -0.3974 0.2690
vn -0.9135 -0.3974 -0.0873
vn -0.8106 -0.3974 -0.4302
vn -0.5842 -0.3974 -0.7077
vn -0.2690 -0.3974 -0.8774
vn 0.0873 -0.3974 -0.9135
vn 0.4302 -0.3974 -0.8106
vn 0.7077 -0.3974 -0.5842
vn 0.8774 -0.3974 -0.2690
vn 0.9135 -0.3974 0.0873
vn 0.8106 -0.3974 0.4302
vn 0.2638 -0.4357 0.8606
vn 0.5731 -0.4357 0.6941
vn -0.0856 -0.4357 0.8960
vn -0.4220 -0.4357 0.7951
vn -0.6941 -0.4357 0.5731
vn -0.8606 -0.4357 0.2638
vn -0.8960 -0.4357 -0.0856
vn -0.7951 -0.4357 -0.4220
vn -0.5731 -0.4357 -0.6941
vn -0.2638 -0.4357 -0.8606
vn 0.0856 -0.4357 -0.8960
vn 0.4220 -0.4357 -0.7951
vn 0.6941 -0.4357 -0.5731
vn 0.8606 -0.4357 -0.2638
vn 0.8960 -0.4357 0.0856
vn 0.7951 -0.4357 0.4220
vn 0.2599 -0.4623 0.8478
vn 0.5645 -0.4623 0.6838
vn -0.0843 -0.4623 0.8827
vn -0.4157 -0.4623 0.7832
vn -0.6838 -0.4623 0.5645
vn -0.8478 -0.4623 0.2599
vn -0.8827 -0.4623 -0.0843
vn -0.7832 -0.4623 -0.4157
vn -0.5645 -0.4623 -0.6838
vn -0.2599 -0.4623 -0.8478
vn 0.0843 -0.4623 -0.8827
vn 0.4157 -0.4623 -0.7832
vn 0.6838 -0.4623 -0.5645
vn 0.8478 -0.4623 -0.2599
vn 0.8827 -0.4623 0.0843
vn 0.7832 -0.4623 0.4157
vn 0.2575 -0.4776 0.8400
vn 0.5593 -0.4776 0.6775
vn -0.0835 -0.4776 0.8746
vn -0.4119 -0.4776 0.7760
vn -0.6775 -0.4776 0.5593
vn -0.8400 -0.4776 0.2575
vn -0.8746 -0.4776 -0.0836
vn -0.7760 -0.4776 -0.4119
vn -0.5593 -0.4776 -0.6775
vn -0.2575 -0.4776 -0.8400
vn 0.0835 -0.4776 -0.8746
vn 0.4119 -0.4776 -0.7760
vn 0.6775 -0.4776 -0.5593
vn 0.8400 -0.4776 -0.2575
vn 0.8746 -0.4776 0.0836
vn 0.7760 -0.4776 0.4119
vn 0.2568 -0.4817 0.8378
vn 0.5579 -0.4817 0.6758
vn -0.0833 -0.4817 0.8723
vn -0.4108 -0.4817 0.7740
vn -0.6758 -0.4817 0.5579
vn -0.8378 -0.4817 0.2568
vn -0.8723 -0.4817 -0.0833
vn -0.7740 -0.4817 -0.4108
vn -0.5579 -0.4817 -0.6758
vn -0.2568 -0.4817 -0.8378
vn 0.0833 -0.4817 -0.8723
vn 0.4108 -0.4817 -0.7740
vn 0.6758 -0.4817 -0.5579
vn 0.8378 -0.4817 -0.2568
vn 0.8723 -0.4817 0.0833
vn 0.7740 -0.4817 0.4108
vn 0.2581 -0.4740 0.8419
vn 0.5606 -0.4740 0.6790
vn -0.0837 -0.4740 0.8765
vn -0.4128 -0.4740 0.7778
vn -0.6790 -0.4740 0.5606
vn -0.8419 -0.4740 0.2581
vn -0.8765 -0.4740 -0.0837
vn -0.7778 -0.4740 -0.4128
vn -0.5606 -0.4740 -0.6790
vn -0.2581 -0.4740 -0.8419
vn 0.0837 -0.4740 -0.8765
vn 0.4128 -0.4740 -0.7778
vn 0.6790 -0.4740 -0.5606
vn 0.8419 -0.4740 -0.2581
vn 0.8765 -0.4740 0.0837
vn 0.7778 -0.4740 0.4128
vn 0.2613 -0.4529 0.8524
vn 0.5676 -0.4529 0.6875
vn -0.0848 -0.4529 0.8875
vn -0.4180 -0.4529 0.7875
vn -0.6875 -0.4529 0.5676
vn -0.8524 -0.4529 0.2613
vn -0.8875 -0.4529 -0.0848
vn -0.7875 -0.4529 -0.4180
vn -0.5676 -0.4529 -0.6875
vn -0.2613 -0.4529 -0.8524
vn 0.0848 -0.4529 -0.8875
vn 0.4180 -0.4529 -0.7875
vn 0.6875 -0.4529 -0.5676
vn 0.8524 -0.4529 -0.2613
vn 0.8875 -0.4529 0.0848
vn 0.7875 -0.4529 0.4180
vn 0.2665 -0.4159 0.8695
vn 0.5790 -0.4159 0.7013
vn -0.0865 -0.4159 0.9053
vn -0.4263 -0.4159 0.8033
vn -0.7013 -0.4159 0.5790
vn -0.8695 -0.4159 0.2665
vn -0.9053 -0.4159 -0.0865
vn -0.8033 -0.4159 -0.4264
vn -0.5790 -0.4159 -0.7013
vn -0.2665 -0.4159 -0.8695
vn 0.0865 -0.4159 -0.9053
vn 0.4263 -0.4159 -0.8033
vn 0.7013 -0.4159 -0.5790
vn 0.8695 -0.4159 -0.2665
vn 0.9053 -0.4159 0.0865
vn 0.8033 -0.4159 0.4264
vn 0.2736 -0.3587 0.8925
vn 0.5943 -0.3587 0.7198
vn -0.0888 -0.3587 0.9292
vn -0.4376 -0.3587 0.8245
vn -0.7198 -0.3587 0.5943
vn -0.8925 -0.3587 0.2736
vn -0.9292 -0.3587 -0.0888
vn -0.8245 -0.3587 -0.4376
vn -0.5943 -0.3587 -0.7198
vn -0.2736 -0.3587 -0.8925
vn 0.0888 -0.3587 -0.9292
vn 0.4376 -0.3587 -0.8245
vn 0.7198 -0.3587 -0.5943
vn 0.8925 -0.3587 -0.2736
vn 0.9292 -0.3587 0.0888
vn 0.8245 -0.3587 0.4376
vn 0.2774 -0.3224 0.9050
vn 0.6027 -0.3224 0.7300
vn -0.0900 -0.3224 0.9423
vn -0.4438 -0.3224 0.8361
vn -0.7300 -0.3224 0.6027
vn -0.9050 -0.3224 0.2774
vn -0.9423 -0.3224 -0.0900
vn -0.8361 -0.3224 -0.4438
vn -0.6027 -0.3224 -0.7300
vn -0.2774 -0.3224 -0.9050
vn 0.0900 -0.3224 -0.9423
vn 0.4438 -0.3224 -0.8361
vn 0.7300 -0.3224 -0.6027
vn 0.9050 -0.3224 -0.2774
vn 0.9423 -0.3224 0.0900
vn 0.8361 -0.3224 0.4438
vn 0.5668 0.4555 0.6865
vn 0.2609 0.4555 0.8511
vn -0.0847 0.4555 0.8862
vn -0.4173 0.4555 0.7863
vn -0.6865 0.4555 0.5668
vn -0.8511 0.4555 0.2609
vn -0.8862 0.4555 -0.0847
vn -0.7863 0.4555 -0.4173
vn -0.5668 0.4555 -0.6865
vn -0.2609 0.4555 -0.8511
vn 0.0847 0.4555 -0.8862
vn 0.4173 0.4555 -0.7863
vn 0.6865 0.4555 -0.5668
vn 0.8511 0.4555 -0.2609
vn 0.8862 0.4555 0.0847
vn 0.7863 0.4555 0.4173
vn 0.6339 -0.0923 0.7679
vn 0.2918 -0.0923 0.9520
vn -0.0947 -0.0923 0.9912
vn -0.4668 -0.0923 0.8795
vn -0.7679 -0.0923 0.6339
vn -0.9520 -0.0923 0.2918
vn -0.9912 -0.0923 -0.0947
vn -0.8795 -0.0923 -0.4668
vn -0.6339 -0.0923 -0.7679
vn -0.2918 -0.0923 -0.9520
vn 0.0947 -0.0923 -0.9912
vn 0.4668 -0.0923 -0.8795
vn 0.7679 -0.0923 -0.6339
vn 0.9520 -0.0923 -0.2918
vn 0.9912 -0.0923 0.0947
vn 0.8795 -0.0923 0.4668
vn 0.5164 -0.5849 0.6255
vn 0.2377 -0.5849 0.7755
vn -0.0771 -0.5849 0.8074
vn -0.3802 -0.5849 0.7164
vn -0.6255 -0.5849 0.5164
vn -0.7755 -0.5849 0.2377
vn -0.8074 -0.5849 -0.0771
vn -0.7164 -0.5849 -0.3802
vn -0.5164 -0.5849 -0.6255
vn -0.2377 -0.5849 -0.7755
vn 0.0771 -0.5849 -0.8074
vn 0.3802 -0.5849 -0.7164
vn 0.6255 -0.5849 -0.5164
vn 0.7755 -0.5849 -0.2377
vn 0.8074 -0.5849 0.0771
vn 0.7164 -0.5849 0.3802
vn 0.6128 0.2714 0.7422
vn 0.2821 0.2714 0.9202
vn 0.2716 0.3760 0.8859
vn 0.5899 0.3760 0.7145
vn -0.0915 0.2714 0.9581
vn -0.0881 0.3760 0.9224
vn -0.4512 0.2714 0.8501
vn -0.4344 0.3760 0.8185
vn -0.7422 0.2714 0.6128
vn -0.7145 0.3760 0.5899
vn -0.9202 0.2714 0.2821
vn -0.8859 0.3760 0.2716
vn -0.9581 0.2714 -0.0915
vn -0.9224 0.3760 -0.0881
vn -0.8501 0.2714 -0.4512
vn -0.8185 0.3760 -0.4344
vn -0.6128 0.2714 -0.7422
vn -0.5899 0.3760 -0.7145
vn -0.2821 0.2714 -0.9202
vn -0.2716 0.3760 -0.8859
vn 0.0915 0.2714 -0.9581
vn 0.0881 0.3760 -0.9224
vn 0.4512 0.2714 -0.8501
vn 0.4344 0.3760 -0.8185
vn 0.7422 0.2714 -0.6128
vn 0.7146 0.3760 -0.5899
vn 0.9202 0.2714 -0.2821
vn 0.8859 0.3760 -0.2716
vn 0.9581 0.2714 0.0915
vn 0.9224 0.3760 0.0881
vn 0.8501 0.2714 0.4512
vn 0.8185 0.3760 0.4344
vn 0.2428 0.5602 0.7920
vn 0.5274 0.5602 0.6388
vn -0.0788 0.5602 0.8246
vn -0.3884 0.5602 0.7317
vn -0.6388 0.5602 0.5274
vn -0.7920 0.5602 0.2428
vn -0.8246 0.5602 -0.0788
vn -0.7317 0.5602 -0.3884
vn -0.5274 0.5602 -0.6388
vn -0.2428 0.5602 -0.7920
vn 0.0788 0.5602 -0.8246
vn 0.3884 0.5602 -0.7317
vn 0.6388 0.5602 -0.5274
vn 0.7920 0.5602 -0.2428
vn 0.8246 0.5602 0.0788
vn 0.7317 0.5602 0.3884
vn 0.2073 0.7069 0.6763
vn 0.4503 0.7069 0.5455
vn -0.0673 0.7069 0.7041
vn -0.3316 0.7069 0.6248
vn -0.5455 0.7069 0.4503
vn -0.6763 0.7069 0.2073
vn -0.7042 0.7069 -0.0673
vn -0.6248 0.7069 -0.3316
vn -0.4503 0.7069 -0.5455
vn -0.2073 0.7069 -0.6763
vn 0.0673 0.7069 -0.7042
vn 0.3316 0.7069 -0.6248
vn 0.5455 0.7069 -0.4503
vn 0.6763 0.7069 -0.2073
vn 0.7042 0.7069 0.0673
vn 0.6248 0.7069 0.3316
vn 0.1715 0.8109 0.5595
vn 0.3725 0.8109 0.4512
vn -0.0556 0.8109 0.5825
vn -0.2743 0.8109 0.5169
vn -0.4512 0.8109 0.3725
vn -0.5595 0.8109 0.1715
vn -0.5825 0.8109 -0.0556
vn -0.5169 0.8109 -0.2743
vn -0.3725 0.8109 -0.4512
vn -0.1715 0.8109 -0.5595
vn 0.0556 0.8109 -0.5825
vn 0.2743 0.8109 -0.5169
vn 0.4512 0.8109 -0.3725
vn 0.5595 0.8109 -0.1715
vn 0.5825 0.8109 0.0556
vn 0.5169 0.8109 0.2743
vn 0.1394 0.8797 0.4546
vn 0.3027 0.8797 0.3667
vn -0.0452 0.8797 0.4734
vn -0.2229 0.8797 0.4200
vn -0.3667 0.8797 0.3027
vn -0.4546 0.8797 0.1394
vn -0.4734 0.8797 -0.0452
vn -0.4200 0.8797 -0.2229
vn -0.3027 0.8797 -0.3667
vn -0.1394 0.8797 -0.4546
vn 0.0452 0.8797 -0.4734
vn 0.2229 0.8797 -0.4200
vn 0.3667 0.8797 -0.3027
vn 0.4546 0.8797 -0.1394
vn 0.4734 0.8797 0.0452
vn 0.4200 0.8797 0.2229
vn 0.2924 -0.0663 0.9540
vn 0.6353 -0.0663 0.7694
vn 0.6365 0.0247 0.7709
vn 0.2930 0.0247 0.9558
vn -0.4678 -0.0663 0.8814
vn -0.0949 -0.0663 0.9933
vn -0.0951 0.0247 0.9952
vn -0.4687 0.0247 0.8830
vn -0.7695 -0.0663 0.6353
vn -0.7709 0.0247 0.6365
vn -0.9540 -0.0663 0.2924
vn -0.9558 0.0247 0.2930
vn -0.9933 -0.0663 -0.0949
vn -0.9952 0.0247 -0.0951
vn -0.8814 -0.0663 -0.4678
vn -0.8830 0.0247 -0.4687
vn -0.6353 -0.0663 -0.7695
vn -0.6365 0.0247 -0.7709
vn -0.2924 -0.0663 -0.9540
vn -0.2930 0.0247 -0.9558
vn 0.0949 -0.0663 -0.9933
vn 0.0951 0.0247 -0.9952
vn 0.4678 -0.0663 -0.8814
vn 0.4687 0.0247 -0.8830
vn 0.7695 -0.0663 -0.6353
vn 0.7709 0.0247 -0.6365
vn 0.9540 -0.0663 -0.2924
vn 0.9558 0.0247 -0.2930
vn 0.9933 -0.0663 0.0949
vn 0.9952 0.0247 0.0951
vn 0.8814 -0.0663 0.4678
vn 0.8830 0.0247 0.4687
vn 0.1996 0.9496 0.2417
vn 0.0919 0.9496 0.2997
vn -0.0298 0.9496 0.3120
vn -0.0457 0.8768 0.4787
vn 0.1409 0.8768 0.4598
vn -0.1469 0.9496 0.2769
vn -0.2254 0.8768 0.4247
vn -0.2417 0.9496 0.1996
vn -0.3708 0.8768 0.3061
vn -0.2997 0.9496 0.0919
vn -0.4597 0.8768 0.1409
vn -0.3120 0.9496 -0.0298
vn -0.4787 0.8768 -0.0457
vn -0.2769 0.9496 -0.1470
vn -0.4247 0.8768 -0.2254
vn -0.1996 0.9496 -0.2417
vn -0.3061 0.8768 -0.3708
vn -0.0919 0.9496 -0.2997
vn -0.1409 0.8768 -0.4598
vn 0.0298 0.9496 -0.3120
vn 0.0457 0.8768 -0.4787
vn 0.1469 0.9496 -0.2769
vn 0.2254 0.8768 -0.4247
vn 0.2417 0.9496 -0.1996
vn 0.3708 0.8768 -0.3061
vn 0.2997 0.9496 -0.0919
vn 0.4597 0.8768 -0.1409
vn 0.3120 0.9496 0.0298
vn 0.4787 0.8768 0.0457
vn 0.2769 0.9496 0.1469
vn 0.4247 0.8768 0.2254
vn 0.3061 0.8768 0.3708
vn -0.7711 0.0000 0.6367
vn -0.9561 0.0000 0.2931
vn 0.6158 0.2540 0.7459
vn 0.2835 0.2540 0.9247
vn 0.5549 0.4902 0.6721
vn 0.2555 0.4902 0.8333
vn 0.4776 0.6612 0.5785
vn 0.2199 0.6612 0.7173
vn 0.3876 0.7934 0.4694
vn 0.1784 0.7934 0.5820
vn -0.0920 0.2540 0.9628
vn -0.0829 0.4902 0.8676
vn -0.0713 0.6612 0.7468
vn -0.0579 0.7934 0.6060
vn -0.4534 0.2540 0.8543
vn -0.4086 0.4902 0.7699
vn -0.3517 0.6612 0.6627
vn -0.2854 0.7934 0.5377
vn -0.7459 0.2540 0.6158
vn -0.6721 0.4902 0.5549
vn -0.5785 0.6612 0.4776
vn -0.4694 0.7934 0.3876
vn -0.9247 0.2540 0.2835
vn -0.8333 0.4902 0.2555
vn -0.7173 0.6612 0.2199
vn -0.5820 0.7934 0.1784
vn -0.9628 0.2540 -0.0920
vn -0.8676 0.4902 -0.0829
vn -0.7468 0.6612 -0.0713
vn -0.6060 0.7934 -0.0579
vn -0.8543 0.2540 -0.4534
vn -0.7699 0.4902 -0.4086
vn -0.6627 0.6612 -0.3517
vn -0.5377 0.7934 -0.2854
vn -0.6158 0.2540 -0.7459
vn -0.5549 0.4902 -0.6721
vn -0.4776 0.6612 -0.5785
vn -0.3876 0.7934 -0.4694
vn -0.2835 0.2540 -0.9247
vn -0.2555 0.4902 -0.8333
vn -0.2199 0.6612 -0.7173
vn -0.1784 0.7934 -0.5820
vn 0.0920 0.2540 -0.9628
vn 0.0829 0.4902 -0.8676
vn 0.0713 0.6612 -0.7468
vn 0.0579 0.7934 -0.6060
vn 0.4534 0.2540 -0.8543
vn 0.4086 0.4902 -0.7699
vn 0.3517 0.6612 -0.6627
vn 0.2854 0.7934 -0.5377
vn 0.7459 0.2540 -0.6158
vn 0.6721 0.4902 -0.5549
vn 0.5785 0.6612 -0.4776
vn 0.4694 0.7934 -0.3876
vn 0.9247 0.2540 -0.2835
vn 0.8333 0.4902 -0.2555
vn 0.7173 0.6612 -0.2199
vn 0.5820 0.7934 -0.1784
vn 0.9628 0.2540 0.0920
vn 0.8676 0.4902 0.0829
vn 0.7468 0.6612 0.0713
vn 0.6060 0.7934 0.0579
vn 0.8543 0.2540 0.4534
vn 0.7699 0.4902 0.4086
vn 0.6627 0.6612 0.3517
vn 0.5377 0.7934 0.2854
vn 0.4393 0.7238 0.5321
vn 0.2022 0.7238 0.6597
vn 0.3720 0.8115 0.4506
vn 0.1713 0.8115 0.5587
vn 0.3121 0.8716 0.3780
vn 0.1437 0.8716 0.4686
vn 0.2490 0.9204 0.3016
vn 0.1146 0.9204 0.3739
vn 0.6270 -0.1737 0.7594
vn 0.2886 -0.1737 0.9415
vn 0.6364 0.0266 0.7709
vn 0.2930 0.0266 0.9557
vn 0.6227 0.2085 0.7542
vn 0.2866 0.2085 0.9351
vn 0.5861 0.3905 0.7099
vn 0.2698 0.3905 0.8802
vn -0.0656 0.7238 0.6869
vn -0.0556 0.8115 0.5817
vn -0.0466 0.8716 0.4879
vn -0.0372 0.9204 0.3893
vn -0.0937 -0.1737 0.9803
vn -0.0951 0.0266 0.9951
vn -0.0930 0.2085 0.9736
vn -0.0875 0.3905 0.9164
vn -0.3235 0.7238 0.6095
vn -0.2739 0.8115 0.5161
vn -0.2298 0.8716 0.4329
vn -0.1833 0.9204 0.3454
vn -0.4617 -0.1737 0.8699
vn -0.4686 0.0266 0.8830
vn -0.4585 0.2085 0.8639
vn -0.4316 0.3905 0.8132
vn -0.5321 0.7238 0.4393
vn -0.4506 0.8115 0.3720
vn -0.3780 0.8716 0.3120
vn -0.3016 0.9204 0.2490
vn -0.7594 -0.1737 0.6270
vn -0.7709 0.0266 0.6364
vn -0.7542 0.2085 0.6227
vn -0.7099 0.3905 0.5861
vn -0.6597 0.7238 0.2022
vn -0.5587 0.8115 0.1713
vn -0.4686 0.8716 0.1437
vn -0.3739 0.9204 0.1146
vn -0.9415 -0.1737 0.2886
vn -0.9557 0.0266 0.2930
vn -0.9351 0.2085 0.2866
vn -0.8802 0.3905 0.2698
vn -0.6869 0.7238 -0.0656
vn -0.5817 0.8115 -0.0556
vn -0.4879 0.8716 -0.0466
vn -0.3893 0.9204 -0.0372
vn -0.9803 -0.1737 -0.0937
vn -0.9951 0.0266 -0.0951
vn -0.9736 0.2085 -0.0930
vn -0.9164 0.3905 -0.0875
vn -0.6095 0.7238 -0.3235
vn -0.5161 0.8115 -0.2739
vn -0.4329 0.8716 -0.2298
vn -0.3454 0.9204 -0.1833
vn -0.8699 -0.1737 -0.4617
vn -0.8830 0.0266 -0.4686
vn -0.8639 0.2085 -0.4585
vn -0.8132 0.3905 -0.4316
vn -0.4393 0.7238 -0.5321
vn -0.3720 0.8115 -0.4506
vn -0.3121 0.8716 -0.3780
vn -0.2490 0.9204 -0.3016
vn -0.6270 -0.1737 -0.7594
vn -0.6364 0.0266 -0.7709
vn -0.6227 0.2085 -0.7542
vn -0.5861 0.3905 -0.7099
vn -0.2022 0.7238 -0.6597
vn -0.1713 0.8115 -0.5587
vn -0.1437 0.8716 -0.4686
vn -0.1146 0.9204 -0.3739
vn -0.2886 -0.1737 -0.9416
vn -0.2930 0.0266 -0.9557
vn -0.2867 0.2085 -0.9351
vn -0.2698 0.3905 -0.8802
vn 0.0656 0.7238 -0.6869
vn 0.0556 0.8115 -0.5817
vn 0.0466 0.8716 -0.4879
vn 0.0372 0.9204 -0.3893
vn 0.0936 -0.1737 -0.9803
vn 0.0951 0.0266 -0.9951
vn 0.0930 0.2085 -0.9736
vn 0.0875 0.3905 -0.9164
vn 0.3235 0.7238 -0.6095
vn 0.2739 0.8115 -0.5161
vn 0.2298 0.8716 -0.4329
vn 0.1833 0.9204 -0.3455
vn 0.4617 -0.1737 -0.8699
vn 0.4686 0.0266 -0.8830
vn 0.4585 0.2085 -0.8639
vn 0.4316 0.3905 -0.8132
vn 0.5321 0.7238 -0.4393
vn 0.4506 0.8115 -0.3720
vn 0.3780 0.8716 -0.3120
vn 0.3016 0.9204 -0.2490
vn 0.7594 -0.1737 -0.6270
vn 0.7709 0.0266 -0.6364
vn 0.7542 0.2085 -0.6227
vn 0.7099 0.3905 -0.5861
vn 0.6597 0.7238 -0.2022
vn 0.5587 0.8115 -0.1713
vn 0.4686 0.8716 -0.1437
vn 0.3739 0.9204 -0.1146
vn 0.9415 -0.1737 -0.2886
vn 0.9557 0.0266 -0.2930
vn 0.9351 0.2085 -0.2867
vn 0.8802 0.3905 -0.2698
vn 0.6869 0.7238 0.0656
vn 0.5817 0.8115 0.0556
vn 0.4879 0.8716 0.0466
vn 0.3893 0.9204 0.0372
vn 0.9803 -0.1737 0.0937
vn 0.9951 0.0266 0.0951
vn 0.9736 0.2085 0.0930
vn 0.9164 0.3905 0.0875
vn 0.6095 0.7238 0.3235
vn 0.5161 0.8115 0.2739
vn 0.4329 0.8716 0.2298
vn 0.3454 0.9204 0.1833
vn 0.8699 -0.1737 0.4617
vn 0.8830 0.0266 0.4686
vn 0.8639 0.2085 0.4585
vn 0.8131 0.3905 0.4316
vn -0.0951 0.0000 0.9955
vn -0.4688 0.0000 0.8833
vn 0.6367 0.0000 0.7711
vn 0.2931 0.0000 0.9561
vn 0.9955 0.0000 0.0951
vn 0.8833 0.0000 0.4688
vn 0.7712 0.0000 -0.6366
vn 0.9561 0.0000 -0.2931
vn 0.0951 0.0000 -0.9955
vn 0.4688 0.0000 -0.8833
vn -0.6367 0.0000 -0.7711
vn -0.2931 0.0000 -0.9561
vn -0.8833 0.0000 -0.4688
vn -0.9955 0.0000 -0.0951
usemtl vase_texture
s off
f 1779/1/1 1777/2/1 1778/3/1 1792/4/1 1791/5/1 1790/6/1 1789/7/1 1788/8/1 1787/9/1 1786/10/1 1785/11/1 1784/12/1 1783/13/1 1782/14/1 1781/15/1 1780/16/1
s 1
f 1/17/2 2/18/3 50/19/4 49/20/5
f 49/20/5 50/19/4 98/21/6 97/22/7
f 97/22/7 98/21/6 146/23/8 145/24/9
f 145/24/9 146/23/8 194/25/10 193/26/11
f 193/26/11 194/25/10 242/27/12 241/28/13
f 241/28/13 242/27/12 290/29/14 289/30/15
f 289/30/15 290/29/14 338/31/16 337/32/17
f 337/32/17 338/31/16 386/33/18 385/34/19
f 385/34/19 386/33/18 434/35/20 433/36/21
f 433/36/21 434/35/20 482/37/22 481/38/23
f 481/38/23 482/37/22 530/39/24 529/40/25
f 529/40/25 530/39/24 578/41/26 577/42/27
f 577/42/27 578/41/26 626/43/28 625/44/29
f 625/44/29 626/43/28 674/45/30 673/46/31
f 673/46/31 674/45/30 722/47/32 721/48/33
f 721/48/33 722/47/32 2/49/3 1/50/2
f 2/18/3 3/51/34 51/52/35 50/19/4
f 50/19/4 51/52/35 99/53/36 98/21/6
f 98/21/6 99/53/36 147/54/37 146/23/8
f 146/23/8 147/54/37 195/55/38 194/25/10
f 194/25/10 195/55/38 243/56/39 242/27/12
f 242/27/12 243/56/39 291/57/40 290/29/14
f 290/29/14 291/57/40 339/58/41 338/31/16
f 338/31/16 339/58/41 387/59/42 386/33/18
f 386/33/18 387/59/42 435/60/43 434/35/20
f 434/35/20 435/60/43 483/61/44 482/37/22
f 482/37/22 483/61/44 531/62/45 530/39/24
f 530/39/24 531/62/45 579/63/46 578/41/26
f 578/41/26 579/63/46 627/64/47 626/43/28
f 626/43/28 627/64/47 675/65/48 674/45/30
f 674/45/30 675/65/48 723/66/49 722/47/32
f 722/47/32 723/66/49 3/67/34 2/49/3
f 3/51/34 4/68/50 52/69/51 51/52/35
f 51/52/35 52/69/51 100/70/52 99/53/36
f 99/53/36 100/70/52 148/71/53 147/54/37
f 147/54/37 148/71/53 196/72/54 195/55/38
f 195/55/38 196/72/54 244/73/55 243/56/39
f 243/56/39 244/73/55 292/74/56 291/57/40
f 291/57/40 292/74/56 340/75/57 339/58/41
f 339/58/41 340/75/57 388/76/58 387/59/42
f 387/59/42 388/76/58 436/77/59 435/60/43
f 435/60/43 436/77/59 484/78/60 483/61/44
f 483/61/44 484/78/60 532/79/61 531/62/45
f 531/62/45 532/79/61 580/80/62 579/63/46
f 579/63/46 580/80/62 628/81/63 627/64/47
f 627/64/47 628/81/63 676/82/64 675/65/48
f 675/65/48 676/82/64 724/83/65 723/66/49
f 723/66/49 724/83/65 4/84/50 3/67/34
f 4/68/50 5/85/66 53/86/67 52/69/51
f 52/69/51 53/86/67 101/87/68 100/70/52
f 100/70/52 101/87/68 149/88/69 148/71/53
f 148/71/53 149/88/69 197/89/70 196/72/54
f 196/72/54 197/89/70 245/90/71 244/73/55
f 244/73/55 245/90/71 293/91/72 292/74/56
f 292/74/56 293/91/72 341/92/73 340/75/57
f 340/75/57 341/92/73 389/93/74 388/76/58
f 388/76/58 389/93/74 437/94/75 436/77/59
f 436/77/59 437/94/75 485/95/76 484/78/60
f 484/78/60 485/95/76 533/96/77 532/79/61
f 532/79/61 533/96/77 581/97/78 580/80/62
f 580/80/62 581/97/78 629/98/79 628/81/63
f 628/81/63 629/98/79 677/99/80 676/82/64
f 676/82/64 677/99/80 725/100/81 724/83/65
f 724/83/65 725/100/81 5/101/66 4/84/50
f 5/85/66 6/102/82 54/103/83 53/86/67
f 53/86/67 54/103/83 102/104/84 101/87/68
f 101/87/68 102/104/84 150/105/85 149/88/69
f 149/88/69 150/105/85 198/106/86 197/89/70
f 197/89/70 198/106/86 246/107/87 245/90/71
f 245/90/71 246/107/87 294/108/88 293/91/72
f 293/91/72 294/108/88 342/109/89 341/92/73
f 341/92/73 342/109/89 390/110/90 389/93/74
f 389/93/74 390/110/90 438/111/91 437/94/75
f 437/94/75 438/111/91 486/112/92 485/95/76
f 485/95/76 486/112/92 534/113/93 533/96/77
f 533/96/77 534/113/93 582/114/94 581/97/78
f 581/97/78 582/114/94 630/115/95 629/98/79
f 629/98/79 630/115/95 678/116/96 677/99/80
f 677/99/80 678/116/96 726/117/97 725/100/81
f 725/100/81 726/117/97 6/118/82 5/101/66
f 6/102/82 7/119/98 55/120/99 54/103/83
f 54/103/83 55/120/99 103/121/100 102/104/84
f 102/104/84 103/121/100 151/122/101 150/105/85
f 150/105/85 151/122/101 199/123/102 198/106/86
f 198/106/86 199/123/102 247/124/103 246/107/87
f 246/107/87 247/124/103 295/125/104 294/108/88
f 294/108/88 295/125/104 343/126/105 342/109/89
f 342/109/89 343/126/105 391/127/106 390/110/90
f 390/110/90 391/127/106 439/128/107 438/111/91
f 438/111/91 439/128/107 487/129/108 486/112/92
f 486/112/92 487/129/108 535/130/109 534/113/93
f 534/113/93 535/130/109 583/131/110 582/114/94
f 582/114/94 583/131/110 631/132/111 630/115/95
f 630/115/95 631/132/111 679/133/112 678/116/96
f 678/116/96 679/133/112 727/134/113 726/117/97
f 726/117/97 727/134/113 7/135/98 6/118/82
f 7/119/98 8/136/114 56/137/115 55/120/99
f 55/120/99 56/137/115 104/138/116 103/121/100
f 103/121/100 104/138/116 152/139/117 151/122/101
f 151/122/101 152/139/117 200/140/118 199/123/102
f 199/123/102 200/140/118 248/141/119 247/124/103
f 247/124/103 248/141/119 296/142/120 295/125/104
f 295/125/104 296/142/120 344/143/121 343/126/105
f 343/126/105 344/143/121 392/144/122 391/127/106
f 391/127/106 392/144/122 440/145/123 439/128/107
f 439/128/107 440/145/123 488/146/124 487/129/108
f 487/129/108 488/146/124 536/147/125 535/130/109
f 535/130/109 536/147/125 584/148/126 583/131/110
f 583/131/110 584/148/126 632/149/127 631/132/111
f 631/132/111 632/149/127 680/150/128 679/133/112
f 679/133/112 680/150/128 728/151/129 727/134/113
f 727/134/113 728/151/129 8/152/114 7/135/98
f 8/136/114 9/153/130 57/154/131 56/137/115
f 56/137/115 57/154/131 105/155/132 104/138/116
f 104/138/116 105/155/132 153/156/133 152/139/117
f 152/139/117 153/156/133 201/157/134 200/140/118
f 200/140/118 201/157/134 249/158/135 248/141/119
f 248/141/119 249/158/135 297/159/136 296/142/120
f 296/142/120 297/159/136 345/160/137 344/143/121
f 344/143/121 345/160/137 393/161/138 392/144/122
f 392/144/122 393/161/138 441/162/139 440/145/123
f 440/145/123 441/162/139 489/163/140 488/146/124
f 488/146/124 489/163/140 537/164/141 536/147/125
f 536/147/125 537/164/141 585/165/142 584/148/126
f 584/148/126 585/165/142 633/166/143 632/149/127
f 632/149/127 633/166/143 681/167/144 680/150/128
f 680/150/128 681/167/144 729/168/145 728/151/129
f 728/151/129 729/168/145 9/169/130 8/152/114
f 9/153/130 10/170/146 58/171/147 57/154/131
f 57/154/131 58/171/147 106/172/148 105/155/132
f 105/155/132 106/172/148 154/173/149 153/156/133
f 153/156/133 154/173/149 202/174/150 201/157/134
f 201/157/134 202/174/150 250/175/151 249/158/135
f 249/158/135 250/175/151 298/176/152 297/159/136
f 297/159/136 298/176/152 346/177/153 345/160/137
f 345/160/137 346/177/153 394/178/154 393/161/138
f 393/161/138 394/178/154 442/179/155 441/162/139
f 441/162/139 442/179/155 490/180/156 489/163/140
f 489/163/140 490/180/156 538/181/157 537/164/141
f 537/164/141 538/181/157 586/182/158 585/165/142
f 585/165/142 586/182/158 634/183/159 633/166/143
f 633/166/143 634/183/159 682/184/160 681/167/144
f 681/167/144 682/184/160 730/185/161 729/168/145
f 729/168/145 730/185/161 10/186/146 9/169/130
f 10/170/146 11/187/162 59/188/163 58/171/147
f 58/171/147 59/188/163 107/189/164 106/172/148
f 106/172/148 107/189/164 155/190/165 154/173/149
f 154/173/149 155/190/165 203/191/166 202/174/150
f 202/174/150 203/191/166 251/192/167 250/175/151
f 250/175/151 251/192/167 299/193/168 298/176/152
f 298/176/152 299/193/168 347/194/169 346/177/153
f 346/177/153 347/194/169 395/195/170 394/178/154
f 394/178/154 395/195/170 443/196/171 442/179/155
f 442/179/155 443/196/171 491/197/172 490/180/156
f 490/180/156 491/197/172 539/198/173 538/181/157
f 538/181/157 539/198/173 587/199/174 586/182/158
f 586/182/158 587/199/174 635/200/175 634/183/159
f 634/183/159 635/200/175 683/201/176 682/184/160
f 682/184/160 683/201/176 731/202/177 730/185/161
f 730/185/161 731/202/177 11/203/162 10/186/146
f 11/187/162 12/204/178 60/205/179 59/188/163
f 59/188/163 60/205/179 108/206/180 107/189/164
f 107/189/164 108/206/180 156/207/181 155/190/165
f 155/190/165 156/207/181 204/208/182 203/191/166
f 203/191/166 204/208/182 252/209/183 251/192/167
f 251/192/167 252/209/183 300/210/184 299/193/168
f 299/193/168 300/210/184 348/211/185 347/194/169
f 347/194/169 348/211/185 396/212/186 395/195/170
f 395/195/170 396/212/186 444/213/187 443/196/171
f 443/196/171 444/213/187 492/214/188 491/197/172
f 491/197/172 492/214/188 540/215/189 539/198/173
f 539/198/173 540/215/189 588/216/190 587/199/174
f 587/199/174 588/216/190 636/217/191 635/200/175
f 635/200/175 636/217/191 684/218/192 683/201/176
f 683/201/176 684/218/192 732/219/193 731/202/177
f 731/202/177 732/219/193 12/220/178 11/203/162
f 12/204/178 13/221/194 61/222/195 60/205/179
f 60/205/179 61/222/195 109/223/196 108/206/180
f 108/206/180 109/223/196 157/224/197 156/207/181
f 156/207/181 157/224/197 205/225/198 204/208/182
f 204/208/182 205/225/198 253/226/199 252/209/183
f 252/209/183 253/226/199 301/227/200 300/210/184
f 300/210/184 301/227/200 349/228/201 348/211/185
f 348/211/185 349/228/201 397/229/202 396/212/186
f 396/212/186 397/229/202 445/230/203 444/213/187
f 444/213/187 445/230/203 493/231/204 492/214/188
f 492/214/188 493/231/204 541/232/205 540/215/189
f 540/215/189 541/232/205 589/233/206 588/216/190
f 588/216/190 589/233/206 637/234/207 636/217/191
f 636/217/191 637/234/207 685/235/208 684/218/192
f 684/218/192 685/235/208 733/236/209 732/219/193
f 732/219/193 733/236/209 13/237/194 12/220/178
f 13/221/194 14/238/210 62/239/211 61/222/195
f 61/222/195 62/239/211 110/240/212 109/223/196
f 109/223/196 110/240/212 158/241/213 157/224/197
f 157/224/197 158/241/213 206/242/214 205/225/198
f 205/225/198 206/242/214 254/243/215 253/226/199
f 253/226/199 254/243/215 302/244/216 301/227/200
f 301/227/200 302/244/216 350/245/217 349/228/201
f 349/228/201 350/245/217 398/246/218 397/229/202
f 397/229/202 398/246/218 446/247/219 445/230/203
f 445/230/203 446/247/219 494/248/220 493/231/204
f 493/231/204 494/248/220 542/249/221 541/232/205
f 541/232/205 542/249/221 590/250/222 589/233/206
f 589/233/206 590/250/222 638/251/223 637/234/207
f 637/234/207 638/251/223 686/252/224 685/235/208
f 685/235/208 686/252/224 734/253/225 733/236/209
f 733/236/209 734/253/225 14/254/210 13/237/194
f 14/238/210 15/255/226 63/256/227 62/239/211
f 62/239/211 63/256/227 111/257/228 110/240/212
f 110/240/212 111/257/228 159/258/229 158/241/213
f 158/241/213 159/258/229 207/259/230 206/242/214
f 206/242/214 207/259/230 255/260/231 254/243/215
f 254/243/215 255/260/231 303/261/232 302/244/216
f 302/244/216 303/261/232 351/262/233 350/245/217
f 350/245/217 351/262/233 399/263/234 398/246/218
f 398/246/218 399/263/234 447/264/235 446/247/219
f 446/247/219 447/264/235 495/265/236 494/248/220
f 494/248/220 495/265/236 543/266/237 542/249/221
f 542/249/221 543/266/237 591/267/238 590/250/222
f 590/250/222 591/267/238 639/268/239 638/251/223
f 638/251/223 639/268/239 687/269/240 686/252/224
f 686/252/224 687/269/240 735/270/241 734/253/225
f 734/253/225 735/270/241 15/271/226 14/254/210
f 15/255/226 16/272/242 64/273/243 63/256/227
f 63/256/227 64/273/243 112/274/244 111/257/228
f 111/257/228 112/274/244 160/275/245 159/258/229
f 159/258/229 160/275/245 208/276/246 207/259/230
f 207/259/230 208/276/246 256/277/247 255/260/231
f 255/260/231 256/277/247 304/278/248 303/261/232
f 303/261/232 304/278/248 352/279/249 351/262/233
f 351/262/233 352/279/249 400/280/250 399/263/234
f 399/263/234 400/280/250 448/281/251 447/264/235
f 447/264/235 448/281/251 496/282/252 495/265/236
f 495/265/236 496/282/252 544/283/253 543/266/237
f 543/266/237 544/283/253 592/284/254 591/267/238
f 591/267/238 592/284/254 640/285/255 639/268/239
f 639/268/239 640/285/255 688/286/256 687/269/240
f 687/269/240 688/286/256 736/287/257 735/270/241
f 735/270/241 736/287/257 16/288/242 15/271/226
f 16/272/242 17/289/258 65/290/259 64/273/243
f 64/273/243 65/290/259 113/291/260 112/274/244
f 112/274/244 113/291/260 161/292/261 160/275/245
f 160/275/245 161/292/261 209/293/262 208/276/246
f 208/276/246 209/293/262 257/294/263 256/277/247
f 256/277/247 257/294/263 305/295/264 304/278/248
f 304/278/248 305/295/264 353/296/265 352/279/249
f 352/279/249 353/296/265 401/297/266 400/280/250
f 400/280/250 401/297/266 449/298/267 448/281/251
f 448/281/251 449/298/267 497/299/268 496/282/252
f 496/282/252 497/299/268 545/300/269 544/283/253
f 544/283/253 545/300/269 593/301/270 592/284/254
f 592/284/254 593/301/270 641/302/271 640/285/255
f 640/285/255 641/302/271 689/303/272 688/286/256
f 688/286/256 689/303/272 737/304/273 736/287/257
f 736/287/257 737/304/273 17/305/258 16/288/242
f 17/289/258 18/306/274 66/307/275 65/290/259
f 65/290/259 66/307/275 114/308/276 113/291/260
f 113/291/260 114/308/276 162/309/277 161/292/261
f 161/292/261 162/309/277 210/310/278 209/293/262
f 209/293/262 210/310/278 258/311/279 257/294/263
f 257/294/263 258/311/279 306/312/280 305/295/264
f 305/295/264 306/312/280 354/313/281 353/296/265
f 353/296/265 354/313/281 402/314/282 401/297/266
f 401/297/266 402/314/282 450/315/283 449/298/267
f 449/298/267 450/315/283 498/316/284 497/299/268
f 497/299/268 498/316/284 546/317/285 545/300/269
f 545/300/269 546/317/285 594/318/286 593/301/270
f 593/301/270 594/318/286 642/319/287 641/302/271
f 641/302/271 642/319/287 690/320/288 689/303/272
f 689/303/272 690/320/288 738/321/289 737/304/273
f 737/304/273 738/321/289 18/322/274 17/305/258
f 18/306/274 19/323/290 67/324/291 66/307/275
f 66/307/275 67/324/291 115/325/292 114/308/276
f 114/308/276 115/325/292 163/326/293 162/309/277
f 162/309/277 163/326/293 211/327/294 210/310/278
f 210/310/278 211/327/294 259/328/295 258/311/279
f 258/311/279 259/328/295 307/329/296 306/312/280
f 306/312/280 307/329/296 355/330/297 354/313/281
f 354/313/281 355/330/297 403/331/298 402/314/282
f 402/314/282 403/331/298 451/332/299 450/315/283
f 450/315/283 451/332/299 499/333/300 498/316/284
f 498/316/284 499/333/300 547/334/301 546/317/285
f 546/317/285 547/334/301 595/335/302 594/318/286
f 594/318/286 595/335/302 643/336/303 642/319/287
f 642/319/287 643/336/303 691/337/304 690/320/288
f 690/320/288 691/337/304 739/338/305 738/321/289
f 738/321/289 739/338/305 19/339/290 18/322/274
f 19/323/290 20/340/306 68/341/307 67/324/291
f 67/324/291 68/341/307 116/342/308 115/325/292
f 115/325/292 116/342/308 164/343/309 163/326/293
f 163/326/293 164/343/309 212/344/310 211/327/294
f 211/327/294 212/344/310 260/345/311 259/328/295
f 259/328/295 260/345/311 308/346/312 307/329/296
f 307/329/296 308/346/312 356/347/313 355/330/297
f 355/330/297 356/347/313 404/348/314 403/331/298
f 403/331/298 404/348/314 452/349/315 451/332/299
f 451/332/299 452/349/315 500/350/316 499/333/300
f 499/333/300 500/350/316 548/351/317 547/334/301
f 547/334/301 548/351/317 596/352/318 595/335/302
f 595/335/302 596/352/318 644/353/319 643/336/303
f 643/336/303 644/353/319 692/354/320 691/337/304
f 691/337/304 692/354/320 740/355/321 739/338/305
f 739/338/305 740/355/321 20/356/306 19/339/290
f 20/340/306 21/357/322 69/358/323 68/341/307
f 68/341/307 69/358/323 117/359/324 116/342/308
f 116/342/308 117/359/324 165/360/325 164/343/309
f 164/343/309 165/360/325 213/361/326 212/344/310
f 212/344/310 213/361/326 261/362/327 260/345/311
f 260/345/311 261/362/327 309/363/328 308/346/312
f 308/346/312 309/363/328 357/364/329 356/347/313
f 356/347/313 357/364/329 405/365/330 404/348/314
f 404/348/314 405/365/330 453/366/331 452/349/315
f 452/349/315 453/366/331 501/367/332 500/350/316
f 500/350/316 501/367/332 549/368/333 548/351/317
f 548/351/317 549/368/333 597/369/334 596/352/318
f 596/352/318 597/369/334 645/370/335 644/353/319
f 644/353/319 645/370/335 693/371/336 692/354/320
f 692/354/320 693/371/336 741/372/337 740/355/321
f 740/355/321 741/372/337 21/373/322 20/356/306
f 21/357/322 22/374/338 70/375/339 69/358/323
f 69/358/323 70/375/339 118/376/340 117/359/324
f 117/359/324 118/376/340 166/377/341 165/360/325
f 165/360/325 166/377/341 214/378/342 213/361/326
f 213/361/326 214/378/342 262/379/343 261/362/327
f 261/362/327 262/379/343 310/380/344 309/363/328
f 309/363/328 310/380/344 358/381/345 357/364/329
f 357/364/329 358/381/345 406/382/346 405/365/330
f 405/365/330 406/382/346 454/383/347 453/366/331
f 453/366/331 454/383/347 502/384/348 501/367/332
f 501/367/332 502/384/348 550/385/349 549/368/333
f 549/368/333 550/385/349 598/386/350 597/369/334
f 597/369/334 598/386/350 646/387/351 645/370/335
f 645/370/335 646/387/351 694/388/352 693/371/336
f 693/371/336 694/388/352 742/389/353 741/372/337
f 741/372/337 742/389/353 22/390/338 21/373/322
f 22/374/338 23/391/354 71/392/355 70/375/339
f 70/375/339 71/392/355 119/393/356 118/376/340
f 118/376/340 119/393/356 167/394/357 166/377/341
f 166/377/341 167/394/357 215/395/358 214/378/342
f 214/378/342 215/395/358 263/396/359 262/379/343
f 262/379/343 263/396/359 311/397/360 310/380/344
f 310/380/344 311/397/360 359/398/361 358/381/345
f 358/381/345 359/398/361 407/399/362 406/382/346
f 406/382/346 407/399/362 455/400/363 454/383/347
f 454/383/347 455/400/363 503/401/364 502/384/348
f 502/384/348 503/401/364 551/402/365 550/385/349
f 550/385/349 551/402/365 599/403/366 598/386/350
f 598/386/350 599/403/366 647/404/367 646/387/351
f 646/387/351 647/404/367 695/405/368 694/388/352
f 694/388/352 695/405/368 743/406/369 742/389/353
f 742/389/353 743/406/369 23/407/354 22/390/338
f 23/391/354 24/408/370 72/409/371 71/392/355
f 71/392/355 72/409/371 120/410/372 119/393/356
f 119/393/356 120/410/372 168/411/373 167/394/357
f 167/394/357 168/411/373 216/412/374 215/395/358
f 215/395/358 216/412/374 264/413/375 263/396/359
f 263/396/359 264/413/375 312/414/376 311/397/360
f 311/397/360 312/414/376 360/415/377 359/398/361
f 359/398/361 360/415/377 408/416/378 407/399/362
f 407/399/362 408/416/378 456/417/379 455/400/363
f 455/400/363 456/417/379 504/418/380 503/401/364
f 503/401/364 504/418/380 552/419/381 551/402/365
f 551/402/365 552/419/381 600/420/382 599/403/366
f 599/403/366 600/420/382 648/421/383 647/404/367
f 647/404/367 648/421/383 696/422/384 695/405/368
f 695/405/368 696/422/384 744/423/385 743/406/369
f 743/406/369 744/423/385 24/424/370 23/407/354
f 24/408/370 25/425/386 73/426/387 72/409/371
f 72/409/371 73/426/387 121/427/388 120/410/372
f 120/410/372 121/427/388 169/428/389 168/411/373
f 168/411/373 169/428/389 217/429/390 216/412/374
f 216/412/374 217/429/390 265/430/391 264/413/375
f 264/413/375 265/430/391 313/431/392 312/414/376
f 312/414/376 313/431/392 361/432/393 360/415/377
f 360/415/377 361/432/393 409/433/394 408/416/378
f 408/416/378 409/433/394 457/434/395 456/417/379
f 456/417/379 457/434/395 505/435/396 504/418/380
f 504/418/380 505/435/396 553/436/397 552/419/381
f 552/419/381 553/436/397 601/437/398 600/420/382
f 600/420/382 601/437/398 649/438/399 648/421/383
f 648/421/383 649/438/399 697/439/400 696/422/384
f 696/422/384 697/439/400 745/440/401 744/423/385
f 744/423/385 745/440/401 25/441/386 24/424/370
f 25/425/386 26/442/402 74/443/403 73/426/387
f 73/426/387 74/443/403 122/444/404 121/427/388
f 121/427/388 122/444/404 170/445/405 169/428/389
f 169/428/389 170/445/405 218/446/406 217/429/390
f 217/429/390 218/446/406 266/447/407 265/430/391
f 265/430/391 266/447/407 314/448/408 313/431/392
f 313/431/392 314/448/408 362/449/409 361/432/393
f 361/432/393 362/449/409 410/450/410 409/433/394
f 409/433/394 410/450/410 458/451/411 457/434/395
f 457/434/395 458/451/411 506/452/412 505/435/396
f 505/435/396 506/452/412 554/453/413 553/436/397
f 553/436/397 554/453/413 602/454/414 601/437/398
f 601/437/398 602/454/414 650/455/415 649/438/399
f 649/438/399 650/455/415 698/456/416 697/439/400
f 697/439/400 698/456/416 746/457/417 745/440/401
f 745/440/401 746/457/417 26/458/402 25/441/386
f 26/442/402 27/459/418 75/460/419 74/443/403
f 74/443/403 75/460/419 123/461/420 122/444/404
f 122/444/404 123/461/420 171/462/421 170/445/405
f 170/445/405 171/462/421 219/463/422 218/446/406
f 218/446/406 219/463/422 267/464/423 266/447/407
f 266/447/407 267/464/423 315/465/424 314/448/408
f 314/448/408 315/465/424 363/466/425 362/449/409
f 362/449/409 363/466/425 411/467/426 410/450/410
f 410/450/410 411/467/426 459/468/427 458/451/411
f 458/451/411 459/468/427 507/469/428 506/452/412
f 506/452/412 507/469/428 555/470/429 554/453/413
f 554/453/413 555/470/429 603/471/430 602/454/414
f 602/454/414 603/471/430 651/472/431 650/455/415
f 650/455/415 651/472/431 699/473/432 698/456/416
f 698/456/416 699/473/432 747/474/433 746/457/417
f 746/457/417 747/474/433 27/475/418 26/458/402
f 27/459/418 28/476/434 76/477/435 75/460/419
f 75/460/419 76/477/435 124/478/436 123/461/420
f 123/461/420 124/478/436 172/479/437 171/462/421
f 171/462/421 172/479/437 220/480/438 219/463/422
f 219/463/422 220/480/438 268/481/439 267/464/423
f 267/464/423 268/481/439 316/482/440 315/465/424
f 315/465/424 316/482/440 364/483/441 363/466/425
f 363/466/425 364/483/441 412/484/442 411/467/426
f 411/467/426 412/484/442 460/485/443 459/468/427
f 459/468/427 460/485/443 508/486/444 507/469/428
f 507/469/428 508/486/444 556/487/445 555/470/429
f 555/470/429 556/487/445 604/488/446 603/471/430
f 603/471/430 604/488/446 652/489/447 651/472/431
f 651/472/431 652/489/447 700/490/448 699/473/432
f 699/473/432 700/490/448 748/491/449 747/474/433
f 747/474/433 748/491/449 28/492/434 27/475/418
f 28/476/434 29/493/450 77/494/451 76/477/435
f 76/477/435 77/494/451 125/495/452 124/478/436
f 124/478/436 125/495/452 173/496/453 172/479/437
f 172/479/437 173/496/453 221/497/454 220/480/438
f 220/480/438 221/497/454 269/498/455 268/481/439
f 268/481/439 269/498/455 317/499/456 316/482/440
f 316/482/440 317/499/456 365/500/457 364/483/441
f 364/483/441 365/500/457 413/501/458 412/484/442
f 412/484/442 413/501/458 461/502/459 460/485/443
f 460/485/443 461/502/459 509/503/460 508/486/444
f 508/486/444 509/503/460 557/504/461 556/487/445
f 556/487/445 557/504/461 605/505/462 604/488/446
f 604/488/446 605/505/462 653/506/463 652/489/447
f 652/489/447 653/506/463 701/507/464 700/490/448
f 700/490/448 701/507/464 749/508/465 748/491/449
f 748/491/449 749/508/465 29/509/450 28/492/434
f 29/493/450 30/510/466 78/511/467 77/494/451
f 77/494/451 78/511/467 126/512/468 125/495/452
f 125/495/452 126/512/468 174/513/469 173/496/453
f 173/496/453 174/513/469 222/514/470 221/497/454
f 221/497/454 222/514/470 270/515/471 269/498/455
f 269/498/455 270/515/471 318/516/472 317/499/456
f 317/499/456 318/516/472 366/517/473 365/500/457
f 365/500/457 366/517/473 414/518/474 413/501/458
f 413/501/458 414/518/474 462/519/475 461/502/459
f 461/502/459 462/519/475 510/520/476 509/503/460
f 509/503/460 510/520/476 558/521/477 557/504/461
f 557/504/461 558/521/477 606/522/478 605/505/462
f 605/505/462 606/522/478 654/523/479 653/506/463
f 653/506/463 654/523/479 702/524/480 701/507/464
f 701/507/464 702/524/480 750/525/481 749/508/465
f 749/508/465 750/525/481 30/526/466 29/509/450
f 30/510/466 31/527/482 79/528/483 78/511/467
f 78/511/467 79/528/483 127/529/484 126/512/468
f 126/512/468 127/529/484 175/530/485 174/513/469
f 174/513/469 175/530/485 223/531/486 222/514/470
f 222/514/470 223/531/486 271/532/487 270/515/471
f 270/515/471 271/532/487 319/533/488 318/516/472
f 318/516/472 319/533/488 367/534/489 366/517/473
f 366/517/473 367/534/489 415/535/490 414/518/474
f 414/518/474 415/535/490 463/536/491 462/519/475
f 462/519/475 463/536/491 511/537/492 510/520/476
f 510/520/476 511/537/492 559/538/493 558/521/477
f 558/521/477 559/538/493 607/539/494 606/522/478
f 606/522/478 607/539/494 655/540/495 654/523/479
f 654/523/479 655/540/495 703/541/496 702/524/480
f 702/524/480 703/541/496 751/542/497 750/525/481
f 750/525/481 751/542/497 31/543/482 30/526/466
f 31/527/482 32/544/498 80/545/499 79/528/483
f 79/528/483 80/545/499 128/546/500 127/529/484
f 127/529/484 128/546/500 176/547/501 175/530/485
f 175/530/485 176/547/501 224/548/502 223/531/486
f 223/531/486 224/548/502 272/549/503 271/532/487
f 271/532/487 272/549/503 320/550/504 319/533/488
f 319/533/488 320/550/504 368/551/505 367/534/489
f 367/534/489 368/551/505 416/552/506 415/535/490
f 415/535/490 416/552/506 464/553/507 463/536/491
f 463/536/491 464/553/507 512/554/508 511/537/492
f 511/537/492 512/554/508 560/555/509 559/538/493
f 559/538/493 560/555/509 608/556/510 607/539/494
f 607/539/494 608/556/510 656/557/511 655/540/495
f 655/540/495 656/557/511 704/558/512 703/541/496
f 703/541/496 704/558/512 752/559/513 751/542/497
f 751/542/497 752/559/513 32/560/498 31/543/482
f 32/544/498 33/561/514 81/562/515 80/545/499
f 80/545/499 81/562/515 129/563/516 128/546/500
f 128/546/500 129/563/516 177/564/517 176/547/501
f 176/547/501 177/564/517 225/565/518 224/548/502
f 224/548/502 225/565/518 273/566/519 272/549/503
f 272/549/503 273/566/519 321/567/520 320/550/504
f 320/550/504 321/567/520 369/568/521 368/551/505
f 368/551/505 369/568/521 417/569/522 416/552/506
f 416/552/506 417/569/522 465/570/523 464/553/507
f 464/553/507 465/570/523 513/571/524 512/554/508
f 512/554/508 513/571/524 561/572/525 560/555/509
f 560/555/509 561/572/525 609/573/526 608/556/510
f 608/556/510 609/573/526 657/574/527 656/557/511
f 656/557/511 657/574/527 705/575/528 704/558/512
f 704/558/512 705/575/528 753/576/529 752/559/513
f 752/559/513 753/576/529 33/577/514 32/560/498
f 33/561/514 34/578/530 82/579/531 81/562/515
f 81/562/515 82/579/531 130/580/532 129/563/516
f 129/563/516 130/580/532 178/581/533 177/564/517
f 177/564/517 178/581/533 226/582/534 225/565/518
f 225/565/518 226/582/534 274/583/535 273/566/519
f 273/566/519 274/583/535 322/584/536 321/567/520
f 321/567/520 322/584/536 370/585/537 369/568/521
f 369/568/521 370/585/537 418/586/538 417/569/522
f 417/569/522 418/586/538 466/587/539 465/570/523
f 465/570/523 466/587/539 514/588/540 513/571/524
f 513/571/524 514/588/540 562/589/541 561/572/525
f 561/572/525 562/589/541 610/590/542 609/573/526
f 609/573/526 610/590/542 658/591/543 657/574/527
f 657/574/527 658/591/543 706/592/544 705/575/528
f 705/575/528 706/592/544 754/593/545 753/576/529
f 753/576/529 754/593/545 34/594/530 33/577/514
f 34/578/530 35/595/546 83/596/547 82/579/531
f 82/579/531 83/596/547 131/597/548 130/580/532
f 130/580/532 131/597/548 179/598/549 178/581/533
f 178/581/533 179/598/549 227/599/550 226/582/534
f 226/582/534 227/599/550 275/600/551 274/583/535
f 274/583/535 275/600/551 323/601/552 322/584/536
f 322/584/536 323/601/552 371/602/553 370/585/537
f 370/585/537 371/602/553 419/603/554 418/586/538
f 418/586/538 419/603/554 467/604/555 466/587/539
f 466/587/539 467/604/555 515/605/556 514/588/540
f 514/588/540 515/605/556 563/606/557 562/589/541
f 562/589/541 563/606/557 611/607/558 610/590/542
f 610/590/542 611/607/558 659/608/559 658/591/543
f 658/591/543 659/608/559 707/609/560 706/592/544
f 706/592/544 707/609/560 755/610/561 754/593/545
f 754/593/545 755/610/561 35/611/546 34/594/530
f 35/595/546 36/612/562 84/613/563 83/596/547
f 83/596/547 84/613/563 132/614/564 131/597/548
f 131/597/548 132/614/564 180/615/565 179/598/549
f 179/598/549 180/615/565 228/616/566 227/599/550
f 227/599/550 228/616/566 276/617/567 275/600/551
f 275/600/551 276/617/567 324/618/568 323/601/552
f 323/601/552 324/618/568 372/619/569 371/602/553
f 371/602/553 372/619/569 420/620/570 419/603/554
f 419/603/554 420/620/570 468/621/571 467/604/555
f 467/604/555 468/621/571 516/622/572 515/605/556
f 515/605/556 516/622/572 564/623/573 563/606/557
f 563/606/557 564/623/573 612/624/574 611/607/558
f 611/607/558 612/624/574 660/625/575 659/608/559
f 659/608/559 660/625/575 708/626/576 707/609/560
f 707/609/560 708/626/576 756/627/577 755/610/561
f 755/610/561 756/627/577 36/628/562 35/611/546
f 36/612/562 37/629/578 85/630/579 84/613/563
f 84/613/563 85/630/579 133/631/580 132/614/564
f 132/614/564 133/631/580 181/632/581 180/615/565
f 180/615/565 181/632/581 229/633/582 228/616/566
f 228/616/566 229/633/582 277/634/583 276/617/567
f 276/617/567 277/634/583 325/635/584 324/618/568
f 324/618/568 325/635/584 373/636/585 372/619/569
f 372/619/569 373/636/585 421/637/586 420/620/570
f 420/620/570 421/637/586 469/638/587 468/621/571
f 468/621/571 469/638/587 517/639/588 516/622/572
f 516/622/572 517/639/588 565/640/589 564/623/573
f 564/623/573 565/640/589 613/641/590 612/624/574
f 612/624/574 613/641/590 661/642/591 660/625/575
f 660/625/575 661/642/591 709/643/592 708/626/576
f 708/626/576 709/643/592 757/644/593 756/627/577
f 756/627/577 757/644/593 37/645/578 36/628/562
f 37/629/578 38/646/594 86/647/595 85/630/579
f 85/630/579 86/647/595 134/648/596 133/631/580
f 133/631/580 134/648/596 182/649/597 181/632/581
f 181/632/581 182/649/597 230/650/598 229/633/582
f 229/633/582 230/650/598 278/651/599 277/634/583
f 277/634/583 278/651/599 326/652/600 325/635/584
f 325/635/584 326/652/600 374/653/601 373/636/585
f 373/636/585 374/653/601 422/654/602 421/637/586
f 421/637/586 422/654/602 470/655/603 469/638/587
f 469/638/587 470/655/603 518/656/604 517/639/588
f 517/639/588 518/656/604 566/657/605 565/640/589
f 565/640/589 566/657/605 614/658/606 613/641/590
f 613/641/590 614/658/606 662/659/607 661/642/591
f 661/642/591 662/659/607 710/660/608 709/643/592
f 709/643/592 710/660/608 758/661/609 757/644/593
f 757/644/593 758/661/609 38/662/594 37/645/578
f 38/646/594 39/663/610 87/664/611 86/647/595
f 86/647/595 87/664/611 135/665/612 134/648/596
f 134/648/596 135/665/612 183/666/613 182/649/597
f 182/649/597 183/666/613 231/667/614 230/650/598
f 230/650/598 231/667/614 279/668/615 278/651/599
f 278/651/599 279/668/615 327/669/616 326/652/600
f 326/652/600 327/669/616 375/670/617 374/653/601
f 374/653/601 375/670/617 423/671/618 422/654/602
f 422/654/602 423/671/618 471/672/619 470/655/603
f 470/655/603 471/672/619 519/673/620 518/656/604
f 518/656/604 519/673/620 567/674/621 566/657/605
f 566/657/605 567/674/621 615/675/622 614/658/606
f 614/658/606 615/675/622 663/676/623 662/659/607
f 662/659/607 663/676/623 711/677/624 710/660/608
f 710/660/608 711/677/624 759/678/625 758/661/609
f 758/661/609 759/678/625 39/679/610 38/662/594
f 39/663/610 40/680/626 88/681/627 87/664/611
f 87/664/611 88/681/627 136/682/628 135/665/612
f 135/665/612 136/682/628 184/683/629 183/666/613
f 183/666/613 184/683/629 232/684/630 231/667/614
f 231/667/614 232/684/630 280/685/631 279/668/615
f 279/668/615 280/685/631 328/686/632 327/669/616
f 327/669/616 328/686/632 376/687/633 375/670/617
f 375/670/617 376/687/633 424/688/634 423/671/618
f 423/671/618 424/688/634 472/689/635 471/672/619
f 471/672/619 472/689/635 520/690/636 519/673/620
f 519/673/620 520/690/636 568/691/637 567/674/621
f 567/674/621 568/691/637 616/692/638 615/675/622
f 615/675/622 616/692/638 664/693/639 663/676/623
f 663/676/623 664/693/639 712/694/640 711/677/624
f 711/677/624 712/694/640 760/695/641 759/678/625
f 759/678/625 760/695/641 40/696/626 39/679/610
f 40/680/626 41/697/642 89/698/643 88/681/627
f 88/681/627 89/698/643 137/699/644 136/682/628
f 136/682/628 137/699/644 185/700/645 184/683/629
f 184/683/629 185/700/645 233/701/646 232/684/630
f 232/684/630 233/701/646 281/702/647 280/685/631
f 280/685/631 281/702/647 329/703/648 328/686/632
f 328/686/632 329/703/648 377/704/649 376/687/633
f 376/687/633 377/704/649 425/705/650 424/688/634
f 424/688/634 425/705/650 473/706/651 472/689/635
f 472/689/635 473/706/651 521/707/652 520/690/636
f 520/690/636 521/707/652 569/708/653 568/691/637
f 568/691/637 569/708/653 617/709/654 616/692/638
f 616/692/638 617/709/654 665/710/655 664/693/639
f 664/693/639 665/710/655 713/711/656 712/694/640
f 712/694/640 713/711/656 761/712/657 760/695/641
f 760/695/641 761/712/657 41/713/642 40/696/626
f 41/697/642 42/714/658 90/715/659 89/698/643
f 89/698/643 90/715/659 138/716/660 137/699/644
f 137/699/644 138/716/660 186/717/661 185/700/645
f 185/700/645 186/717/661 234/718/662 233/701/646
f 233/701/646 234/718/662 282/719/663 281/702/647
f 281/702/647 282/719/663 330/720/664 329/703/648
f 329/703/648 330/720/664 378/721/665 377/704/649
f 377/704/649 378/721/665 426/722/666 425/705/650
f 425/705/650 426/722/666 474/723/667 473/706/651
f 473/706/651 474/723/667 522/724/668 521/707/652
f 521/707/652 522/724/668 570/725/669 569/708/653
f 569/708/653 570/725/669 618/726/670 617/709/654
f 617/709/654 618/726/670 666/727/671 665/710/655
f 665/710/655 666/727/671 714/728/672 713/711/656
f 713/711/656 714/728/672 762/729/673 761/712/657
f 761/712/657 762/729/673 42/730/658 41/713/642
f 42/714/658 43/731/674 91/732/675 90/715/659
f 90/715/659 91/732/675 139/733/676 138/716/660
f 138/716/660 139/733/676 187/734/677 186/717/661
f 186/717/661 187/734/677 235/735/678 234/718/662
f 234/718/662 235/735/678 283/736/679 282/719/663
f 282/719/663 283/736/679 331/737/680 330/720/664
f 330/720/664 331/737/680 379/738/681 378/721/665
f 378/721/665 379/738/681 427/739/682 426/722/666
f 426/722/666 427/739/682 475/740/683 474/723/667
f 474/723/667 475/740/683 523/741/684 522/724/668
f 522/724/668 523/741/684 571/742/685 570/725/669
f 570/725/669 571/742/685 619/743/686 618/726/670
f 618/726/670 619/743/686 667/744/687 666/727/671
f 666/727/671 667/744/687 715/745/688 714/728/672
f 714/728/672 715/745/688 763/746/689 762/729/673
f 762/729/673 763/746/689 43/747/674 42/730/658
f 43/731/674 44/748/690 92/749/691 91/732/675
f 91/732/675 92/749/691 140/750/692 139/733/676
f 139/733/676 140/750/692 188/751/693 187/734/677
f 187/734/677 188/751/693 236/752/694 235/735/678
f 235/735/678 236/752/694 284/753/695 283/736/679
f 283/736/679 284/753/695 332/754/696 331/737/680
f 331/737/680 332/754/696 380/755/697 379/738/681
f 379/738/681 380/755/697 428/756/698 427/739/682
f 427/739/682 428/756/698 476/757/699 475/740/683
f 475/740/683 476/757/699 524/758/700 523/741/684
f 523/741/684 524/758/700 572/759/701 571/742/685
f 571/742/685 572/759/701 620/760/702 619/743/686
f 619/743/686 620/760/702 668/761/703 667/744/687
f 667/744/687 668/761/703 716/762/704 715/745/688
f 715/745/688 716/762/704 764/763/705 763/746/689
f 763/746/689 764/763/705 44/764/690 43/747/674
f 44/748/690 45/765/706 93/766/707 92/749/691
f 92/749/691 93/766/707 141/767/708 140/750/692
f 140/750/692 141/767/708 189/768/709 188/751/693
f 188/751/693 189/768/709 237/769/710 236/752/694
f 236/752/694 237/769/710 285/770/711 284/753/695
f 284/753/695 285/770/711 333/771/712 332/754/696
f 332/754/696 333/771/712 381/772/713 380/755/697
f 380/755/697 381/772/713 429/773/714 428/756/698
f 428/756/698 429/773/714 477/774/715 476/757/699
f 476/757/699 477/774/715 525/775/716 524/758/700
f 524/758/700 525/775/716 573/776/717 572/759/701
f 572/759/701 573/776/717 621/777/718 620/760/702
f 620/760/702 621/777/718 669/778/719 668/761/703
f 668/761/703 669/778/719 717/779/720 716/762/704
f 716/762/704 717/779/720 765/780/721 764/763/705
f 764/763/705 765/780/721 45/781/706 44/764/690
f 45/765/706 46/782/722 94/783/723 93/766/707
f 93/766/707 94/783/723 142/784/724 141/767/708
f 141/767/708 142/784/724 190/785/725 189/768/709
f 189/768/709 190/785/725 238/786/726 237/769/710
f 237/769/710 238/786/726 286/787/727 285/770/711
f 285/770/711 286/787/727 334/788/728 333/771/712
f 333/771/712 334/788/728 382/789/729 381/772/713
f 381/772/713 382/789/729 430/790/730 429/773/714
f 429/773/714 430/790/730 478/791/731 477/774/715
f 477/774/715 478/791/731 526/792/732 525/775/716
f 525/775/716 526/792/732 574/793/733 573/776/717
f 573/776/717 574/793/733 622/794/734 621/777/718
f 621/777/718 622/794/734 670/795/735 669/778/719
f 669/778/719 670/795/735 718/796/736 717/779/720
f 717/779/720 718/796/736 766/797/737 765/780/721
f 765/780/721 766/797/737 46/798/722 45/781/706
f 46/782/722 47/799/738 95/800/739 94/783/723
f 94/783/723 95/800/739 143/801/740 142/784/724
f 142/784/724 143/801/740 191/802/741 190/785/725
f 190/785/725 191/802/741 239/803/742 238/786/726
f 238/786/726 239/803/742 287/804/743 286/787/727
f 286/787/727 287/804/743 335/805/744 334/788/728
f 334/788/728 335/805/744 383/806/745 382/789/729
f 382/789/729 383/806/745 431/807/746 430/790/730
f 430/790/730 431/807/746 479/808/747 478/791/731
f 478/791/731 479/808/747 527/809/748 526/792/732
f 526/792/732 527/809/748 575/810/749 574/793/733
f 574/793/733 575/810/749 623/811/750 622/794/734
f 622/794/734 623/811/750 671/812/751 670/795/735
f 670/795/735 671/812/751 719/813/752 718/796/736
f 718/796/736 719/813/752 767/814/753 766/797/737
f 766/797/737 767/814/753 47/815/738 46/798/722
f 47/799/738 48/816/754 96/817/755 95/800/739
f 95/800/739 96/817/755 144/818/756 143/801/740
f 143/801/740 144/818/756 192/819/757 191/802/741
f 191/802/741 192/819/757 240/820/758 239/803/742
f 239/803/742 240/820/758 288/821/759 287/804/743
f 287/804/743 288/821/759 336/822/760 335/805/744
f 335/805/744 336/822/760 384/823/761 383/806/745
f 383/806/745 384/823/761 432/824/762 431/807/746
f 431/807/746 432/824/762 480/825/763 479/808/747
f 479/808/747 480/825/763 528/826/764 527/809/748
f 527/809/748 528/826/764 576/827/765 575/810/749
f 575/810/749 576/827/765 624/828/766 623/811/750
f 623/811/750 624/828/766 672/829/767 671/812/751
f 671/812/751 672/829/767 720/830/768 719/813/752
f 719/813/752 720/830/768 768/831/769 767/814/753
f 767/814/753 768/831/769 48/832/754 47/815/738
f 769/833/770 814/834/771 815/835/772 770/836/773
f 814/834/771 859/837/774 860/838/775 815/835/772
f 859/837/774 904/839/776 905/840/777 860/838/775
f 904/839/776 949/841/778 950/842/779 905/840/777
f 949/841/778 994/843/780 995/844/781 950/842/779
f 994/843/780 1039/845/782 1040/846/783 995/844/781
f 1039/845/782 1084/847/784 1085/848/785 1040/846/783
f 1084/847/784 1129/849/786 1130/850/787 1085/848/785
f 1129/849/786 1174/851/788 1175/852/789 1130/850/787
f 1174/851/788 1219/853/790 1220/854/791 1175/852/789
f 1219/853/790 1264/855/792 1265/856/793 1220/854/791
f 1264/855/792 1309/857/794 1310/858/795 1265/856/793
f 1309/857/794 1354/859/796 1355/860/797 1310/858/795
f 1354/859/796 1399/861/798 1400/862/799 1355/860/797
f 1399/861/798 1444/863/800 1445/864/801 1400/862/799
f 1444/863/800 769/865/770 770/866/773 1445/864/801
f 770/836/773 815/835/772 816/867/802 771/868/803
f 815/835/772 860/838/775 861/869/804 816/867/802
f 860/838/775 905/840/777 906/870/805 861/869/804
f 905/840/777 950/842/779 951/871/806 906/870/805
f 950/842/779 995/844/781 996/872/807 951/871/806
f 995/844/781 1040/846/783 1041/873/808 996/872/807
f 1040/846/783 1085/848/785 1086/874/809 1041/873/808
f 1085/848/785 1130/850/787 1131/875/810 1086/874/809
f 1130/850/787 1175/852/789 1176/876/811 1131/875/810
f 1175/852/789 1220/854/791 1221/877/812 1176/876/811
f 1220/854/791 1265/856/793 1266/878/813 1221/877/812
f 1265/856/793 1310/858/795 1311/879/814 1266/878/813
f 1310/858/795 1355/860/797 1356/880/815 1311/879/814
f 1355/860/797 1400/862/799 1401/881/816 1356/880/815
f 1400/862/799 1445/864/801 1446/882/817 1401/881/816
f 1445/864/801 770/866/773 771/883/803 1446/882/817
f 771/868/803 816/867/802 817/884/818 772/885/819
f 816/867/802 861/869/804 862/886/820 817/884/818
f 861/869/804 906/870/805 907/887/821 862/886/820
f 906/870/805 951/871/806 952/888/822 907/887/821
f 951/871/806 996/872/807 997/889/823 952/888/822
f 996/872/807 1041/873/808 1042/890/824 997/889/823
f 1041/873/808 1086/874/809 1087/891/825 1042/890/824
f 1086/874/809 1131/875/810 1132/892/826 1087/891/825
f 1131/875/810 1176/876/811 1177/893/827 1132/892/826
f 1176/876/811 1221/877/812 1222/894/828 1177/893/827
f 1221/877/812 1266/878/813 1267/895/829 1222/894/828
f 1266/878/813 1311/879/814 1312/896/830 1267/895/829
f 1311/879/814 1356/880/815 1357/897/831 1312/896/830
f 1356/880/815 1401/881/816 1402/898/832 1357/897/831
f 1401/881/816 1446/882/817 1447/899/833 1402/898/832
f 1446/882/817 771/883/803 772/900/819 1447/899/833
f 772/885/819 817/884/818 818/901/834 773/902/835
f 817/884/818 862/886/820 863/903/836 818/901/834
f 862/886/820 907/887/821 908/904/837 863/903/836
f 907/887/821 952/888/822 953/905/838 908/904/837
f 952/888/822 997/889/823 998/906/839 953/905/838
f 997/889/823 1042/890/824 1043/907/840 998/906/839
f 1042/890/824 1087/891/825 1088/908/841 1043/907/840
f 1087/891/825 1132/892/826 1133/909/842 1088/908/841
f 1132/892/826 1177/893/827 1178/910/843 1133/909/842
f 1177/893/827 1222/894/828 1223/911/844 1178/910/843
f 1222/894/828 1267/895/829 1268/912/845 1223/911/844
f 1267/895/829 1312/896/830 1313/913/846 1268/912/845
f 1312/896/830 1357/897/831 1358/914/847 1313/913/846
f 1357/897/831 1402/898/832 1403/915/848 1358/914/847
f 1402/898/832 1447/899/833 1448/916/849 1403/915/848
f 1447/899/833 772/900/819 773/917/835 1448/916/849
f 773/902/835 818/901/834 819/918/850 774/919/851
f 818/901/834 863/903/836 864/920/852 819/918/850
f 863/903/836 908/904/837 909/921/853 864/920/852
f 908/904/837 953/905/838 954/922/854 909/921/853
f 953/905/838 998/906/839 999/923/855 954/922/854
f 998/906/839 1043/907/840 1044/924/856 999/923/855
f 1043/907/840 1088/908/841 1089/925/857 1044/924/856
f 1088/908/841 1133/909/842 1134/926/858 1089/925/857
f 1133/909/842 1178/910/843 1179/927/859 1134/926/858
f 1178/910/843 1223/911/844 1224/928/860 1179/927/859
f 1223/911/844 1268/912/845 1269/929/861 1224/928/860
f 1268/912/845 1313/913/846 1314/930/862 1269/929/861
f 1313/913/846 1358/914/847 1359/931/863 1314/930/862
f 1358/914/847 1403/915/848 1404/932/864 1359/931/863
f 1403/915/848 1448/916/849 1449/933/865 1404/932/864
f 1448/916/849 773/917/835 774/934/851 1449/933/865
f 774/919/851 819/918/850 820/935/866 775/936/867
f 819/918/850 864/920/852 865/937/868 820/935/866
f 864/920/852 909/921/853 910/938/869 865/937/868
f 909/921/853 954/922/854 955/939/870 910/938/869
f 954/922/854 999/923/855 1000/940/871 955/939/870
f 999/923/855 1044/924/856 1045/941/872 1000/940/871
f 1044/924/856 1089/925/857 1090/942/873 1045/941/872
f 1089/925/857 1134/926/858 1135/943/874 1090/942/873
f 1134/926/858 1179/927/859 1180/944/875 1135/943/874
f 1179/927/859 1224/928/860 1225/945/876 1180/944/875
f 1224/928/860 1269/929/861 1270/946/877 1225/945/876
f 1269/929/861 1314/930/862 1315/947/878 1270/946/877
f 1314/930/862 1359/931/863 1360/948/879 1315/947/878
f 1359/931/863 1404/932/864 1405/949/880 1360/948/879
f 1404/932/864 1449/933/865 1450/950/881 1405/949/880
f 1449/933/865 774/934/851 775/951/867 1450/950/881
f 775/936/867 820/935/866 821/952/882 776/953/883
f 820/935/866 865/937/868 866/954/884 821/952/882
f 865/937/868 910/938/869 911/955/885 866/954/884
f 910/938/869 955/939/870 956/956/886 911/955/885
f 955/939/870 1000/940/871 1001/957/887 956/956/886
f 1000/940/871 1045/941/872 1046/958/888 1001/957/887
f 1045/941/872 1090/942/873 1091/959/889 1046/958/888
f 1090/942/873 1135/943/874 1136/960/890 1091/959/889
f 1135/943/874 1180/944/875 1181/961/891 1136/960/890
f 1180/944/875 1225/945/876 1226/962/892 1181/961/891
f 1225/945/876 1270/946/877 1271/963/893 1226/962/892
f 1270/946/877 1315/947/878 1316/964/894 1271/963/893
f 1315/947/878 1360/948/879 1361/965/895 1316/964/894
f 1360/948/879 1405/949/880 1406/966/896 1361/965/895
f 1405/949/880 1450/950/881 1451/967/897 1406/966/896
f 1450/950/881 775/951/867 776/968/883 1451/967/897
f 776/953/883 821/952/882 822/969/898 777/970/899
f 821/952/882 866/954/884 867/971/900 822/969/898
f 866/954/884 911/955/885 912/972/901 867/971/900
f 911/955/885 956/956/886 957/973/902 912/972/901
f 956/956/886 1001/957/887 1002/974/903 957/973/902
f 1001/957/887 1046/958/888 1047/975/904 1002/974/903
f 1046/958/888 1091/959/889 1092/976/905 1047/975/904
f 1091/959/889 1136/960/890 1137/977/906 1092/976/905
f 1136/960/890 1181/961/891 1182/978/907 1137/977/906
f 1181/961/891 1226/962/892 1227/979/908 1182/978/907
f 1226/962/892 1271/963/893 1272/980/909 1227/979/908
f 1271/963/893 1316/964/894 1317/981/910 1272/980/909
f 1316/964/894 1361/965/895 1362/982/911 1317/981/910
f 1361/965/895 1406/966/896 1407/983/912 1362/982/911
f 1406/966/896 1451/967/897 1452/984/913 1407/983/912
f 1451/967/897 776/968/883 777/985/899 1452/984/913
f 777/970/899 822/969/898 823/986/914 778/987/915
f 822/969/898 867/971/900 868/988/916 823/986/914
f 867/971/900 912/972/901 913/989/917 868/988/916
f 912/972/901 957/973/902 958/990/918 913/989/917
f 957/973/902 1002/974/903 1003/991/919 958/990/918
f 1002/974/903 1047/975/904 1048/992/920 1003/991/919
f 1047/975/904 1092/976/905 1093/993/921 1048/992/920
f 1092/976/905 1137/977/906 1138/994/922 1093/993/921
f 1137/977/906 1182/978/907 1183/995/923 1138/994/922
f 1182/978/907 1227/979/908 1228/996/924 1183/995/923
f 1227/979/908 1272/980/909 1273/997/925 1228/996/924
f 1272/980/909 1317/981/910 1318/998/926 1273/997/925
f 1317/981/910 1362/982/911 1363/999/927 1318/998/926
f 1362/982/911 1407/983/912 1408/1000/928 1363/999/927
f 1407/983/912 1452/984/913 1453/1001/929 1408/1000/928
f 1452/984/913 777/985/899 778/1002/915 1453/1001/929
f 778/987/915 823/986/914 824/1003/930 779/1004/931
f 823/986/914 868/988/916 869/1005/932 824/1003/930
f 868/988/916 913/989/917 914/1006/933 869/1005/932
f 913/989/917 958/990/918 959/1007/934 914/1006/933
f 958/990/918 1003/991/919 1004/1008/935 959/1007/934
f 1003/991/919 1048/992/920 1049/1009/936 1004/1008/935
f 1048/992/920 1093/993/921 1094/1010/937 1049/1009/936
f 1093/993/921 1138/994/922 1139/1011/938 1094/1010/937
f 1138/994/922 1183/995/923 1184/1012/939 1139/1011/938
f 1183/995/923 1228/996/924 1229/1013/940 1184/1012/939
f 1228/996/924 1273/997/925 1274/1014/941 1229/1013/940
f 1273/997/925 1318/998/926 1319/1015/942 1274/1014/941
f 1318/998/926 1363/999/927 1364/1016/943 1319/1015/942
f 1363/999/927 1408/1000/928 1409/1017/944 1364/1016/943
f 1408/1000/928 1453/1001/929 1454/1018/945 1409/1017/944
f 1453/1001/929 778/1002/915 779/1019/931 1454/1018/945
f 1766/1020/946 1585/1021/947 1592/1022/948 1771/1023/949
f 1604/1024/950 1616/1025/951 870/1026/952 825/1027/953
f 1616/1025/951 1628/1028/954 915/1029/955 870/1026/952
f 1628/1028/954 1640/1030/956 960/1031/957 915/1029/955
f 1640/1030/956 1652/1032/958 1005/1033/959 960/1031/957
f 1652/1032/958 1664/1034/960 1050/1035/961 1005/1033/959
f 1664/1034/960 1676/1036/962 1095/1037/963 1050/1035/961
f 1676/1036/962 1688/1038/964 1140/1039/965 1095/1037/963
f 1688/1038/964 1700/1040/966 1185/1041/967 1140/1039/965
f 1700/1040/966 1712/1042/968 1230/1043/969 1185/1041/967
f 1712/1042/968 1724/1044/970 1275/1045/971 1230/1043/969
f 1724/1044/970 1736/1046/972 1320/1047/973 1275/1045/971
f 1736/1046/972 1748/1048/974 1365/1049/975 1320/1047/973
f 1748/1048/974 1760/1050/976 1410/1051/977 1365/1049/975
f 1760/1050/976 1772/1052/978 1455/1053/979 1410/1051/977
f 779/1004/980 824/1003/981 1597/1054/982 1586/1055/983
f 1772/1052/978 1591/1056/984 780/1057/985 1455/1053/979
f 824/1003/981 869/1005/986 1609/1058/987 1597/1054/982
f 869/1005/986 914/1006/988 1621/1059/989 1609/1058/987
f 914/1006/988 959/1007/990 1633/1060/991 1621/1059/989
f 959/1007/990 1004/1008/992 1645/1061/993 1633/1060/991
f 1004/1008/992 1049/1009/994 1657/1062/995 1645/1061/993
f 1049/1009/994 1094/1010/996 1669/1063/997 1657/1062/995
f 1094/1010/996 1139/1011/998 1681/1064/999 1669/1063/997
f 1139/1011/998 1184/1012/1000 1693/1065/1001 1681/1064/999
f 1184/1012/1000 1229/1013/1002 1705/1066/1003 1693/1065/1001
f 1229/1013/1002 1274/1014/1004 1717/1067/1005 1705/1066/1003
f 1274/1014/1004 1319/1015/1006 1729/1068/1007 1717/1067/1005
f 1319/1015/1006 1364/1016/1008 1741/1069/1009 1729/1068/1007
f 1364/1016/1008 1409/1017/1010 1753/1070/1011 1741/1069/1009
f 1409/1017/1010 1454/1018/1012 1765/1071/1013 1753/1070/1011
f 1585/1072/947 1598/1073/1014 1603/1074/1015 1592/1075/948
f 1598/1073/1014 1610/1076/1016 1615/1077/1017 1603/1074/1015
f 1610/1076/1016 1622/1078/1018 1627/1079/1019 1615/1077/1017
f 1622/1078/1018 1634/1080/1020 1639/1081/1021 1627/1079/1019
f 1634/1080/1020 1646/1082/1022 1651/1083/1023 1639/1081/1021
f 1646/1082/1022 1658/1084/1024 1663/1085/1025 1651/1083/1023
f 1658/1084/1024 1670/1086/1026 1675/1087/1027 1663/1085/1025
f 1670/1086/1026 1682/1088/1028 1687/1089/1029 1675/1087/1027
f 1682/1088/1028 1694/1090/1030 1699/1091/1031 1687/1089/1029
f 1694/1090/1030 1706/1092/1032 1711/1093/1033 1699/1091/1031
f 1706/1092/1032 1718/1094/1034 1723/1095/1035 1711/1093/1033
f 1718/1094/1034 1730/1096/1036 1735/1097/1037 1723/1095/1035
f 1730/1096/1036 1742/1098/1038 1747/1099/1039 1735/1097/1037
f 1742/1098/1038 1754/1100/1040 1759/1101/1041 1747/1099/1039
f 1754/1100/1040 1766/1020/946 1771/1023/949 1759/1101/1041
f 1591/1102/984 1604/1024/950 825/1027/953 780/1103/985
f 780/1103/1042 825/1027/1043 826/1104/1044 781/1105/1045
f 825/1027/1043 870/1026/1046 871/1106/1047 826/1104/1044
f 870/1026/1046 915/1029/1048 916/1107/1049 871/1106/1047
f 915/1029/1048 960/1031/1050 961/1108/1051 916/1107/1049
f 960/1031/1050 1005/1033/1052 1006/1109/1053 961/1108/1051
f 1005/1033/1052 1050/1035/1054 1051/1110/1055 1006/1109/1053
f 1050/1035/1054 1095/1037/1056 1096/1111/1057 1051/1110/1055
f 1095/1037/1056 1140/1039/1058 1141/1112/1059 1096/1111/1057
f 1140/1039/1058 1185/1041/1060 1186/1113/1061 1141/1112/1059
f 1185/1041/1060 1230/1043/1062 1231/1114/1063 1186/1113/1061
f 1230/1043/1062 1275/1045/1064 1276/1115/1065 1231/1114/1063
f 1275/1045/1064 1320/1047/1066 1321/1116/1067 1276/1115/1065
f 1320/1047/1066 1365/1049/1068 1366/1117/1069 1321/1116/1067
f 1365/1049/1068 1410/1051/1070 1411/1118/1071 1366/1117/1069
f 1410/1051/1070 1455/1053/1072 1456/1119/1073 1411/1118/1071
f 1455/1053/1072 780/1057/1042 781/1120/1045 1456/1119/1073
f 781/1105/1045 826/1104/1044 827/1121/1074 782/1122/1075
f 826/1104/1044 871/1106/1047 872/1123/1076 827/1121/1074
f 871/1106/1047 916/1107/1049 917/1124/1077 872/1123/1076
f 916/1107/1049 961/1108/1051 962/1125/1078 917/1124/1077
f 961/1108/1051 1006/1109/1053 1007/1126/1079 962/1125/1078
f 1006/1109/1053 1051/1110/1055 1052/1127/1080 1007/1126/1079
f 1051/1110/1055 1096/1111/1057 1097/1128/1081 1052/1127/1080
f 1096/1111/1057 1141/1112/1059 1142/1129/1082 1097/1128/1081
f 1141/1112/1059 1186/1113/1061 1187/1130/1083 1142/1129/1082
f 1186/1113/1061 1231/1114/1063 1232/1131/1084 1187/1130/1083
f 1231/1114/1063 1276/1115/1065 1277/1132/1085 1232/1131/1084
f 1276/1115/1065 1321/1116/1067 1322/1133/1086 1277/1132/1085
f 1321/1116/1067 1366/1117/1069 1367/1134/1087 1322/1133/1086
f 1366/1117/1069 1411/1118/1071 1412/1135/1088 1367/1134/1087
f 1411/1118/1071 1456/1119/1073 1457/1136/1089 1412/1135/1088
f 1456/1119/1073 781/1120/1045 782/1137/1075 1457/1136/1089
f 782/1122/1075 827/1121/1074 828/1138/1090 783/1139/1091
f 827/1121/1074 872/1123/1076 873/1140/1092 828/1138/1090
f 872/1123/1076 917/1124/1077 918/1141/1093 873/1140/1092
f 917/1124/1077 962/1125/1078 963/1142/1094 918/1141/1093
f 962/1125/1078 1007/1126/1079 1008/1143/1095 963/1142/1094
f 1007/1126/1079 1052/1127/1080 1053/1144/1096 1008/1143/1095
f 1052/1127/1080 1097/1128/1081 1098/1145/1097 1053/1144/1096
f 1097/1128/1081 1142/1129/1082 1143/1146/1098 1098/1145/1097
f 1142/1129/1082 1187/1130/1083 1188/1147/1099 1143/1146/1098
f 1187/1130/1083 1232/1131/1084 1233/1148/1100 1188/1147/1099
f 1232/1131/1084 1277/1132/1085 1278/1149/1101 1233/1148/1100
f 1277/1132/1085 1322/1133/1086 1323/1150/1102 1278/1149/1101
f 1322/1133/1086 1367/1134/1087 1368/1151/1103 1323/1150/1102
f 1367/1134/1087 1412/1135/1088 1413/1152/1104 1368/1151/1103
f 1412/1135/1088 1457/1136/1089 1458/1153/1105 1413/1152/1104
f 1457/1136/1089 782/1137/1075 783/1154/1091 1458/1153/1105
f 783/1139/1091 828/1138/1090 829/1155/1106 784/1156/1107
f 828/1138/1090 873/1140/1092 874/1157/1108 829/1155/1106
f 873/1140/1092 918/1141/1093 919/1158/1109 874/1157/1108
f 918/1141/1093 963/1142/1094 964/1159/1110 919/1158/1109
f 963/1142/1094 1008/1143/1095 1009/1160/1111 964/1159/1110
f 1008/1143/1095 1053/1144/1096 1054/1161/1112 1009/1160/1111
f 1053/1144/1096 1098/1145/1097 1099/1162/1113 1054/1161/1112
f 1098/1145/1097 1143/1146/1098 1144/1163/1114 1099/1162/1113
f 1143/1146/1098 1188/1147/1099 1189/1164/1115 1144/1163/1114
f 1188/1147/1099 1233/1148/1100 1234/1165/1116 1189/1164/1115
f 1233/1148/1100 1278/1149/1101 1279/1166/1117 1234/1165/1116
f 1278/1149/1101 1323/1150/1102 1324/1167/1118 1279/1166/1117
f 1323/1150/1102 1368/1151/1103 1369/1168/1119 1324/1167/1118
f 1368/1151/1103 1413/1152/1104 1414/1169/1120 1369/1168/1119
f 1413/1152/1104 1458/1153/1105 1459/1170/1121 1414/1169/1120
f 1458/1153/1105 783/1154/1091 784/1171/1107 1459/1170/1121
f 784/1156/1107 829/1155/1106 830/1172/1122 785/1173/1123
f 829/1155/1106 874/1157/1108 875/1174/1124 830/1172/1122
f 874/1157/1108 919/1158/1109 920/1175/1125 875/1174/1124
f 919/1158/1109 964/1159/1110 965/1176/1126 920/1175/1125
f 964/1159/1110 1009/1160/1111 1010/1177/1127 965/1176/1126
f 1009/1160/1111 1054/1161/1112 1055/1178/1128 1010/1177/1127
f 1054/1161/1112 1099/1162/1113 1100/1179/1129 1055/1178/1128
f 1099/1162/1113 1144/1163/1114 1145/1180/1130 1100/1179/1129
f 1144/1163/1114 1189/1164/1115 1190/1181/1131 1145/1180/1130
f 1189/1164/1115 1234/1165/1116 1235/1182/1132 1190/1181/1131
f 1234/1165/1116 1279/1166/1117 1280/1183/1133 1235/1182/1132
f 1279/1166/1117 1324/1167/1118 1325/1184/1134 1280/1183/1133
f 1324/1167/1118 1369/1168/1119 1370/1185/1135 1325/1184/1134
f 1369/1168/1119 1414/1169/1120 1415/1186/1136 1370/1185/1135
f 1414/1169/1120 1459/1170/1121 1460/1187/1137 1415/1186/1136
f 1459/1170/1121 784/1171/1107 785/1188/1123 1460/1187/1137
f 785/1173/1123 830/1172/1122 831/1189/1138 786/1190/1139
f 830/1172/1122 875/1174/1124 876/1191/1140 831/1189/1138
f 875/1174/1124 920/1175/1125 921/1192/1141 876/1191/1140
f 920/1175/1125 965/1176/1126 966/1193/1142 921/1192/1141
f 965/1176/1126 1010/1177/1127 1011/1194/1143 966/1193/1142
f 1010/1177/1127 1055/1178/1128 1056/1195/1144 1011/1194/1143
f 1055/1178/1128 1100/1179/1129 1101/1196/1145 1056/1195/1144
f 1100/1179/1129 1145/1180/1130 1146/1197/1146 1101/1196/1145
f 1145/1180/1130 1190/1181/1131 1191/1198/1147 1146/1197/1146
f 1190/1181/1131 1235/1182/1132 1236/1199/1148 1191/1198/1147
f 1235/1182/1132 1280/1183/1133 1281/1200/1149 1236/1199/1148
f 1280/1183/1133 1325/1184/1134 1326/1201/1150 1281/1200/1149
f 1325/1184/1134 1370/1185/1135 1371/1202/1151 1326/1201/1150
f 1370/1185/1135 1415/1186/1136 1416/1203/1152 1371/1202/1151
f 1415/1186/1136 1460/1187/1137 1461/1204/1153 1416/1203/1152
f 1460/1187/1137 785/1188/1123 786/1205/1139 1461/1204/1153
f 786/1190/1139 831/1189/1138 832/1206/1154 787/1207/1155
f 831/1189/1138 876/1191/1140 877/1208/1156 832/1206/1154
f 876/1191/1140 921/1192/1141 922/1209/1157 877/1208/1156
f 921/1192/1141 966/1193/1142 967/1210/1158 922/1209/1157
f 966/1193/1142 1011/1194/1143 1012/1211/1159 967/1210/1158
f 1011/1194/1143 1056/1195/1144 1057/1212/1160 1012/1211/1159
f 1056/1195/1144 1101/1196/1145 1102/1213/1161 1057/1212/1160
f 1101/1196/1145 1146/1197/1146 1147/1214/1162 1102/1213/1161
f 1146/1197/1146 1191/1198/1147 1192/1215/1163 1147/1214/1162
f 1191/1198/1147 1236/1199/1148 1237/1216/1164 1192/1215/1163
f 1236/1199/1148 1281/1200/1149 1282/1217/1165 1237/1216/1164
f 1281/1200/1149 1326/1201/1150 1327/1218/1166 1282/1217/1165
f 1326/1201/1150 1371/1202/1151 1372/1219/1167 1327/1218/1166
f 1371/1202/1151 1416/1203/1152 1417/1220/1168 1372/1219/1167
f 1416/1203/1152 1461/1204/1153 1462/1221/1169 1417/1220/1168
f 1461/1204/1153 786/1205/1139 787/1222/1155 1462/1221/1169
f 787/1207/1155 832/1206/1154 833/1223/1170 788/1224/1171
f 832/1206/1154 877/1208/1156 878/1225/1172 833/1223/1170
f 877/1208/1156 922/1209/1157 923/1226/1173 878/1225/1172
f 922/1209/1157 967/1210/1158 968/1227/1174 923/1226/1173
f 967/1210/1158 1012/1211/1159 1013/1228/1175 968/1227/1174
f 1012/1211/1159 1057/1212/1160 1058/1229/1176 1013/1228/1175
f 1057/1212/1160 1102/1213/1161 1103/1230/1177 1058/1229/1176
f 1102/1213/1161 1147/1214/1162 1148/1231/1178 1103/1230/1177
f 1147/1214/1162 1192/1215/1163 1193/1232/1179 1148/1231/1178
f 1192/1215/1163 1237/1216/1164 1238/1233/1180 1193/1232/1179
f 1237/1216/1164 1282/1217/1165 1283/1234/1181 1238/1233/1180
f 1282/1217/1165 1327/1218/1166 1328/1235/1182 1283/1234/1181
f 1327/1218/1166 1372/1219/1167 1373/1236/1183 1328/1235/1182
f 1372/1219/1167 1417/1220/1168 1418/1237/1184 1373/1236/1183
f 1417/1220/1168 1462/1221/1169 1463/1238/1185 1418/1237/1184
f 1462/1221/1169 787/1222/1155 788/1239/1171 1463/1238/1185
f 788/1224/1171 833/1223/1170 834/1240/1186 789/1241/1187
f 833/1223/1170 878/1225/1172 879/1242/1188 834/1240/1186
f 878/1225/1172 923/1226/1173 924/1243/1189 879/1242/1188
f 923/1226/1173 968/1227/1174 969/1244/1190 924/1243/1189
f 968/1227/1174 1013/1228/1175 1014/1245/1191 969/1244/1190
f 1013/1228/1175 1058/1229/1176 1059/1246/1192 1014/1245/1191
f 1058/1229/1176 1103/1230/1177 1104/1247/1193 1059/1246/1192
f 1103/1230/1177 1148/1231/1178 1149/1248/1194 1104/1247/1193
f 1148/1231/1178 1193/1232/1179 1194/1249/1195 1149/1248/1194
f 1193/1232/1179 1238/1233/1180 1239/1250/1196 1194/1249/1195
f 1238/1233/1180 1283/1234/1181 1284/1251/1197 1239/1250/1196
f 1283/1234/1181 1328/1235/1182 1329/1252/1198 1284/1251/1197
f 1328/1235/1182 1373/1236/1183 1374/1253/1199 1329/1252/1198
f 1373/1236/1183 1418/1237/1184 1419/1254/1200 1374/1253/1199
f 1418/1237/1184 1463/1238/1185 1464/1255/1201 1419/1254/1200
f 1463/1238/1185 788/1239/1171 789/1256/1187 1464/1255/1201
f 789/1241/1187 834/1240/1186 835/1257/1202 790/1258/1203
f 834/1240/1186 879/1242/1188 880/1259/1204 835/1257/1202
f 879/1242/1188 924/1243/1189 925/1260/1205 880/1259/1204
f 924/1243/1189 969/1244/1190 970/1261/1206 925/1260/1205
f 969/1244/1190 1014/1245/1191 1015/1262/1207 970/1261/1206
f 1014/1245/1191 1059/1246/1192 1060/1263/1208 1015/1262/1207
f 1059/1246/1192 1104/1247/1193 1105/1264/1209 1060/1263/1208
f 1104/1247/1193 1149/1248/1194 1150/1265/1210 1105/1264/1209
f 1149/1248/1194 1194/1249/1195 1195/1266/1211 1150/1265/1210
f 1194/1249/1195 1239/1250/1196 1240/1267/1212 1195/1266/1211
f 1239/1250/1196 1284/1251/1197 1285/1268/1213 1240/1267/1212
f 1284/1251/1197 1329/1252/1198 1330/1269/1214 1285/1268/1213
f 1329/1252/1198 1374/1253/1199 1375/1270/1215 1330/1269/1214
f 1374/1253/1199 1419/1254/1200 1420/1271/1216 1375/1270/1215
f 1419/1254/1200 1464/1255/1201 1465/1272/1217 1420/1271/1216
f 1464/1255/1201 789/1256/1187 790/1273/1203 1465/1272/1217
f 790/1258/1203 835/1257/1202 836/1274/1218 791/1275/1219
f 835/1257/1202 880/1259/1204 881/1276/1220 836/1274/1218
f 880/1259/1204 925/1260/1205 926/1277/1221 881/1276/1220
f 925/1260/1205 970/1261/1206 971/1278/1222 926/1277/1221
f 970/1261/1206 1015/1262/1207 1016/1279/1223 971/1278/1222
f 1015/1262/1207 1060/1263/1208 1061/1280/1224 1016/1279/1223
f 1060/1263/1208 1105/1264/1209 1106/1281/1225 1061/1280/1224
f 1105/1264/1209 1150/1265/1210 1151/1282/1226 1106/1281/1225
f 1150/1265/1210 1195/1266/1211 1196/1283/1227 1151/1282/1226
f 1195/1266/1211 1240/1267/1212 1241/1284/1228 1196/1283/1227
f 1240/1267/1212 1285/1268/1213 1286/1285/1229 1241/1284/1228
f 1285/1268/1213 1330/1269/1214 1331/1286/1230 1286/1285/1229
f 1330/1269/1214 1375/1270/1215 1376/1287/1231 1331/1286/1230
f 1375/1270/1215 1420/1271/1216 1421/1288/1232 1376/1287/1231
f 1420/1271/1216 1465/1272/1217 1466/1289/1233 1421/1288/1232
f 1465/1272/1217 790/1273/1203 791/1290/1219 1466/1289/1233
f 791/1275/1219 836/1274/1218 837/1291/1234 792/1292/1235
f 836/1274/1218 881/1276/1220 882/1293/1236 837/1291/1234
f 881/1276/1220 926/1277/1221 927/1294/1237 882/1293/1236
f 926/1277/1221 971/1278/1222 972/1295/1238 927/1294/1237
f 971/1278/1222 1016/1279/1223 1017/1296/1239 972/1295/1238
f 1016/1279/1223 1061/1280/1224 1062/1297/1240 1017/1296/1239
f 1061/1280/1224 1106/1281/1225 1107/1298/1241 1062/1297/1240
f 1106/1281/1225 1151/1282/1226 1152/1299/1242 1107/1298/1241
f 1151/1282/1226 1196/1283/1227 1197/1300/1243 1152/1299/1242
f 1196/1283/1227 1241/1284/1228 1242/1301/1244 1197/1300/1243
f 1241/1284/1228 1286/1285/1229 1287/1302/1245 1242/1301/1244
f 1286/1285/1229 1331/1286/1230 1332/1303/1246 1287/1302/1245
f 1331/1286/1230 1376/1287/1231 1377/1304/1247 1332/1303/1246
f 1376/1287/1231 1421/1288/1232 1422/1305/1248 1377/1304/1247
f 1421/1288/1232 1466/1289/1233 1467/1306/1249 1422/1305/1248
f 1466/1289/1233 791/1290/1219 792/1307/1235 1467/1306/1249
f 792/1292/1235 837/1291/1234 838/1308/1250 793/1309/1251
f 837/1291/1234 882/1293/1236 883/1310/1252 838/1308/1250
f 882/1293/1236 927/1294/1237 928/1311/1253 883/1310/1252
f 927/1294/1237 972/1295/1238 973/1312/1254 928/1311/1253
f 972/1295/1238 1017/1296/1239 1018/1313/1255 973/1312/1254
f 1017/1296/1239 1062/1297/1240 1063/1314/1256 1018/1313/1255
f 1062/1297/1240 1107/1298/1241 1108/1315/1257 1063/1314/1256
f 1107/1298/1241 1152/1299/1242 1153/1316/1258 1108/1315/1257
f 1152/1299/1242 1197/1300/1243 1198/1317/1259 1153/1316/1258
f 1197/1300/1243 1242/1301/1244 1243/1318/1260 1198/1317/1259
f 1242/1301/1244 1287/1302/1245 1288/1319/1261 1243/1318/1260
f 1287/1302/1245 1332/1303/1246 1333/1320/1262 1288/1319/1261
f 1332/1303/1246 1377/1304/1247 1378/1321/1263 1333/1320/1262
f 1377/1304/1247 1422/1305/1248 1423/1322/1264 1378/1321/1263
f 1422/1305/1248 1467/1306/1249 1468/1323/1265 1423/1322/1264
f 1467/1306/1249 792/1307/1235 793/1324/1251 1468/1323/1265
f 793/1309/1251 838/1308/1250 839/1325/1266 794/1326/1267
f 838/1308/1250 883/1310/1252 884/1327/1268 839/1325/1266
f 883/1310/1252 928/1311/1253 929/1328/1269 884/1327/1268
f 928/1311/1253 973/1312/1254 974/1329/1270 929/1328/1269
f 973/1312/1254 1018/1313/1255 1019/1330/1271 974/1329/1270
f 1018/1313/1255 1063/1314/1256 1064/1331/1272 1019/1330/1271
f 1063/1314/1256 1108/1315/1257 1109/1332/1273 1064/1331/1272
f 1108/1315/1257 1153/1316/1258 1154/1333/1274 1109/1332/1273
f 1153/1316/1258 1198/1317/1259 1199/1334/1275 1154/1333/1274
f 1198/1317/1259 1243/1318/1260 1244/1335/1276 1199/1334/1275
f 1243/1318/1260 1288/1319/1261 1289/1336/1277 1244/1335/1276
f 1288/1319/1261 1333/1320/1262 1334/1337/1278 1289/1336/1277
f 1333/1320/1262 1378/1321/1263 1379/1338/1279 1334/1337/1278
f 1378/1321/1263 1423/1322/1264 1424/1339/1280 1379/1338/1279
f 1423/1322/1264 1468/1323/1265 1469/1340/1281 1424/1339/1280
f 1468/1323/1265 793/1324/1251 794/1341/1267 1469/1340/1281
f 794/1326/1267 839/1325/1266 840/1342/1282 795/1343/1283
f 839/1325/1266 884/1327/1268 885/1344/1284 840/1342/1282
f 884/1327/1268 929/1328/1269 930/1345/1285 885/1344/1284
f 929/1328/1269 974/1329/1270 975/1346/1286 930/1345/1285
f 974/1329/1270 1019/1330/1271 1020/1347/1287 975/1346/1286
f 1019/1330/1271 1064/1331/1272 1065/1348/1288 1020/1347/1287
f 1064/1331/1272 1109/1332/1273 1110/1349/1289 1065/1348/1288
f 1109/1332/1273 1154/1333/1274 1155/1350/1290 1110/1349/1289
f 1154/1333/1274 1199/1334/1275 1200/1351/1291 1155/1350/1290
f 1199/1334/1275 1244/1335/1276 1245/1352/1292 1200/1351/1291
f 1244/1335/1276 1289/1336/1277 1290/1353/1293 1245/1352/1292
f 1289/1336/1277 1334/1337/1278 1335/1354/1294 1290/1353/1293
f 1334/1337/1278 1379/1338/1279 1380/1355/1295 1335/1354/1294
f 1379/1338/1279 1424/1339/1280 1425/1356/1296 1380/1355/1295
f 1424/1339/1280 1469/1340/1281 1470/1357/1297 1425/1356/1296
f 1469/1340/1281 794/1341/1267 795/1358/1283 1470/1357/1297
f 795/1343/1283 840/1342/1282 841/1359/1298 796/1360/1299
f 840/1342/1282 885/1344/1284 886/1361/1300 841/1359/1298
f 885/1344/1284 930/1345/1285 931/1362/1301 886/1361/1300
f 930/1345/1285 975/1346/1286 976/1363/1302 931/1362/1301
f 975/1346/1286 1020/1347/1287 1021/1364/1303 976/1363/1302
f 1020/1347/1287 1065/1348/1288 1066/1365/1304 1021/1364/1303
f 1065/1348/1288 1110/1349/1289 1111/1366/1305 1066/1365/1304
f 1110/1349/1289 1155/1350/1290 1156/1367/1306 1111/1366/1305
f 1155/1350/1290 1200/1351/1291 1201/1368/1307 1156/1367/1306
f 1200/1351/1291 1245/1352/1292 1246/1369/1308 1201/1368/1307
f 1245/1352/1292 1290/1353/1293 1291/1370/1309 1246/1369/1308
f 1290/1353/1293 1335/1354/1294 1336/1371/1310 1291/1370/1309
f 1335/1354/1294 1380/1355/1295 1381/1372/1311 1336/1371/1310
f 1380/1355/1295 1425/1356/1296 1426/1373/1312 1381/1372/1311
f 1425/1356/1296 1470/1357/1297 1471/1374/1313 1426/1373/1312
f 1470/1357/1297 795/1358/1283 796/1375/1299 1471/1374/1313
f 796/1360/1299 841/1359/1298 842/1376/1314 797/1377/1315
f 841/1359/1298 886/1361/1300 887/1378/1316 842/1376/1314
f 886/1361/1300 931/1362/1301 932/1379/1317 887/1378/1316
f 931/1362/1301 976/1363/1302 977/1380/1318 932/1379/1317
f 976/1363/1302 1021/1364/1303 1022/1381/1319 977/1380/1318
f 1021/1364/1303 1066/1365/1304 1067/1382/1320 1022/1381/1319
f 1066/1365/1304 1111/1366/1305 1112/1383/1321 1067/1382/1320
f 1111/1366/1305 1156/1367/1306 1157/1384/1322 1112/1383/1321
f 1156/1367/1306 1201/1368/1307 1202/1385/1323 1157/1384/1322
f 1201/1368/1307 1246/1369/1308 1247/1386/1324 1202/1385/1323
f 1246/1369/1308 1291/1370/1309 1292/1387/1325 1247/1386/1324
f 1291/1370/1309 1336/1371/1310 1337/1388/1326 1292/1387/1325
f 1336/1371/1310 1381/1372/1311 1382/1389/1327 1337/1388/1326
f 1381/1372/1311 1426/1373/1312 1427/1390/1328 1382/1389/1327
f 1426/1373/1312 1471/1374/1313 1472/1391/1329 1427/1390/1328
f 1471/1374/1313 796/1375/1299 797/1392/1315 1472/1391/1329
f 797/1377/1315 842/1376/1314 843/1393/1330 798/1394/1331
f 842/1376/1314 887/1378/1316 888/1395/1332 843/1393/1330
f 887/1378/1316 932/1379/1317 933/1396/1333 888/1395/1332
f 932/1379/1317 977/1380/1318 978/1397/1334 933/1396/1333
f 977/1380/1318 1022/1381/1319 1023/1398/1335 978/1397/1334
f 1022/1381/1319 1067/1382/1320 1068/1399/1336 1023/1398/1335
f 1067/1382/1320 1112/1383/1321 1113/1400/1337 1068/1399/1336
f 1112/1383/1321 1157/1384/1322 1158/1401/1338 1113/1400/1337
f 1157/1384/1322 1202/1385/1323 1203/1402/1339 1158/1401/1338
f 1202/1385/1323 1247/1386/1324 1248/1403/1340 1203/1402/1339
f 1247/1386/1324 1292/1387/1325 1293/1404/1341 1248/1403/1340
f 1292/1387/1325 1337/1388/1326 1338/1405/1342 1293/1404/1341
f 1337/1388/1326 1382/1389/1327 1383/1406/1343 1338/1405/1342
f 1382/1389/1327 1427/1390/1328 1428/1407/1344 1383/1406/1343
f 1427/1390/1328 1472/1391/1329 1473/1408/1345 1428/1407/1344
f 1472/1391/1329 797/1392/1315 798/1409/1331 1473/1408/1345
f 798/1394/1331 843/1393/1330 844/1410/1346 799/1411/1347
f 843/1393/1330 888/1395/1332 889/1412/1348 844/1410/1346
f 888/1395/1332 933/1396/1333 934/1413/1349 889/1412/1348
f 933/1396/1333 978/1397/1334 979/1414/1350 934/1413/1349
f 978/1397/1334 1023/1398/1335 1024/1415/1351 979/1414/1350
f 1023/1398/1335 1068/1399/1336 1069/1416/1352 1024/1415/1351
f 1068/1399/1336 1113/1400/1337 1114/1417/1353 1069/1416/1352
f 1113/1400/1337 1158/1401/1338 1159/1418/1354 1114/1417/1353
f 1158/1401/1338 1203/1402/1339 1204/1419/1355 1159/1418/1354
f 1203/1402/1339 1248/1403/1340 1249/1420/1356 1204/1419/1355
f 1248/1403/1340 1293/1404/1341 1294/1421/1357 1249/1420/1356
f 1293/1404/1341 1338/1405/1342 1339/1422/1358 1294/1421/1357
f 1338/1405/1342 1383/1406/1343 1384/1423/1359 1339/1422/1358
f 1383/1406/1343 1428/1407/1344 1429/1424/1360 1384/1423/1359
f 1428/1407/1344 1473/1408/1345 1474/1425/1361 1429/1424/1360
f 1473/1408/1345 798/1409/1331 799/1426/1347 1474/1425/1361
f 799/1411/1347 844/1410/1346 845/1427/1362 800/1428/1363
f 844/1410/1346 889/1412/1348 890/1429/1364 845/1427/1362
f 889/1412/1348 934/1413/1349 935/1430/1365 890/1429/1364
f 934/1413/1349 979/1414/1350 980/1431/1366 935/1430/1365
f 979/1414/1350 1024/1415/1351 1025/1432/1367 980/1431/1366
f 1024/1415/1351 1069/1416/1352 1070/1433/1368 1025/1432/1367
f 1069/1416/1352 1114/1417/1353 1115/1434/1369 1070/1433/1368
f 1114/1417/1353 1159/1418/1354 1160/1435/1370 1115/1434/1369
f 1159/1418/1354 1204/1419/1355 1205/1436/1371 1160/1435/1370
f 1204/1419/1355 1249/1420/1356 1250/1437/1372 1205/1436/1371
f 1249/1420/1356 1294/1421/1357 1295/1438/1373 1250/1437/1372
f 1294/1421/1357 1339/1422/1358 1340/1439/1374 1295/1438/1373
f 1339/1422/1358 1384/1423/1359 1385/1440/1375 1340/1439/1374
f 1384/1423/1359 1429/1424/1360 1430/1441/1376 1385/1440/1375
f 1429/1424/1360 1474/1425/1361 1475/1442/1377 1430/1441/1376
f 1474/1425/1361 799/1426/1347 800/1443/1363 1475/1442/1377
f 800/1428/1363 845/1427/1362 846/1444/1378 801/1445/1379
f 845/1427/1362 890/1429/1364 891/1446/1380 846/1444/1378
f 890/1429/1364 935/1430/1365 936/1447/1381 891/1446/1380
f 935/1430/1365 980/1431/1366 981/1448/1382 936/1447/1381
f 980/1431/1366 1025/1432/1367 1026/1449/1383 981/1448/1382
f 1025/1432/1367 1070/1433/1368 1071/1450/1384 1026/1449/1383
f 1070/1433/1368 1115/1434/1369 1116/1451/1385 1071/1450/1384
f 1115/1434/1369 1160/1435/1370 1161/1452/1386 1116/1451/1385
f 1160/1435/1370 1205/1436/1371 1206/1453/1387 1161/1452/1386
f 1205/1436/1371 1250/1437/1372 1251/1454/1388 1206/1453/1387
f 1250/1437/1372 1295/1438/1373 1296/1455/1389 1251/1454/1388
f 1295/1438/1373 1340/1439/1374 1341/1456/1390 1296/1455/1389
f 1340/1439/1374 1385/1440/1375 1386/1457/1391 1341/1456/1390
f 1385/1440/1375 1430/1441/1376 1431/1458/1392 1386/1457/1391
f 1430/1441/1376 1475/1442/1377 1476/1459/1393 1431/1458/1392
f 1475/1442/1377 800/1443/1363 801/1460/1379 1476/1459/1393
f 801/1445/1379 846/1444/1378 847/1461/1394 802/1462/1395
f 846/1444/1378 891/1446/1380 892/1463/1396 847/1461/1394
f 891/1446/1380 936/1447/1381 937/1464/1397 892/1463/1396
f 936/1447/1381 981/1448/1382 982/1465/1398 937/1464/1397
f 981/1448/1382 1026/1449/1383 1027/1466/1399 982/1465/1398
f 1026/1449/1383 1071/1450/1384 1072/1467/1400 1027/1466/1399
f 1071/1450/1384 1116/1451/1385 1117/1468/1401 1072/1467/1400
f 1116/1451/1385 1161/1452/1386 1162/1469/1402 1117/1468/1401
f 1161/1452/1386 1206/1453/1387 1207/1470/1403 1162/1469/1402
f 1206/1453/1387 1251/1454/1388 1252/1471/1404 1207/1470/1403
f 1251/1454/1388 1296/1455/1389 1297/1472/1405 1252/1471/1404
f 1296/1455/1389 1341/1456/1390 1342/1473/1406 1297/1472/1405
f 1341/1456/1390 1386/1457/1391 1387/1474/1407 1342/1473/1406
f 1386/1457/1391 1431/1458/1392 1432/1475/1408 1387/1474/1407
f 1431/1458/1392 1476/1459/1393 1477/1476/1409 1432/1475/1408
f 1476/1459/1393 801/1460/1379 802/1477/1395 1477/1476/1409
f 802/1462/1395 847/1461/1394 848/1478/1410 803/1479/1411
f 847/1461/1394 892/1463/1396 893/1480/1412 848/1478/1410
f 892/1463/1396 937/1464/1397 938/1481/1413 893/1480/1412
f 937/1464/1397 982/1465/1398 983/1482/1414 938/1481/1413
f 982/1465/1398 1027/1466/1399 1028/1483/1415 983/1482/1414
f 1027/1466/1399 1072/1467/1400 1073/1484/1416 1028/1483/1415
f 1072/1467/1400 1117/1468/1401 1118/1485/1417 1073/1484/1416
f 1117/1468/1401 1162/1469/1402 1163/1486/1418 1118/1485/1417
f 1162/1469/1402 1207/1470/1403 1208/1487/1419 1163/1486/1418
f 1207/1470/1403 1252/1471/1404 1253/1488/1420 1208/1487/1419
f 1252/1471/1404 1297/1472/1405 1298/1489/1421 1253/1488/1420
f 1297/1472/1405 1342/1473/1406 1343/1490/1422 1298/1489/1421
f 1342/1473/1406 1387/1474/1407 1388/1491/1423 1343/1490/1422
f 1387/1474/1407 1432/1475/1408 1433/1492/1424 1388/1491/1423
f 1432/1475/1408 1477/1476/1409 1478/1493/1425 1433/1492/1424
f 1477/1476/1409 802/1477/1395 803/1494/1411 1478/1493/1425
f 803/1479/1411 848/1478/1410 849/1495/1426 804/1496/1427
f 848/1478/1410 893/1480/1412 894/1497/1428 849/1495/1426
f 893/1480/1412 938/1481/1413 939/1498/1429 894/1497/1428
f 938/1481/1413 983/1482/1414 984/1499/1430 939/1498/1429
f 983/1482/1414 1028/1483/1415 1029/1500/1431 984/1499/1430
f 1028/1483/1415 1073/1484/1416 1074/1501/1432 1029/1500/1431
f 1073/1484/1416 1118/1485/1417 1119/1502/1433 1074/1501/1432
f 1118/1485/1417 1163/1486/1418 1164/1503/1434 1119/1502/1433
f 1163/1486/1418 1208/1487/1419 1209/1504/1435 1164/1503/1434
f 1208/1487/1419 1253/1488/1420 1254/1505/1436 1209/1504/1435
f 1253/1488/1420 1298/1489/1421 1299/1506/1437 1254/1505/1436
f 1298/1489/1421 1343/1490/1422 1344/1507/1438 1299/1506/1437
f 1343/1490/1422 1388/1491/1423 1389/1508/1439 1344/1507/1438
f 1388/1491/1423 1433/1492/1424 1434/1509/1440 1389/1508/1439
f 1433/1492/1424 1478/1493/1425 1479/1510/1441 1434/1509/1440
f 1478/1493/1425 803/1494/1411 804/1511/1427 1479/1510/1441
f 804/1496/1427 849/1495/1426 850/1512/1442 805/1513/1443
f 849/1495/1426 894/1497/1428 895/1514/1444 850/1512/1442
f 894/1497/1428 939/1498/1429 940/1515/1445 895/1514/1444
f 939/1498/1429 984/1499/1430 985/1516/1446 940/1515/1445
f 984/1499/1430 1029/1500/1431 1030/1517/1447 985/1516/1446
f 1029/1500/1431 1074/1501/1432 1075/1518/1448 1030/1517/1447
f 1074/1501/1432 1119/1502/1433 1120/1519/1449 1075/1518/1448
f 1119/1502/1433 1164/1503/1434 1165/1520/1450 1120/1519/1449
f 1164/1503/1434 1209/1504/1435 1210/1521/1451 1165/1520/1450
f 1209/1504/1435 1254/1505/1436 1255/1522/1452 1210/1521/1451
f 1254/1505/1436 1299/1506/1437 1300/1523/1453 1255/1522/1452
f 1299/1506/1437 1344/1507/1438 1345/1524/1454 1300/1523/1453
f 1344/1507/1438 1389/1508/1439 1390/1525/1455 1345/1524/1454
f 1389/1508/1439 1434/1509/1440 1435/1526/1456 1390/1525/1455
f 1434/1509/1440 1479/1510/1441 1480/1527/1457 1435/1526/1456
f 1479/1510/1441 804/1511/1427 805/1528/1443 1480/1527/1457
f 805/1513/1458 850/1512/1459 851/1529/1459 806/1530/1458
f 850/1512/1459 895/1514/1460 896/1531/1460 851/1529/1459
f 895/1514/1460 940/1515/1461 941/1532/1461 896/1531/1460
f 940/1515/1461 985/1516/1462 986/1533/1462 941/1532/1461
f 985/1516/1462 1030/1517/1463 1031/1534/1463 986/1533/1462
f 1030/1517/1463 1075/1518/1464 1076/1535/1464 1031/1534/1463
f 1075/1518/1464 1120/1519/1465 1121/1536/1465 1076/1535/1464
f 1120/1519/1465 1165/1520/1466 1166/1537/1466 1121/1536/1465
f 1165/1520/1466 1210/1521/1467 1211/1538/1467 1166/1537/1466
f 1210/1521/1467 1255/1522/1468 1256/1539/1468 1211/1538/1467
f 1255/1522/1468 1300/1523/1469 1301/1540/1469 1256/1539/1468
f 1300/1523/1469 1345/1524/1470 1346/1541/1470 1301/1540/1469
f 1345/1524/1470 1390/1525/1471 1391/1542/1471 1346/1541/1470
f 1390/1525/1471 1435/1526/1472 1436/1543/1472 1391/1542/1471
f 1435/1526/1472 1480/1527/1473 1481/1544/1473 1436/1543/1472
f 1480/1527/1473 805/1528/1458 806/1545/1458 1481/1544/1473
f 806/1530/1474 851/1529/1475 852/1546/1475 807/1547/1474
f 851/1529/1475 896/1531/1476 897/1548/1476 852/1546/1475
f 896/1531/1476 941/1532/1477 942/1549/1477 897/1548/1476
f 941/1532/1477 986/1533/1478 987/1550/1478 942/1549/1477
f 986/1533/1478 1031/1534/1479 1032/1551/1479 987/1550/1478
f 1031/1534/1479 1076/1535/1480 1077/1552/1480 1032/1551/1479
f 1076/1535/1480 1121/1536/1481 1122/1553/1481 1077/1552/1480
f 1121/1536/1481 1166/1537/1482 1167/1554/1482 1122/1553/1481
f 1166/1537/1482 1211/1538/1483 1212/1555/1483 1167/1554/1482
f 1211/1538/1483 1256/1539/1484 1257/1556/1484 1212/1555/1483
f 1256/1539/1484 1301/1540/1485 1302/1557/1485 1257/1556/1484
f 1301/1540/1485 1346/1541/1486 1347/1558/1486 1302/1557/1485
f 1346/1541/1486 1391/1542/1487 1392/1559/1487 1347/1558/1486
f 1391/1542/1487 1436/1543/1488 1437/1560/1488 1392/1559/1487
f 1436/1543/1488 1481/1544/1489 1482/1561/1489 1437/1560/1488
f 1481/1544/1489 806/1545/1474 807/1562/1474 1482/1561/1489
f 807/1547/1490 852/1546/1491 853/1563/1491 808/1564/1490
f 852/1546/1491 897/1548/1492 898/1565/1492 853/1563/1491
f 897/1548/1492 942/1549/1493 943/1566/1493 898/1565/1492
f 942/1549/1493 987/1550/1494 988/1567/1494 943/1566/1493
f 987/1550/1494 1032/1551/1495 1033/1568/1495 988/1567/1494
f 1032/1551/1495 1077/1552/1496 1078/1569/1496 1033/1568/1495
f 1077/1552/1496 1122/1553/1497 1123/1570/1497 1078/1569/1496
f 1122/1553/1497 1167/1554/1498 1168/1571/1498 1123/1570/1497
f 1167/1554/1498 1212/1555/1499 1213/1572/1499 1168/1571/1498
f 1212/1555/1499 1257/1556/1500 1258/1573/1500 1213/1572/1499
f 1257/1556/1500 1302/1557/1501 1303/1574/1501 1258/1573/1500
f 1302/1557/1501 1347/1558/1502 1348/1575/1502 1303/1574/1501
f 1347/1558/1502 1392/1559/1503 1393/1576/1503 1348/1575/1502
f 1392/1559/1503 1437/1560/1504 1438/1577/1504 1393/1576/1503
f 1437/1560/1504 1482/1561/1505 1483/1578/1505 1438/1577/1504
f 1482/1561/1505 807/1562/1490 808/1579/1490 1483/1578/1505
f 808/1564/1506 853/1563/1507 854/1580/1508 809/1581/1509
f 853/1563/1507 898/1565/1510 899/1582/1511 854/1580/1508
f 898/1565/1510 943/1566/1512 944/1583/1513 899/1582/1511
f 943/1566/1512 988/1567/1514 989/1584/1515 944/1583/1513
f 988/1567/1514 1033/1568/1516 1034/1585/1517 989/1584/1515
f 1033/1568/1516 1078/1569/1518 1079/1586/1519 1034/1585/1517
f 1078/1569/1518 1123/1570/1520 1124/1587/1521 1079/1586/1519
f 1123/1570/1520 1168/1571/1522 1169/1588/1523 1124/1587/1521
f 1168/1571/1522 1213/1572/1524 1214/1589/1525 1169/1588/1523
f 1213/1572/1524 1258/1573/1526 1259/1590/1527 1214/1589/1525
f 1258/1573/1526 1303/1574/1528 1304/1591/1529 1259/1590/1527
f 1303/1574/1528 1348/1575/1530 1349/1592/1531 1304/1591/1529
f 1348/1575/1530 1393/1576/1532 1394/1593/1533 1349/1592/1531
f 1393/1576/1532 1438/1577/1534 1439/1594/1535 1394/1593/1533
f 1438/1577/1534 1483/1578/1536 1484/1595/1537 1439/1594/1535
f 1483/1578/1536 808/1579/1506 809/1596/1509 1484/1595/1537
f 809/1581/1509 854/1580/1508 855/1597/1538 810/1598/1539
f 854/1580/1508 899/1582/1511 900/1599/1540 855/1597/1538
f 899/1582/1511 944/1583/1513 945/1600/1541 900/1599/1540
f 944/1583/1513 989/1584/1515 990/1601/1542 945/1600/1541
f 989/1584/1515 1034/1585/1517 1035/1602/1543 990/1601/1542
f 1034/1585/1517 1079/1586/1519 1080/1603/1544 1035/1602/1543
f 1079/1586/1519 1124/1587/1521 1125/1604/1545 1080/1603/1544
f 1124/1587/1521 1169/1588/1523 1170/1605/1546 1125/1604/1545
f 1169/1588/1523 1214/1589/1525 1215/1606/1547 1170/1605/1546
f 1214/1589/1525 1259/1590/1527 1260/1607/1548 1215/1606/1547
f 1259/1590/1527 1304/1591/1529 1305/1608/1549 1260/1607/1548
f 1304/1591/1529 1349/1592/1531 1350/1609/1550 1305/1608/1549
f 1349/1592/1531 1394/1593/1533 1395/1610/1551 1350/1609/1550
f 1394/1593/1533 1439/1594/1535 1440/1611/1552 1395/1610/1551
f 1439/1594/1535 1484/1595/1537 1485/1612/1553 1440/1611/1552
f 1484/1595/1537 809/1596/1509 810/1613/1539 1485/1612/1553
f 810/1598/1539 855/1597/1538 856/1614/1554 811/1615/1555
f 855/1597/1538 900/1599/1540 901/1616/1556 856/1614/1554
f 900/1599/1540 945/1600/1541 946/1617/1557 901/1616/1556
f 945/1600/1541 990/1601/1542 991/1618/1558 946/1617/1557
f 990/1601/1542 1035/1602/1543 1036/1619/1559 991/1618/1558
f 1035/1602/1543 1080/1603/1544 1081/1620/1560 1036/1619/1559
f 1080/1603/1544 1125/1604/1545 1126/1621/1561 1081/1620/1560
f 1125/1604/1545 1170/1605/1546 1171/1622/1562 1126/1621/1561
f 1170/1605/1546 1215/1606/1547 1216/1623/1563 1171/1622/1562
f 1215/1606/1547 1260/1607/1548 1261/1624/1564 1216/1623/1563
f 1260/1607/1548 1305/1608/1549 1306/1625/1565 1261/1624/1564
f 1305/1608/1549 1350/1609/1550 1351/1626/1566 1306/1625/1565
f 1350/1609/1550 1395/1610/1551 1396/1627/1567 1351/1626/1566
f 1395/1610/1551 1440/1611/1552 1441/1628/1568 1396/1627/1567
f 1440/1611/1552 1485/1612/1553 1486/1629/1569 1441/1628/1568
f 1485/1612/1553 810/1613/1539 811/1630/1555 1486/1629/1569
f 811/1615/1555 856/1614/1554 857/1631/1570 812/1632/1571
f 856/1614/1554 901/1616/1556 902/1633/1572 857/1631/1570
f 901/1616/1556 946/1617/1557 947/1634/1573 902/1633/1572
f 946/1617/1557 991/1618/1558 992/1635/1574 947/1634/1573
f 991/1618/1558 1036/1619/1559 1037/1636/1575 992/1635/1574
f 1036/1619/1559 1081/1620/1560 1082/1637/1576 1037/1636/1575
f 1081/1620/1560 1126/1621/1561 1127/1638/1577 1082/1637/1576
f 1126/1621/1561 1171/1622/1562 1172/1639/1578 1127/1638/1577
f 1171/1622/1562 1216/1623/1563 1217/1640/1579 1172/1639/1578
f 1216/1623/1563 1261/1624/1564 1262/1641/1580 1217/1640/1579
f 1261/1624/1564 1306/1625/1565 1307/1642/1581 1262/1641/1580
f 1306/1625/1565 1351/1626/1566 1352/1643/1582 1307/1642/1581
f 1351/1626/1566 1396/1627/1567 1397/1644/1583 1352/1643/1582
f 1396/1627/1567 1441/1628/1568 1442/1645/1584 1397/1644/1583
f 1441/1628/1568 1486/1629/1569 1487/1646/1585 1442/1645/1584
f 1486/1629/1569 811/1630/1555 812/1647/1571 1487/1646/1585
f 812/1632/1571 857/1631/1570 858/1648/1586 813/1649/1587
f 857/1631/1570 902/1633/1572 903/1650/1588 858/1648/1586
f 902/1633/1572 947/1634/1573 948/1651/1589 903/1650/1588
f 947/1634/1573 992/1635/1574 993/1652/1590 948/1651/1589
f 992/1635/1574 1037/1636/1575 1038/1653/1591 993/1652/1590
f 1037/1636/1575 1082/1637/1576 1083/1654/1592 1038/1653/1591
f 1082/1637/1576 1127/1638/1577 1128/1655/1593 1083/1654/1592
f 1127/1638/1577 1172/1639/1578 1173/1656/1594 1128/1655/1593
f 1172/1639/1578 1217/1640/1579 1218/1657/1595 1173/1656/1594
f 1217/1640/1579 1262/1641/1580 1263/1658/1596 1218/1657/1595
f 1262/1641/1580 1307/1642/1581 1308/1659/1597 1263/1658/1596
f 1307/1642/1581 1352/1643/1582 1353/1660/1598 1308/1659/1597
f 1352/1643/1582 1397/1644/1583 1398/1661/1599 1353/1660/1598
f 1397/1644/1583 1442/1645/1584 1443/1662/1600 1398/1661/1599
f 1442/1645/1584 1487/1646/1585 1488/1663/1601 1443/1662/1600
f 1487/1646/1585 812/1647/1571 813/1664/1587 1488/1663/1601
f 96/817/1602 48/816/1603 1489/1665/1604 1496/1666/1605
f 192/819/1606 144/818/1607 1502/1667/1608 1508/1668/1609
f 240/820/1610 192/819/1606 1508/1668/1609 1514/1669/1611
f 288/821/1612 240/820/1610 1514/1669/1611 1520/1670/1613
f 336/822/1614 288/821/1612 1520/1670/1613 1526/1671/1615
f 384/823/1616 336/822/1614 1526/1671/1615 1532/1672/1617
f 432/824/1618 384/823/1616 1532/1672/1617 1538/1673/1619
f 480/825/1620 432/824/1618 1538/1673/1619 1544/1674/1621
f 528/826/1622 480/825/1620 1544/1674/1621 1550/1675/1623
f 576/827/1624 528/826/1622 1550/1675/1623 1556/1676/1625
f 624/828/1626 576/827/1624 1556/1676/1625 1562/1677/1627
f 672/829/1628 624/828/1626 1562/1677/1627 1568/1678/1629
f 720/830/1630 672/829/1628 1568/1678/1629 1574/1679/1631
f 768/831/1632 720/830/1630 1574/1679/1631 1580/1680/1633
f 48/832/1603 768/831/1632 1580/1680/1633 1489/1681/1604
f 1/17/1634 49/20/1635 814/834/1635 769/833/1634
f 144/818/1607 96/817/1602 1496/1666/1605 1502/1667/1608
f 49/20/1635 97/22/1636 859/837/1636 814/834/1635
f 858/1648/1586 903/1650/1588 1501/1682/1637 1495/1683/1638
f 97/22/1636 145/24/1639 904/839/1639 859/837/1636
f 903/1650/1588 948/1651/1589 1507/1684/1640 1501/1682/1637
f 145/24/1639 193/26/1641 949/841/1641 904/839/1639
f 948/1651/1589 993/1652/1590 1513/1685/1642 1507/1684/1640
f 193/26/1641 241/28/1643 994/843/1643 949/841/1641
f 993/1652/1590 1038/1653/1591 1519/1686/1644 1513/1685/1642
f 241/28/1643 289/30/1645 1039/845/1645 994/843/1643
f 1038/1653/1591 1083/1654/1592 1525/1687/1646 1519/1686/1644
f 289/30/1645 337/32/1647 1084/847/1647 1039/845/1645
f 1083/1654/1592 1128/1655/1593 1531/1688/1648 1525/1687/1646
f 337/32/1647 385/34/1649 1129/849/1649 1084/847/1647
f 1128/1655/1593 1173/1656/1594 1537/1689/1650 1531/1688/1648
f 385/34/1649 433/36/1651 1174/851/1651 1129/849/1649
f 1173/1656/1594 1218/1657/1595 1543/1690/1652 1537/1689/1650
f 433/36/1651 481/38/1653 1219/853/1653 1174/851/1651
f 1218/1657/1595 1263/1658/1596 1549/1691/1654 1543/1690/1652
f 481/38/1653 529/40/1655 1264/855/1655 1219/853/1653
f 1263/1658/1596 1308/1659/1597 1555/1692/1656 1549/1691/1654
f 529/40/1655 577/42/1657 1309/857/1657 1264/855/1655
f 1308/1659/1597 1353/1660/1598 1561/1693/1658 1555/1692/1656
f 577/42/1657 625/44/1659 1354/859/1659 1309/857/1657
f 1353/1660/1598 1398/1661/1599 1567/1694/1660 1561/1693/1658
f 625/44/1659 673/46/1661 1399/861/1661 1354/859/1659
f 1398/1661/1599 1443/1662/1600 1573/1695/1662 1567/1694/1660
f 673/46/1661 721/48/1663 1444/863/1663 1399/861/1661
f 1443/1662/1600 1488/1663/1601 1579/1696/1664 1573/1695/1662
f 721/48/1663 1/50/1634 769/865/1634 1444/863/1663
f 813/1649/1587 858/1648/1586 1495/1683/1638 1490/1697/1665
f 624/828/1666 672/829/1667 1790/1698/1667 1789/1699/1666
f 1496/1666/1605 1489/1665/1604 1491/1700/1668 1500/1701/1669
f 1500/1701/1669 1491/1700/1668 1492/1702/1670 1499/1703/1671
f 1499/1703/1671 1492/1702/1670 1493/1704/1672 1498/1705/1673
f 1498/1705/1673 1493/1704/1672 1494/1706/1674 1497/1707/1675
f 1497/1707/1675 1494/1706/1674 1490/1697/1665 1495/1683/1638
f 1502/1667/1608 1496/1666/1605 1500/1701/1669 1506/1708/1676
f 1506/1708/1676 1500/1701/1669 1499/1703/1671 1505/1709/1677
f 1505/1709/1677 1499/1703/1671 1498/1705/1673 1504/1710/1678
f 1504/1710/1678 1498/1705/1673 1497/1707/1675 1503/1711/1679
f 1503/1711/1679 1497/1707/1675 1495/1683/1638 1501/1682/1637
f 1508/1668/1609 1502/1667/1608 1506/1708/1676 1512/1712/1680
f 1512/1712/1680 1506/1708/1676 1505/1709/1677 1511/1713/1681
f 1511/1713/1681 1505/1709/1677 1504/1710/1678 1510/1714/1682
f 1510/1714/1682 1504/1710/1678 1503/1711/1679 1509/1715/1683
f 1509/1715/1683 1503/1711/1679 1501/1682/1637 1507/1684/1640
f 1514/1669/1611 1508/1668/1609 1512/1712/1680 1518/1716/1684
f 1518/1716/1684 1512/1712/1680 1511/1713/1681 1517/1717/1685
f 1517/1717/1685 1511/1713/1681 1510/1714/1682 1516/1718/1686
f 1516/1718/1686 1510/1714/1682 1509/1715/1683 1515/1719/1687
f 1515/1719/1687 1509/1715/1683 1507/1684/1640 1513/1685/1642
f 1520/1670/1613 1514/1669/1611 1518/1716/1684 1524/1720/1688
f 1524/1720/1688 1518/1716/1684 1517/1717/1685 1523/1721/1689
f 1523/1721/1689 1517/1717/1685 1516/1718/1686 1522/1722/1690
f 1522/1722/1690 1516/1718/1686 1515/1719/1687 1521/1723/1691
f 1521/1723/1691 1515/1719/1687 1513/1685/1642 1519/1686/1644
f 1526/1671/1615 1520/1670/1613 1524/1720/1688 1530/1724/1692
f 1530/1724/1692 1524/1720/1688 1523/1721/1689 1529/1725/1693
f 1529/1725/1693 1523/1721/1689 1522/1722/1690 1528/1726/1694
f 1528/1726/1694 1522/1722/1690 1521/1723/1691 1527/1727/1695
f 1527/1727/1695 1521/1723/1691 1519/1686/1644 1525/1687/1646
f 1532/1672/1617 1526/1671/1615 1530/1724/1692 1536/1728/1696
f 1536/1728/1696 1530/1724/1692 1529/1725/1693 1535/1729/1697
f 1535/1729/1697 1529/1725/1693 1528/1726/1694 1534/1730/1698
f 1534/1730/1698 1528/1726/1694 1527/1727/1695 1533/1731/1699
f 1533/1731/1699 1527/1727/1695 1525/1687/1646 1531/1688/1648
f 1538/1673/1619 1532/1672/1617 1536/1728/1696 1542/1732/1700
f 1542/1732/1700 1536/1728/1696 1535/1729/1697 1541/1733/1701
f 1541/1733/1701 1535/1729/1697 1534/1730/1698 1540/1734/1702
f 1540/1734/1702 1534/1730/1698 1533/1731/1699 1539/1735/1703
f 1539/1735/1703 1533/1731/1699 1531/1688/1648 1537/1689/1650
f 1544/1674/1621 1538/1673/1619 1542/1732/1700 1548/1736/1704
f 1548/1736/1704 1542/1732/1700 1541/1733/1701 1547/1737/1705
f 1547/1737/1705 1541/1733/1701 1540/1734/1702 1546/1738/1706
f 1546/1738/1706 1540/1734/1702 1539/1735/1703 1545/1739/1707
f 1545/1739/1707 1539/1735/1703 1537/1689/1650 1543/1690/1652
f 1550/1675/1623 1544/1674/1621 1548/1736/1704 1554/1740/1708
f 1554/1740/1708 1548/1736/1704 1547/1737/1705 1553/1741/1709
f 1553/1741/1709 1547/1737/1705 1546/1738/1706 1552/1742/1710
f 1552/1742/1710 1546/1738/1706 1545/1739/1707 1551/1743/1711
f 1551/1743/1711 1545/1739/1707 1543/1690/1652 1549/1691/1654
f 1556/1676/1625 1550/1675/1623 1554/1740/1708 1560/1744/1712
f 1560/1744/1712 1554/1740/1708 1553/1741/1709 1559/1745/1713
f 1559/1745/1713 1553/1741/1709 1552/1742/1710 1558/1746/1714
f 1558/1746/1714 1552/1742/1710 1551/1743/1711 1557/1747/1715
f 1557/1747/1715 1551/1743/1711 1549/1691/1654 1555/1692/1656
f 1562/1677/1627 1556/1676/1625 1560/1744/1712 1566/1748/1716
f 1566/1748/1716 1560/1744/1712 1559/1745/1713 1565/1749/1717
f 1565/1749/1717 1559/1745/1713 1558/1746/1714 1564/1750/1718
f 1564/1750/1718 1558/1746/1714 1557/1747/1715 1563/1751/1719
f 1563/1751/1719 1557/1747/1715 1555/1692/1656 1561/1693/1658
f 1568/1678/1629 1562/1677/1627 1566/1748/1716 1572/1752/1720
f 1572/1752/1720 1566/1748/1716 1565/1749/1717 1571/1753/1721
f 1571/1753/1721 1565/1749/1717 1564/1750/1718 1570/1754/1722
f 1570/1754/1722 1564/1750/1718 1563/1751/1719 1569/1755/1723
f 1569/1755/1723 1563/1751/1719 1561/1693/1658 1567/1694/1660
f 1574/1679/1631 1568/1678/1629 1572/1752/1720 1578/1756/1724
f 1578/1756/1724 1572/1752/1720 1571/1753/1721 1577/1757/1725
f 1577/1757/1725 1571/1753/1721 1570/1754/1722 1576/1758/1726
f 1576/1758/1726 1570/1754/1722 1569/1755/1723 1575/1759/1727
f 1575/1759/1727 1569/1755/1723 1567/1694/1660 1573/1695/1662
f 1580/1680/1633 1574/1679/1631 1578/1756/1724 1584/1760/1728
f 1584/1760/1728 1578/1756/1724 1577/1757/1725 1583/1761/1729
f 1583/1761/1729 1577/1757/1725 1576/1758/1726 1582/1762/1730
f 1582/1762/1730 1576/1758/1726 1575/1759/1727 1581/1763/1731
f 1581/1763/1731 1575/1759/1727 1573/1695/1662 1579/1696/1664
f 1489/1681/1604 1580/1680/1633 1584/1760/1728 1491/1764/1668
f 1491/1764/1668 1584/1760/1728 1583/1761/1729 1492/1765/1670
f 1492/1765/1670 1583/1761/1729 1582/1762/1730 1493/1766/1672
f 1493/1766/1672 1582/1762/1730 1581/1763/1731 1494/1767/1674
f 1494/1767/1674 1581/1763/1731 1579/1696/1664 1490/1768/1665
f 1488/1663/1601 813/1664/1587 1490/1768/1665 1579/1696/1664
f 1598/1073/1014 1585/1072/947 1587/1769/1732 1602/1770/1733
f 1602/1770/1733 1587/1769/1732 1588/1771/1734 1601/1772/1735
f 1601/1772/1735 1588/1771/1734 1589/1773/1736 1600/1774/1737
f 1600/1774/1737 1589/1773/1736 1590/1775/1738 1599/1776/1739
f 1599/1776/1739 1590/1775/1738 1586/1055/983 1597/1054/982
f 1604/1024/950 1591/1102/984 1593/1777/1740 1608/1778/1741
f 1608/1778/1741 1593/1777/1740 1594/1779/1742 1607/1780/1743
f 1607/1780/1743 1594/1779/1742 1595/1781/1744 1606/1782/1745
f 1606/1782/1745 1595/1781/1744 1596/1783/1746 1605/1784/1747
f 1605/1784/1747 1596/1783/1746 1592/1075/948 1603/1074/1015
f 1610/1076/1016 1598/1073/1014 1602/1770/1733 1614/1785/1748
f 1614/1785/1748 1602/1770/1733 1601/1772/1735 1613/1786/1749
f 1613/1786/1749 1601/1772/1735 1600/1774/1737 1612/1787/1750
f 1612/1787/1750 1600/1774/1737 1599/1776/1739 1611/1788/1751
f 1611/1788/1751 1599/1776/1739 1597/1054/982 1609/1058/987
f 1616/1025/951 1604/1024/950 1608/1778/1741 1620/1789/1752
f 1620/1789/1752 1608/1778/1741 1607/1780/1743 1619/1790/1753
f 1619/1790/1753 1607/1780/1743 1606/1782/1745 1618/1791/1754
f 1618/1791/1754 1606/1782/1745 1605/1784/1747 1617/1792/1755
f 1617/1792/1755 1605/1784/1747 1603/1074/1015 1615/1077/1017
f 1622/1078/1018 1610/1076/1016 1614/1785/1748 1626/1793/1756
f 1626/1793/1756 1614/1785/1748 1613/1786/1749 1625/1794/1757
f 1625/1794/1757 1613/1786/1749 1612/1787/1750 1624/1795/1758
f 1624/1795/1758 1612/1787/1750 1611/1788/1751 1623/1796/1759
f 1623/1796/1759 1611/1788/1751 1609/1058/987 1621/1059/989
f 1628/1028/954 1616/1025/951 1620/1789/1752 1632/1797/1760
f 1632/1797/1760 1620/1789/1752 1619/1790/1753 1631/1798/1761
f 1631/1798/1761 1619/1790/1753 1618/1791/1754 1630/1799/1762
f 1630/1799/1762 1618/1791/1754 1617/1792/1755 1629/1800/1763
f 1629/1800/1763 1617/1792/1755 1615/1077/1017 1627/1079/1019
f 1634/1080/1020 1622/1078/1018 1626/1793/1756 1638/1801/1764
f 1638/1801/1764 1626/1793/1756 1625/1794/1757 1637/1802/1765
f 1637/1802/1765 1625/1794/1757 1624/1795/1758 1636/1803/1766
f 1636/1803/1766 1624/1795/1758 1623/1796/1759 1635/1804/1767
f 1635/1804/1767 1623/1796/1759 1621/1059/989 1633/1060/991
f 1640/1030/956 1628/1028/954 1632/1797/1760 1644/1805/1768
f 1644/1805/1768 1632/1797/1760 1631/1798/1761 1643/1806/1769
f 1643/1806/1769 1631/1798/1761 1630/1799/1762 1642/1807/1770
f 1642/1807/1770 1630/1799/1762 1629/1800/1763 1641/1808/1771
f 1641/1808/1771 1629/1800/1763 1627/1079/1019 1639/1081/1021
f 1646/1082/1022 1634/1080/1020 1638/1801/1764 1650/1809/1772
f 1650/1809/1772 1638/1801/1764 1637/1802/1765 1649/1810/1773
f 1649/1810/1773 1637/1802/1765 1636/1803/1766 1648/1811/1774
f 1648/1811/1774 1636/1803/1766 1635/1804/1767 1647/1812/1775
f 1647/1812/1775 1635/1804/1767 1633/1060/991 1645/1061/993
f 1652/1032/958 1640/1030/956 1644/1805/1768 1656/1813/1776
f 1656/1813/1776 1644/1805/1768 1643/1806/1769 1655/1814/1777
f 1655/1814/1777 1643/1806/1769 1642/1807/1770 1654/1815/1778
f 1654/1815/1778 1642/1807/1770 1641/1808/1771 1653/1816/1779
f 1653/1816/1779 1641/1808/1771 1639/1081/1021 1651/1083/1023
f 1658/1084/1024 1646/1082/1022 1650/1809/1772 1662/1817/1780
f 1662/1817/1780 1650/1809/1772 1649/1810/1773 1661/1818/1781
f 1661/1818/1781 1649/1810/1773 1648/1811/1774 1660/1819/1782
f 1660/1819/1782 1648/1811/1774 1647/1812/1775 1659/1820/1783
f 1659/1820/1783 1647/1812/1775 1645/1061/993 1657/1062/995
f 1664/1034/960 1652/1032/958 1656/1813/1776 1668/1821/1784
f 1668/1821/1784 1656/1813/1776 1655/1814/1777 1667/1822/1785
f 1667/1822/1785 1655/1814/1777 1654/1815/1778 1666/1823/1786
f 1666/1823/1786 1654/1815/1778 1653/1816/1779 1665/1824/1787
f 1665/1824/1787 1653/1816/1779 1651/1083/1023 1663/1085/1025
f 1670/1086/1026 1658/1084/1024 1662/1817/1780 1674/1825/1788
f 1674/1825/1788 1662/1817/1780 1661/1818/1781 1673/1826/1789
f 1673/1826/1789 1661/1818/1781 1660/1819/1782 1672/1827/1790
f 1672/1827/1790 1660/1819/1782 1659/1820/1783 1671/1828/1791
f 1671/1828/1791 1659/1820/1783 1657/1062/995 1669/1063/997
f 1676/1036/962 1664/1034/960 1668/1821/1784 1680/1829/1792
f 1680/1829/1792 1668/1821/1784 1667/1822/1785 1679/1830/1793
f 1679/1830/1793 1667/1822/1785 1666/1823/1786 1678/1831/1794
f 1678/1831/1794 1666/1823/1786 1665/1824/1787 1677/1832/1795
f 1677/1832/1795 1665/1824/1787 1663/1085/1025 1675/1087/1027
f 1682/1088/1028 1670/1086/1026 1674/1825/1788 1686/1833/1796
f 1686/1833/1796 1674/1825/1788 1673/1826/1789 1685/1834/1797
f 1685/1834/1797 1673/1826/1789 1672/1827/1790 1684/1835/1798
f 1684/1835/1798 1672/1827/1790 1671/1828/1791 1683/1836/1799
f 1683/1836/1799 1671/1828/1791 1669/1063/997 1681/1064/999
f 1688/1038/964 1676/1036/962 1680/1829/1792 1692/1837/1800
f 1692/1837/1800 1680/1829/1792 1679/1830/1793 1691/1838/1801
f 1691/1838/1801 1679/1830/1793 1678/1831/1794 1690/1839/1802
f 1690/1839/1802 1678/1831/1794 1677/1832/1795 1689/1840/1803
f 1689/1840/1803 1677/1832/1795 1675/1087/1027 1687/1089/1029
f 1694/1090/1030 1682/1088/1028 1686/1833/1796 1698/1841/1804
f 1698/1841/1804 1686/1833/1796 1685/1834/1797 1697/1842/1805
f 1697/1842/1805 1685/1834/1797 1684/1835/1798 1696/1843/1806
f 1696/1843/1806 1684/1835/1798 1683/1836/1799 1695/1844/1807
f 1695/1844/1807 1683/1836/1799 1681/1064/999 1693/1065/1001
f 1700/1040/966 1688/1038/964 1692/1837/1800 1704/1845/1808
f 1704/1845/1808 1692/1837/1800 1691/1838/1801 1703/1846/1809
f 1703/1846/1809 1691/1838/1801 1690/1839/1802 1702/1847/1810
f 1702/1847/1810 1690/1839/1802 1689/1840/1803 1701/1848/1811
f 1701/1848/1811 1689/1840/1803 1687/1089/1029 1699/1091/1031
f 1706/1092/1032 1694/1090/1030 1698/1841/1804 1710/1849/1812
f 1710/1849/1812 1698/1841/1804 1697/1842/1805 1709/1850/1813
f 1709/1850/1813 1697/1842/1805 1696/1843/1806 1708/1851/1814
f 1708/1851/1814 1696/1843/1806 1695/1844/1807 1707/1852/1815
f 1707/1852/1815 1695/1844/1807 1693/1065/1001 1705/1066/1003
f 1712/1042/968 1700/1040/966 1704/1845/1808 1716/1853/1816
f 1716/1853/1816 1704/1845/1808 1703/1846/1809 1715/1854/1817
f 1715/1854/1817 1703/1846/1809 1702/1847/1810 1714/1855/1818
f 1714/1855/1818 1702/1847/1810 1701/1848/1811 1713/1856/1819
f 1713/1856/1819 1701/1848/1811 1699/1091/1031 1711/1093/1033
f 1718/1094/1034 1706/1092/1032 1710/1849/1812 1722/1857/1820
f 1722/1857/1820 1710/1849/1812 1709/1850/1813 1721/1858/1821
f 1721/1858/1821 1709/1850/1813 1708/1851/1814 1720/1859/1822
f 1720/1859/1822 1708/1851/1814 1707/1852/1815 1719/1860/1823
f 1719/1860/1823 1707/1852/1815 1705/1066/1003 1717/1067/1005
f 1724/1044/970 1712/1042/968 1716/1853/1816 1728/1861/1824
f 1728/1861/1824 1716/1853/1816 1715/1854/1817 1727/1862/1825
f 1727/1862/1825 1715/1854/1817 1714/1855/1818 1726/1863/1826
f 1726/1863/1826 1714/1855/1818 1713/1856/1819 1725/1864/1827
f 1725/1864/1827 1713/1856/1819 1711/1093/1033 1723/1095/1035
f 1730/1096/1036 1718/1094/1034 1722/1857/1820 1734/1865/1828
f 1734/1865/1828 1722/1857/1820 1721/1858/1821 1733/1866/1829
f 1733/1866/1829 1721/1858/1821 1720/1859/1822 1732/1867/1830
f 1732/1867/1830 1720/1859/1822 1719/1860/1823 1731/1868/1831
f 1731/1868/1831 1719/1860/1823 1717/1067/1005 1729/1068/1007
f 1736/1046/972 1724/1044/970 1728/1861/1824 1740/1869/1832
f 1740/1869/1832 1728/1861/1824 1727/1862/1825 1739/1870/1833
f 1739/1870/1833 1727/1862/1825 1726/1863/1826 1738/1871/1834
f 1738/1871/1834 1726/1863/1826 1725/1864/1827 1737/1872/1835
f 1737/1872/1835 1725/1864/1827 1723/1095/1035 1735/1097/1037
f 1742/1098/1038 1730/1096/1036 1734/1865/1828 1746/1873/1836
f 1746/1873/1836 1734/1865/1828 1733/1866/1829 1745/1874/1837
f 1745/1874/1837 1733/1866/1829 1732/1867/1830 1744/1875/1838
f 1744/1875/1838 1732/1867/1830 1731/1868/1831 1743/1876/1839
f 1743/1876/1839 1731/1868/1831 1729/1068/1007 1741/1069/1009
f 1748/1048/974 1736/1046/972 1740/1869/1832 1752/1877/1840
f 1752/1877/1840 1740/1869/1832 1739/1870/1833 1751/1878/1841
f 1751/1878/1841 1739/1870/1833 1738/1871/1834 1750/1879/1842
f 1750/1879/1842 1738/1871/1834 1737/1872/1835 1749/1880/1843
f 1749/1880/1843 1737/1872/1835 1735/1097/1037 1747/1099/1039
f 1754/1100/1040 1742/1098/1038 1746/1873/1836 1758/1881/1844
f 1758/1881/1844 1746/1873/1836 1745/1874/1837 1757/1882/1845
f 1757/1882/1845 1745/1874/1837 1744/1875/1838 1756/1883/1846
f 1756/1883/1846 1744/1875/1838 1743/1876/1839 1755/1884/1847
f 1755/1884/1847 1743/1876/1839 1741/1069/1009 1753/1070/1011
f 1760/1050/976 1748/1048/974 1752/1877/1840 1764/1885/1848
f 1764/1885/1848 1752/1877/1840 1751/1878/1841 1763/1886/1849
f 1763/1886/1849 1751/1878/1841 1750/1879/1842 1762/1887/1850
f 1762/1887/1850 1750/1879/1842 1749/1880/1843 1761/1888/1851
f 1761/1888/1851 1749/1880/1843 1747/1099/1039 1759/1101/1041
f 1766/1020/946 1754/1100/1040 1758/1881/1844 1770/1889/1852
f 1770/1889/1852 1758/1881/1844 1757/1882/1845 1769/1890/1853
f 1769/1890/1853 1757/1882/1845 1756/1883/1846 1768/1891/1854
f 1768/1891/1854 1756/1883/1846 1755/1884/1847 1767/1892/1855
f 1767/1892/1855 1755/1884/1847 1753/1070/1011 1765/1071/1013
f 1772/1052/978 1760/1050/976 1764/1885/1848 1776/1893/1856
f 1776/1893/1856 1764/1885/1848 1763/1886/1849 1775/1894/1857
f 1775/1894/1857 1763/1886/1849 1762/1887/1850 1774/1895/1858
f 1774/1895/1858 1762/1887/1850 1761/1888/1851 1773/1896/1859
f 1773/1896/1859 1761/1888/1851 1759/1101/1041 1771/1023/949
f 1585/1021/947 1766/1020/946 1770/1889/1852 1587/1897/1732
f 1587/1897/1732 1770/1889/1852 1769/1890/1853 1588/1898/1734
f 1588/1898/1734 1769/1890/1853 1768/1891/1854 1589/1899/1736
f 1589/1899/1736 1768/1891/1854 1767/1892/1855 1590/1900/1738
f 1590/1900/1738 1767/1892/1855 1765/1071/1013 1586/1901/983
f 1591/1056/984 1772/1052/978 1776/1893/1856 1593/1902/1740
f 1593/1902/1740 1776/1893/1856 1775/1894/1857 1594/1903/1742
f 1594/1903/1742 1775/1894/1857 1774/1895/1858 1595/1904/1744
f 1595/1904/1744 1774/1895/1858 1773/1896/1859 1596/1905/1746
f 1596/1905/1746 1773/1896/1859 1771/1023/949 1592/1022/948
f 1454/1018/1012 779/1019/980 1586/1901/983 1765/1071/1013
f 528/826/1860 576/827/1861 1788/1906/1861 1787/1907/1860
f 432/824/1862 480/825/1863 1786/1908/1863 1785/1909/1862
f 336/822/1864 384/823/1865 1784/1910/1865 1783/1911/1864
f 240/820/1866 288/821/1867 1782/1912/1867 1781/1913/1866
f 144/818/1868 192/819/1869 1780/1914/1869 1779/1915/1868
f 48/816/1870 96/817/1871 1777/1916/1871 1778/1917/1870
f 768/831/1872 48/832/1870 1778/1918/1870 1792/1919/1872
f 672/829/1667 720/830/1873 1791/1920/1873 1790/1698/1667
f 576/827/1861 624/828/1666 1789/1699/1666 1788/1906/1861
f 480/825/1863 528/826/1860 1787/1907/1860 1786/1908/1863
f 384/823/1865 432/824/1862 1785/1909/1862 1784/1910/1865
f 288/821/1867 336/822/1864 1783/1911/1864 1782/1912/1867
f 192/819/1869 240/820/1866 1781/1913/1866 1780/1914/1869
f 96/817/1871 144/818/1868 1779/1915/1868 1777/1916/1871
f 720/830/1873 768/831/1872 1792/1919/1872 1791/1920/1873
o Plane
v 7.823449 0.000000 7.823449
v 7.823449 0.000000 -7.823449
v -7.823449 8.393890 7.823449
v -7.823449 8.393890 -7.823449
v -5.444470 0.000000 7.823449
v -7.823449 2.378978 7.823449
v -5.693141 0.013032 7.823449
v -5.939087 0.051986 7.823449
v -6.179615 0.116436 7.823449
v -6.412088 0.205674 7.823449
v -6.633959 0.318723 7.823449
v -6.842799 0.454344 7.823449
v -7.036317 0.611053 7.823449
v -7.212396 0.787131 7.823449
v -7.369104 0.980650 7.823449
v -7.504726 1.189489 7.823449
v -7.617775 1.411361 7.823449
v -7.707013 1.643834 7.823449
v -7.771462 1.884361 7.823449
v -7.810416 2.130308 7.823449
v -7.823449 2.378978 -7.823449
v -5.444470 0.000000 -7.823449
v -7.810416 2.130308 -7.823449
v -7.771462 1.884361 -7.823449
v -7.707013 1.643834 -7.823449
v -7.617775 1.411361 -7.823449
v -7.504726 1.189489 -7.823449
v -7.369104 0.980650 -7.823449
v -7.212396 0.787131 -7.823449
v -7.036317 0.611053 -7.823449
v -6.842799 0.454344 -7.823449
v -6.633959 0.318723 -7.823449
v -6.412088 0.205674 -7.823449
v -6.179615 0.116436 -7.823449
v -5.939087 0.051986 -7.823449
v -5.693141 0.013032 -7.823449
vt 0.152042 0.000000
vt 1.000000 0.000000
vt 1.000000 1.000000
vt 0.152042 1.000000
vt 0.000000 1.000000
vt 0.000000 0.000000
vt 0.000000 0.000000
vt 0.000000 1.000000
vt 0.000000 0.000000
vt 0.000000 1.000000
vt 0.000000 0.000000
vt 0.000000 1.000000
vt 0.000000 0.000000
vt 0.000000 1.000000
vt 0.000000 0.000000
vt 0.000000 1.000000
vt 0.000000 0.000000
vt 0.000000 1.000000
vt 0.000000 0.000000
vt 0.000000 1.000000
vt 0.050306 0.000000
vt 0.050306 1.000000
vt 0.062674 0.000000
vt 0.062674 1.000000
vt 0.076021 0.000000
vt 0.076021 1.000000
vt 0.090201 0.000000
vt 0.090201 1.000000
vt 0.105058 0.000000
vt 0.105058 1.000000
vt 0.120430 0.000000
vt 0.120430 1.000000
vt 0.136149 0.000000
vt 0.136149 1.000000
vt 0.000000 1.000000
vt 0.000000 0.000000
vn 0.0262 0.9997 0.0000
vn 0.0000 1.0000 0.0000
vn 0.9997 0.0262 0.0000
vn 0.9945 0.1045 0.0000
vn 0.9781 0.2079 0.0000
vn 0.9511 0.3090 0.0000
vn 0.9135 0.4067 0.0000
vn 0.8660 0.5000 0.0000
vn 0.8090 0.5878 0.0000
vn 0.7431 0.6691 0.0000
vn 0.6691 0.7431 0.0000
vn 0.5878 0.8090 0.0000
vn 0.5000 0.8660 0.0000
vn 0.4067 0.9135 0.0000
vn 0.3090 0.9511 0.0000
vn 0.2079 0.9781 0.0000
vn 0.1045 0.9945 0.0000
vn 1.0000 0.0000 0.0000
usemtl Material.001
s 1
f 1797/1921/1874 1793/1922/1875 1794/1923/1875 1814/1924/1874
f 1813/1925/1876 1798/1926/1876 1812/1927/1877 1815/1928/1877
f 1815/1928/1877 1812/1927/1877 1811/1929/1878 1816/1930/1878
f 1816/1930/1878 1811/1929/1878 1810/1931/1879 1817/1932/1879
f 1817/1932/1879 1810/1931/1879 1809/1933/1880 1818/1934/1880
f 1818/1934/1880 1809/1933/1880 1808/1935/1881 1819/1936/1881
f 1819/1936/1881 1808/1935/1881 1807/1937/1882 1820/1938/1882
f 1820/1938/1882 1807/1937/1882 1806/1939/1883 1821/1940/1883
f 1821/1940/1883 1806/1939/1883 1805/1941/1884 1822/1942/1884
f 1822/1942/1884 1805/1941/1884 1804/1943/1885 1823/1944/1885
f 1823/1944/1885 1804/1943/1885 1803/1945/1886 1824/1946/1886
f 1824/1946/1886 1803/1945/1886 1802/1947/1887 1825/1948/1887
f 1825/1948/1887 1802/1947/1887 1801/1949/1888 1826/1950/1888
f 1826/1950/1888 1801/1949/1888 1800/1951/1889 1827/1952/1889
f 1827/1952/1889 1800/1951/1889 1799/1953/1890 1828/1954/1890
f 1828/1954/1890 1799/1953/1890 1797/1921/1874 1814/1924/1874
f 1798/1926/1876 1813/1925/1876 1796/1955/1891 1795/1956/1891
o stand_edge.003_Cube.010
v -0.112875 1.821553 0.453784
v -0.115609 1.818380 0.455395
v -0.111264 1.818380 0.456517
v -0.114808 1.820624 0.454923
v -0.113523 1.820212 0.456292
v -0.113669 1.818380 0.456856
v -0.111736 1.820624 0.455717
v -0.111264 1.762511 0.456517
v -0.115609 1.762511 0.455395
v -0.115609 1.756165 0.455395
v -0.111264 1.756165 0.456517
v -0.113669 1.762511 0.456856
v -0.113669 1.759338 0.456856
v -0.115609 1.759338 0.455395
v -0.113669 1.756165 0.456856
v -0.111264 1.759338 0.456517
v -0.130663 1.821553 0.423609
v -0.133885 1.821553 0.418142
v -0.136619 1.818380 0.419753
v -0.133396 1.818380 0.425220
v -0.132274 1.821553 0.420875
v -0.134207 1.820624 0.422015
v -0.135818 1.820624 0.419281
v -0.135007 1.818380 0.422487
v -0.132595 1.820624 0.424748
v -0.133396 1.756165 0.425220
v -0.133396 1.762511 0.425220
v -0.136619 1.762511 0.419753
v -0.133885 1.759338 0.418142
v -0.132274 1.756165 0.420875
v -0.133396 1.759338 0.425220
v -0.134418 1.759338 0.422139
v -0.135007 1.762511 0.422487
v -0.135818 1.760267 0.419281
v -0.132746 1.758408 0.420075
v -0.133735 1.756165 0.422815
v -0.077233 1.821553 0.432774
v -0.082700 1.821553 0.435997
v -0.081089 1.818380 0.438730
v -0.075622 1.818380 0.435507
v -0.079967 1.821553 0.434385
v -0.078827 1.820624 0.436318
v -0.081561 1.820624 0.437929
v -0.078355 1.818380 0.437119
v -0.076094 1.820624 0.434707
v -0.077233 1.759338 0.432774
v -0.075622 1.762511 0.435507
v -0.081089 1.762511 0.438730
v -0.081089 1.756165 0.438730
v -0.079967 1.756165 0.434385
v -0.076094 1.760267 0.434707
v -0.078703 1.759338 0.436529
v -0.078355 1.762511 0.437119
v -0.081089 1.759338 0.438730
v -0.079628 1.756165 0.436790
v -0.079166 1.758408 0.433913
v -0.103710 1.821553 0.400355
v -0.100487 1.821553 0.405821
v -0.095020 1.821553 0.402599
v -0.098243 1.821553 0.397132
v -0.102099 1.821553 0.403088
v -0.099365 1.821553 0.401477
v -0.097754 1.821553 0.404210
v -0.096632 1.821553 0.399865
v -0.100976 1.821553 0.398743
v -0.103710 1.759338 0.400355
v -0.098243 1.759338 0.397132
v -0.095020 1.759338 0.402599
v -0.097754 1.756165 0.404210
v -0.102099 1.756165 0.403088
v -0.100976 1.759338 0.398743
v -0.099365 1.758653 0.401477
v -0.096632 1.759338 0.399865
v -0.096953 1.758408 0.403738
v -0.099694 1.756165 0.402749
v -0.102570 1.758408 0.402287
v -0.445810 1.821553 -0.111023
v -0.447421 1.818380 -0.113756
v -0.448544 1.818380 -0.109411
v -0.446949 1.820624 -0.112956
v -0.448319 1.820212 -0.111671
v -0.448882 1.818380 -0.111816
v -0.447743 1.820624 -0.109883
v -0.447421 1.762511 -0.113756
v -0.447421 1.756165 -0.113756
v -0.448544 1.756165 -0.109411
v -0.448544 1.762511 -0.109411
v -0.447421 1.759338 -0.113756
v -0.448882 1.759338 -0.111816
v -0.448882 1.756165 -0.111816
v -0.448544 1.759338 -0.109411
v -0.448882 1.762511 -0.111816
v -0.428023 1.821553 -0.080848
v -0.430756 1.818380 -0.079236
v -0.427534 1.818380 -0.073769
v -0.424800 1.821553 -0.075381
v -0.429956 1.820624 -0.079708
v -0.428344 1.820624 -0.076975
v -0.429145 1.818380 -0.076503
v -0.426733 1.820624 -0.074241
v -0.426412 1.821553 -0.078114
v -0.430756 1.756165 -0.079236
v -0.426412 1.756165 -0.078114
v -0.424800 1.759338 -0.075381
v -0.427534 1.762511 -0.073769
v -0.430756 1.762511 -0.079236
v -0.428816 1.756165 -0.077775
v -0.428555 1.759338 -0.076850
v -0.425940 1.758408 -0.077314
v -0.426733 1.760267 -0.074241
v -0.429145 1.762511 -0.076503
v -0.430756 1.759338 -0.079236
v -0.410168 1.821553 -0.132033
v -0.411779 1.818380 -0.134766
v -0.417246 1.818380 -0.131543
v -0.415635 1.821553 -0.128810
v -0.411307 1.820624 -0.133965
v -0.414041 1.820624 -0.132354
v -0.414513 1.818380 -0.133155
v -0.416774 1.820624 -0.130743
v -0.412901 1.821553 -0.130421
v -0.410168 1.759338 -0.132033
v -0.412901 1.756165 -0.130421
v -0.417246 1.756165 -0.131543
v -0.417246 1.762511 -0.131543
v -0.411779 1.762511 -0.134766
v -0.412101 1.758408 -0.130893
v -0.414165 1.759338 -0.132565
v -0.414841 1.756165 -0.131882
v -0.417246 1.759338 -0.131543
v -0.414513 1.762511 -0.133155
v -0.411307 1.760267 -0.133965
v -0.394625 1.821553 -0.093168
v -0.389158 1.821553 -0.096391
v -0.392381 1.821553 -0.101857
v -0.397848 1.821553 -0.098635
v -0.391892 1.821553 -0.094779
v -0.393503 1.821553 -0.097513
v -0.390770 1.821553 -0.099124
v -0.395114 1.821553 -0.100246
v -0.396236 1.821553 -0.095901
v -0.396236 1.756165 -0.095901
v -0.395114 1.756165 -0.100246
v -0.392381 1.759338 -0.101857
v -0.389158 1.759338 -0.096391
v -0.394625 1.759338 -0.093168
v -0.394775 1.756165 -0.097841
v -0.393503 1.758653 -0.097513
v -0.394314 1.758408 -0.100718
v -0.390770 1.759338 -0.099124
v -0.391892 1.759338 -0.094779
v -0.395764 1.758408 -0.095101
v 0.451931 1.821553 0.120849
v 0.453543 1.818380 0.123582
v 0.454665 1.818380 0.119238
v 0.453071 1.820624 0.122782
v 0.454440 1.820212 0.121497
v 0.455003 1.818380 0.121643
v 0.453864 1.820624 0.119710
v 0.453543 1.762511 0.123582
v 0.453543 1.756165 0.123582
v 0.454665 1.756165 0.119238
v 0.454665 1.762511 0.119238
v 0.453543 1.759338 0.123582
v 0.455003 1.759338 0.121643
v 0.455003 1.756165 0.121643
v 0.454665 1.759338 0.119238
v 0.455004 1.762511 0.121643
v 0.434144 1.821553 0.090674
v 0.436878 1.818380 0.089063
v 0.433655 1.818380 0.083596
v 0.430922 1.821553 0.085207
v 0.436077 1.820624 0.089534
v 0.434466 1.820624 0.086801
v 0.435266 1.818380 0.086329
v 0.432854 1.820624 0.084068
v 0.432533 1.821553 0.087940
v 0.436878 1.756165 0.089063
v 0.432533 1.756165 0.087940
v 0.430922 1.759338 0.085207
v 0.433655 1.762511 0.083596
v 0.436878 1.762511 0.089063
v 0.434938 1.756165 0.087602
v 0.434677 1.759338 0.086677
v 0.432061 1.758408 0.087140
v 0.432854 1.760267 0.084068
v 0.435266 1.762511 0.086329
v 0.436878 1.759338 0.089063
v 0.416289 1.821553 0.141859
v 0.417901 1.818380 0.144592
v 0.423367 1.818380 0.141370
v 0.421756 1.821553 0.138636
v 0.417429 1.820624 0.143792
v 0.420162 1.820624 0.142180
v 0.420634 1.818380 0.142981
v 0.422895 1.820624 0.140569
v 0.419023 1.821553 0.140248
v 0.419023 1.756165 0.140248
v 0.423367 1.756165 0.141370
v 0.423367 1.762511 0.141370
v 0.417901 1.762511 0.144592
v 0.416289 1.759338 0.141859
v 0.420963 1.756165 0.141708
v 0.420286 1.759338 0.142391
v 0.423367 1.759338 0.141370
v 0.420634 1.762511 0.142981
v 0.417429 1.760267 0.143792
v 0.418222 1.758408 0.140720
v 0.400746 1.821553 0.102994
v 0.395279 1.821553 0.106217
v 0.398502 1.821553 0.111684
v 0.403969 1.821553 0.108461
v 0.398013 1.821553 0.104606
v 0.399624 1.821553 0.107339
v 0.396891 1.821553 0.108950
v 0.401235 1.821553 0.110072
v 0.402358 1.821553 0.105728
v 0.400746 1.759338 0.102994
v 0.402358 1.756165 0.105728
v 0.401235 1.756165 0.110072
v 0.398502 1.759338 0.111684
v 0.395279 1.759338 0.106217
v 0.401886 1.758408 0.104927
v 0.399624 1.758653 0.107339
v 0.400897 1.756165 0.107668
v 0.400435 1.758408 0.110544
v 0.396891 1.759338 0.108950
v 0.398013 1.759338 0.104606
v 0.118997 1.821553 -0.443958
v 0.121730 1.818380 -0.445569
v 0.117385 1.818380 -0.446691
v 0.120929 1.820624 -0.445097
v 0.119644 1.820212 -0.446466
v 0.119790 1.818380 -0.447030
v 0.117857 1.820624 -0.445890
v 0.117385 1.762511 -0.446691
v 0.121730 1.762511 -0.445569
v 0.121730 1.756165 -0.445569
v 0.117385 1.756165 -0.446691
v 0.119790 1.762511 -0.447030
v 0.119790 1.759338 -0.447030
v 0.121730 1.759338 -0.445569
v 0.119790 1.756165 -0.447030
v 0.117385 1.759338 -0.446691
v 0.136784 1.821553 -0.413782
v 0.140006 1.821553 -0.408316
v 0.142740 1.818380 -0.409927
v 0.139517 1.818380 -0.415394
v 0.138395 1.821553 -0.411049
v 0.140328 1.820624 -0.412188
v 0.141939 1.820624 -0.409455
v 0.141128 1.818380 -0.412660
v 0.138717 1.820624 -0.414922
v 0.139517 1.756165 -0.415394
v 0.139517 1.762511 -0.415394
v 0.142740 1.762511 -0.409927
v 0.140006 1.759338 -0.408316
v 0.138395 1.756165 -0.411049
v 0.139517 1.759338 -0.415394
v 0.140539 1.759338 -0.412313
v 0.141128 1.762511 -0.412660
v 0.141939 1.760267 -0.409455
v 0.138867 1.758408 -0.410248
v 0.139856 1.756165 -0.412989
v 0.083354 1.821553 -0.422948
v 0.088821 1.821553 -0.426170
v 0.087210 1.818380 -0.428904
v 0.081743 1.818380 -0.425681
v 0.086088 1.821553 -0.424559
v 0.084949 1.820624 -0.426492
v 0.087682 1.820624 -0.428103
v 0.084477 1.818380 -0.427292
v 0.082215 1.820624 -0.424881
v 0.086088 1.756165 -0.424559
v 0.083354 1.759338 -0.422948
v 0.081743 1.762511 -0.425681
v 0.087210 1.762511 -0.428904
v 0.087210 1.756165 -0.428904
v 0.085287 1.758408 -0.424087
v 0.084824 1.759338 -0.426703
v 0.082215 1.760267 -0.424881
v 0.084477 1.762511 -0.427292
v 0.087210 1.759338 -0.428904
v 0.085749 1.756165 -0.426964
v 0.109831 1.821553 -0.390528
v 0.106609 1.821553 -0.395995
v 0.101142 1.821553 -0.392773
v 0.104364 1.821553 -0.387306
v 0.108220 1.821553 -0.393262
v 0.105486 1.821553 -0.391650
v 0.103875 1.821553 -0.394384
v 0.102753 1.821553 -0.390039
v 0.107098 1.821553 -0.388917
v 0.108220 1.756165 -0.393262
v 0.109831 1.759338 -0.390528
v 0.104364 1.759338 -0.387306
v 0.101142 1.759338 -0.392773
v 0.103875 1.756165 -0.394384
v 0.108692 1.758408 -0.392461
v 0.105486 1.758653 -0.391650
v 0.107098 1.759338 -0.388917
v 0.102753 1.759338 -0.390039
v 0.103075 1.758408 -0.393912
v 0.105815 1.756165 -0.392923
v -0.098243 1.876118 0.397132
v -0.389158 1.876118 -0.096391
v 0.395279 1.876118 0.106217
v 0.104364 1.876118 -0.387306
v -0.071864 1.895277 0.827952
v -0.329952 1.895277 0.761292
v -0.187132 1.888641 0.741284
v -0.105381 1.895277 0.843505
v -0.141288 1.895277 0.852220
v -0.178205 1.895277 0.853763
v -0.214714 1.895277 0.848074
v -0.249411 1.895277 0.835371
v -0.280964 1.895277 0.816144
v -0.308159 1.895277 0.791131
v -0.819978 1.895277 -0.070012
v -0.753318 1.895277 -0.328100
v -0.733310 1.888641 -0.185279
v -0.835531 1.895277 -0.103529
v -0.844246 1.895277 -0.139435
v -0.845789 1.895277 -0.176353
v -0.840100 1.895277 -0.212861
v -0.827398 1.895277 -0.247559
v -0.808170 1.895277 -0.279112
v -0.783157 1.895277 -0.306307
v 0.826100 1.895277 0.079838
v 0.759440 1.895277 0.337926
v 0.739431 1.888641 0.195105
v 0.841652 1.895277 0.113355
v 0.850368 1.895277 0.149262
v 0.851910 1.895277 0.186179
v 0.846221 1.895277 0.222688
v 0.833519 1.895277 0.257385
v 0.814292 1.895277 0.288938
v 0.789278 1.895277 0.316133
v 0.077986 1.895277 -0.818126
v 0.336073 1.895277 -0.751466
v 0.193253 1.888641 -0.731457
v 0.111502 1.895277 -0.833679
v 0.147409 1.895277 -0.842394
v 0.184326 1.895277 -0.843937
v 0.220835 1.895277 -0.838248
v 0.255532 1.895277 -0.825545
v 0.287085 1.895277 -0.806318
v 0.314280 1.895277 -0.781304
v -0.329952 1.937410 0.761292
v -0.071864 1.937410 0.827952
v -0.308159 1.937410 0.791131
v -0.280964 1.937410 0.816144
v -0.249411 1.937410 0.835371
v -0.214714 1.937410 0.848074
v -0.178205 1.937410 0.853763
v -0.141288 1.937410 0.852220
v -0.105381 1.937410 0.843505
v -0.753318 1.937410 -0.328100
v -0.819978 1.937410 -0.070012
v -0.783157 1.937410 -0.306307
v -0.808170 1.937410 -0.279112
v -0.827398 1.937410 -0.247559
v -0.840100 1.937410 -0.212861
v -0.845789 1.937410 -0.176353
v -0.844246 1.937410 -0.139435
v -0.835531 1.937410 -0.103529
v 0.759440 1.937410 0.337926
v 0.826100 1.937410 0.079838
v 0.789278 1.937410 0.316133
v 0.814292 1.937410 0.288938
v 0.833519 1.937410 0.257385
v 0.846221 1.937410 0.222688
v 0.851910 1.937410 0.186179
v 0.850368 1.937410 0.149262
v 0.841652 1.937410 0.113355
v 0.336073 1.937410 -0.751466
v 0.077986 1.937410 -0.818126
v 0.314280 1.937410 -0.781304
v 0.287085 1.937410 -0.806318
v 0.255532 1.937410 -0.825545
v 0.220835 1.937410 -0.838248
v 0.184326 1.937410 -0.843937
v 0.147409 1.937410 -0.842394
v 0.111502 1.937410 -0.833679
v -0.115609 0.355785 0.455395
v -0.133396 0.355785 0.425220
v -0.079967 0.355785 0.434385
v -0.097754 0.355785 0.404210
v -0.102099 0.355785 0.403088
v -0.132274 0.355785 0.420875
v -0.417246 0.355785 -0.131543
v -0.447421 0.355785 -0.113756
v -0.430756 0.355785 -0.079236
v -0.448544 0.355785 -0.109411
v -0.395114 0.355785 -0.100246
v -0.412901 0.355785 -0.130421
v 0.423367 0.355785 0.141370
v 0.453543 0.355785 0.123582
v -0.426412 0.355785 -0.078114
v -0.396236 0.355785 -0.095901
v 0.436878 0.355785 0.089063
v 0.454665 0.355785 0.119238
v 0.432533 0.355785 0.087940
v 0.402358 0.355785 0.105728
v 0.401235 0.355785 0.110072
v 0.419023 0.355785 0.140248
v 0.117385 0.355785 -0.446691
v 0.087210 0.355785 -0.428904
v 0.121730 0.355785 -0.445569
v 0.139517 0.355785 -0.415394
v 0.108220 0.355785 -0.393262
v 0.138395 0.355785 -0.411049
v 0.086088 0.355785 -0.424559
v 0.103875 0.355785 -0.394384
v -0.111264 0.355785 0.456517
v -0.081089 0.355785 0.438730
v -0.113669 0.355785 0.456856
v -0.133735 0.355785 0.422815
v -0.079628 0.355785 0.436790
v -0.099694 0.355785 0.402749
v -0.448882 0.355785 -0.111816
v -0.428816 0.355785 -0.077775
v -0.414841 0.355785 -0.131882
v -0.394775 0.355785 -0.097841
v 0.455004 0.355785 0.121643
v 0.434938 0.355785 0.087602
v 0.420963 0.355785 0.141708
v 0.400897 0.355785 0.107668
v 0.119790 0.355785 -0.447030
v 0.139856 0.355785 -0.412989
v 0.085749 0.355785 -0.426964
v 0.105815 0.355785 -0.392923
v -0.264439 0.000000 0.500877
v -0.264777 0.000000 0.498473
v 0.276910 0.000000 -0.494718
v 0.277249 0.000000 -0.492313
v 0.223481 0.000000 -0.503883
v 0.223142 0.000000 -0.506288
v -0.246651 0.000000 0.531053
v -0.561799 0.000000 -0.003579
v -0.579586 0.000000 -0.033754
v -0.543944 0.000000 -0.054764
v -0.545884 0.000000 -0.056225
v 0.259123 0.000000 -0.524893
v -0.244711 0.000000 0.532514
v 0.574271 0.000000 0.009739
v 0.572331 0.000000 0.008278
v 0.257183 0.000000 -0.526354
v -0.228797 0.000000 0.479868
v -0.230737 0.000000 0.478407
v 0.539751 0.000000 0.026404
v 0.538290 0.000000 0.028344
v 0.275788 0.000000 -0.490373
v -0.242307 0.000000 0.532175
v -0.211009 0.000000 0.510043
v -0.526157 0.000000 -0.024589
v 0.569926 0.000000 0.008616
v 0.245613 0.000000 -0.472586
v -0.210671 0.000000 0.512448
v -0.525818 0.000000 -0.022184
v 0.592058 0.000000 0.039914
v -0.263317 0.000000 0.496533
v 0.590936 0.000000 0.044258
v 0.592397 0.000000 0.042319
v 0.556416 0.000000 0.060924
v 0.558356 0.000000 0.062385
v 0.241268 0.000000 -0.473708
v 0.243208 0.000000 -0.472247
v -0.233141 0.000000 0.478745
v 0.560760 0.000000 0.062046
v 0.538629 0.000000 0.030748
v -0.212131 0.000000 0.514388
v -0.578464 0.000000 -0.038099
v -0.579925 0.000000 -0.036159
v -0.527279 0.000000 -0.020244
v 0.224603 0.000000 -0.508228
v -0.559859 0.000000 -0.002118
v -0.548289 0.000000 -0.055886
v -0.557454 0.000000 -0.002457
v 0.254778 0.000000 -0.526015
v -0.031241 0.846665 0.551746
v -0.244477 0.846665 0.494610
v -0.059114 0.846665 0.564376
v -0.088916 0.846665 0.571324
v -0.119500 0.846665 0.572326
v -0.149692 0.846665 0.567341
v -0.178332 0.846665 0.556562
v -0.204318 0.846665 0.540402
v -0.226653 0.846665 0.519484
v 0.553256 0.846665 0.034039
v 0.496119 0.846665 0.247275
v 0.565885 0.846665 0.061912
v 0.572833 0.846665 0.091714
v 0.573835 0.846665 0.122298
v 0.568850 0.846665 0.152490
v 0.558071 0.846665 0.181130
v 0.541911 0.846665 0.207116
v 0.520993 0.846665 0.229451
v -0.548949 0.846665 -0.032750
v -0.491812 0.846665 -0.245986
v -0.561578 0.846665 -0.060623
v -0.568527 0.846665 -0.090425
v -0.569528 0.846665 -0.121009
v -0.564543 0.846665 -0.151201
v -0.553764 0.846665 -0.179841
v -0.537605 0.846665 -0.205827
v -0.516686 0.846665 -0.228162
v 0.035548 0.846665 -0.550458
v 0.248784 0.846665 -0.493321
v 0.063421 0.846665 -0.563087
v 0.093223 0.846665 -0.570036
v 0.123807 0.846665 -0.571037
v 0.153999 0.846665 -0.566052
v 0.182639 0.846665 -0.555273
v 0.208625 0.846665 -0.539114
v 0.230960 0.846665 -0.518195
v -0.491812 0.876068 -0.245986
v -0.548949 0.876068 -0.032750
v -0.516686 0.876068 -0.228162
v -0.537605 0.876068 -0.205827
v -0.553764 0.876068 -0.179841
v -0.564543 0.876068 -0.151201
v -0.569528 0.876068 -0.121009
v -0.568527 0.876068 -0.090425
v -0.561578 0.876068 -0.060623
v -0.244477 0.876068 0.494610
v -0.031241 0.876068 0.551746
v -0.226653 0.876068 0.519484
v -0.204318 0.876068 0.540402
v -0.178332 0.876068 0.556562
v -0.149692 0.876068 0.567341
v -0.119500 0.876068 0.572326
v -0.088916 0.876068 0.571324
v -0.059114 0.876068 0.564376
v 0.496119 0.876068 0.247275
v 0.553256 0.876068 0.034039
v 0.520993 0.876068 0.229451
v 0.541911 0.876068 0.207116
v 0.558071 0.876068 0.181130
v 0.568850 0.876068 0.152490
v 0.573835 0.876068 0.122298
v 0.572833 0.876068 0.091714
v 0.565885 0.876068 0.061912
v 0.248784 0.876068 -0.493321
v 0.035548 0.876068 -0.550458
v 0.230960 0.876068 -0.518195
v 0.208625 0.876068 -0.539114
v 0.182639 0.876068 -0.555273
v 0.153999 0.876068 -0.566052
v 0.123807 0.876068 -0.571037
v 0.093223 0.876068 -0.570036
v 0.063421 0.876068 -0.563087
vt -5.929686 7.211748
vt -5.929686 -9.234618
vt -5.734058 -9.234644
vt -5.734057 7.211723
vt 9.983600 6.819021
vt 9.983601 -9.627347
vt 10.179229 -9.627321
vt 10.179229 6.819046
vt 8.841236 6.819028
vt 8.841236 -9.627319
vt 9.037884 -9.627319
vt 9.037883 6.819030
vt 8.811921 -1.433684
vt 8.811921 -1.209512
vt 8.615273 -1.209512
vt 8.615273 -1.433684
vt -5.954285 -6.211747
vt -5.954284 10.234601
vt -6.150930 10.234601
vt -6.150931 -6.211748
vt -2.463621 7.211287
vt -2.463621 -9.235077
vt -2.267992 -9.235103
vt -2.267992 7.211263
vt 10.406478 -6.603947
vt 10.406478 9.842421
vt 10.210850 9.842395
vt 10.210850 -6.603973
vt 5.106579 -6.211748
vt 5.106579 10.234617
vt 4.910950 10.234642
vt 4.910950 -6.211723
vt 9.948157 -6.603973
vt 9.948156 9.842391
vt 9.752528 9.842417
vt 9.752528 -6.603948
vt 1.640514 10.633246
vt 1.444885 10.633271
vt 1.444885 10.275716
vt 1.640514 10.275690
vt -2.499064 -9.633245
vt -2.499064 -9.275686
vt -5.698616 -9.275262
vt -5.698616 -9.632818
vt -5.929686 -9.632787
vt -5.734058 -9.632812
vt -5.734057 -9.275257
vt -5.929686 -9.275230
vt 8.579646 -5.140678
vt 8.579648 -1.474297
vt 8.579648 -1.474297
vt 8.579646 -5.140678
vt 8.616649 -9.366914
vt 8.813295 -9.366914
vt 8.813295 -5.700532
vt 8.616649 -5.700533
vt 1.675956 10.275684
vt 4.875508 10.275261
vt 4.875508 10.632817
vt 1.675956 10.633242
vt 8.581022 -5.435748
vt 5.364824 -5.435748
vt 5.364824 -5.659921
vt 8.581022 -5.659920
vt 5.363450 -1.209511
vt 5.363450 -1.433683
vt 8.579648 -1.433684
vt 8.579648 -1.209512
vt -6.150930 10.632771
vt -6.150930 10.275214
vt -5.954284 10.275214
vt -5.954283 10.632771
vt 5.363450 -5.405463
vt 8.579646 -5.405463
vt 8.579646 -5.181292
vt 5.363450 -5.181291
vt -2.267992 -9.633274
vt -2.267992 -9.275716
vt -2.463621 -9.275690
vt -2.463621 -9.633248
vt 5.329197 -9.366914
vt 5.329197 -5.700534
vt 5.132551 -5.700534
vt 5.132551 -9.366914
vt -6.186557 10.275214
vt -6.186557 10.632771
vt -9.402756 10.632771
vt -9.402756 10.275214
vt -2.047302 -6.211722
vt -2.047302 10.234643
vt -2.242931 10.234618
vt -2.242931 -6.211748
vt 9.073512 6.819028
vt 9.073512 -9.627320
vt 9.270158 -9.627319
vt 9.270157 6.819028
vt 5.327823 -5.140677
vt 5.327823 -1.474296
vt 5.131176 -1.474296
vt 5.131176 -5.140677
vt 9.724730 -6.603974
vt 9.724730 9.842391
vt 9.529101 9.842418
vt 9.529100 -6.603951
vt -9.438383 -6.211747
vt -9.438381 10.234601
vt -9.635029 10.234601
vt -9.635030 -6.211748
vt 1.418764 -6.211263
vt 1.418764 10.235104
vt 1.223135 10.235078
vt 1.223135 -6.211288
vt 5.131176 -1.433683
vt 5.327823 -1.433683
vt 5.327823 -1.209511
vt 5.131176 -1.209511
vt 10.633729 -6.603973
vt 10.633728 9.842391
vt 10.438099 9.842417
vt 10.438099 -6.603948
vt 4.910950 10.632812
vt 4.910950 10.275255
vt 5.106579 10.275230
vt 5.106579 10.632786
vt 8.615273 -5.140678
vt 8.811920 -5.140678
vt 8.811921 -1.474297
vt 8.615273 -1.474297
vt 1.187692 10.633243
vt -2.011860 10.632818
vt -2.011860 10.275262
vt 1.187692 10.275685
vt -2.242931 10.632789
vt -2.242931 10.275230
vt -2.047302 10.275256
vt -2.047302 10.632812
vt 8.581022 -9.631700
vt 8.581022 -9.407528
vt 5.364824 -9.407528
vt 5.364824 -9.631700
vt 5.131176 -5.181291
vt 5.131176 -5.405463
vt 5.327823 -5.405463
vt 5.327823 -5.181291
vt -9.438381 10.632771
vt -9.635029 10.632771
vt -9.635029 10.275214
vt -9.438381 10.275214
vt 8.811920 -5.181292
vt 8.615273 -5.181292
vt 8.615273 -5.405463
vt 8.811920 -5.405463
vt 1.418764 10.633274
vt 1.223135 10.633248
vt 1.223135 10.275691
vt 1.418764 10.275717
vt 9.493658 -6.603972
vt 9.493658 9.842395
vt 9.298030 9.842420
vt 9.298029 -6.603947
vt 1.640514 -6.211288
vt 1.640514 10.235077
vt 1.444885 10.235103
vt 1.444885 -6.211262
vt 8.581022 -5.700533
vt 5.364824 -5.700534
vt 5.364824 -9.366914
vt 8.581022 -9.366914
vt 8.824516 -1.209512
vt 8.822205 -1.197788
vt 8.811921 -1.195153
vt -5.941686 -9.632779
vt -5.939153 -9.644500
vt -5.929156 -9.647141
vt 1.444354 10.647625
vt 1.433888 10.644987
vt 1.431824 10.633267
vt 1.431824 10.275711
vt 1.431824 10.255404
vt 1.444885 10.255409
vt -5.929686 -9.254925
vt -5.941687 -9.254916
vt -5.941687 -9.275223
vt -5.941687 -9.234609
vt 1.431824 10.235099
vt 8.811921 -1.453990
vt 8.824516 -1.453990
vt 8.824516 -1.433684
vt 8.824516 -1.474297
vt -5.716337 -9.632816
vt -5.715807 -9.647167
vt -5.698086 -9.647171
vt -5.733528 -9.647165
vt -5.734057 -9.254951
vt -5.715945 -9.254947
vt -5.720997 -9.234637
vt -5.716337 -9.275258
vt -5.698086 -9.260896
vt 8.593617 -5.435748
vt 8.598836 -5.419822
vt 8.581022 -5.421389
vt 8.828641 -9.627309
vt 8.827267 -9.647626
vt 8.841236 -9.641689
vt 8.597461 -1.209512
vt 8.597461 -1.195153
vt 8.579648 -1.195153
vt 8.615273 -1.195153
vt 1.658235 10.633245
vt 1.657704 10.647595
vt 1.639983 10.647598
vt 1.675426 10.647593
vt 8.825891 -5.700532
vt 8.827267 -5.680228
vt 8.813295 -5.686174
vt 1.658235 10.275687
vt 1.657844 10.255375
vt 1.675426 10.261318
vt 1.640514 10.255384
vt 1.652514 10.235068
vt 10.179759 -9.641686
vt 10.193128 -9.647626
vt 10.191230 -9.627313
vt 8.615273 -1.453990
vt 8.597461 -1.453990
vt 8.597461 -1.474297
vt 8.597461 -1.433684
vt 8.579648 -1.453990
vt 8.581022 -5.680226
vt 8.598836 -5.680226
vt 8.593617 -5.659920
vt 8.598836 -5.700533
vt 8.616649 -5.686175
vt 9.970540 -9.627341
vt 9.965878 -9.643276
vt 9.984131 -9.641713
vt 9.037884 -9.641688
vt 9.055697 -9.643246
vt 9.050479 -9.627308
vt 8.811920 -5.419822
vt 8.822205 -5.417187
vt 8.824516 -5.405463
vt -5.941687 10.632760
vt -5.943999 10.644480
vt -5.954283 10.647120
vt -2.267463 -9.647626
vt -2.256997 -9.644989
vt -2.254932 -9.633269
vt -5.954284 10.254908
vt -5.941688 10.254896
vt -5.941688 10.275204
vt -5.941688 10.234591
vt -2.267992 -9.255410
vt -2.254932 -9.255404
vt -2.254932 -9.235097
vt -2.254932 -9.275711
vt 8.824516 -5.181292
vt 8.824516 -5.160985
vt 8.811920 -5.160985
vt -2.481343 -9.633245
vt -2.480813 -9.647598
vt -2.463091 -9.647600
vt -2.498533 -9.647594
vt 8.824516 -5.140678
vt -2.475622 -9.235068
vt -2.480952 -9.255376
vt -2.463621 -9.255384
vt 9.753057 9.856784
vt 9.738629 9.862725
vt 9.739466 9.842413
vt 5.364824 -5.421389
vt 5.347010 -5.419822
vt 5.352227 -5.435748
vt -2.481342 -9.275687
vt -2.498533 -9.261321
vt 8.579646 -5.419822
vt 8.597460 -5.419822
vt 8.597461 -5.405463
vt -6.168743 10.632771
vt -6.168744 10.647120
vt -6.186557 10.647120
vt -6.150930 10.647119
vt 8.615273 -5.419822
vt 5.132551 -5.686175
vt 5.118580 -5.680226
vt 5.119956 -5.700534
vt 10.419538 9.842415
vt 10.420377 9.862728
vt 10.405948 9.856784
vt -6.150930 10.254908
vt -6.168743 10.254900
vt -6.163526 10.234591
vt -6.168744 10.275214
vt -6.186557 10.260844
vt 8.597461 -5.140678
vt 8.597461 -5.160984
vt 8.615273 -5.160985
vt 8.579646 -5.160985
vt 8.597461 -5.181292
vt 9.960156 9.842384
vt 9.965878 9.858317
vt 9.948687 9.856757
vt 10.210318 9.856759
vt 10.193128 9.858317
vt 10.198848 9.842386
vt 5.347010 -5.700534
vt 5.347011 -5.680226
vt 5.329197 -5.686175
vt 5.364824 -5.680226
vt 5.352228 -5.659921
vt 5.131176 -1.195152
vt 5.120892 -1.197787
vt 5.118580 -1.209511
vt 5.118580 10.632778
vt 5.116045 10.644499
vt 5.106049 10.647139
vt -2.242400 10.647140
vt -2.252398 10.644500
vt -2.254932 10.632778
vt 5.106579 10.254923
vt 5.118580 10.254914
vt 5.118579 10.275220
vt 5.118579 10.234609
vt -2.242931 10.254925
vt -2.254931 10.254916
vt -2.254931 10.234610
vt -2.254932 10.275221
vt 5.118580 -1.433683
vt 5.118580 -1.453990
vt 5.131176 -1.453990
vt -2.029582 10.632816
vt -2.029051 10.647167
vt -2.046772 10.647165
vt -2.011330 10.647170
vt 5.118580 -1.474296
vt -2.034241 10.234637
vt -2.029191 10.254947
vt -2.047302 10.254951
vt 9.270158 -9.641689
vt 9.284129 -9.647626
vt 9.282755 -9.627309
vt 8.581022 -9.646059
vt 8.598837 -9.647625
vt 8.593618 -9.631700
vt -2.029582 10.275259
vt -2.011330 10.260895
vt 5.363450 -1.195152
vt 5.345637 -1.195152
vt 5.345635 -1.209511
vt 4.893229 10.632814
vt 4.892699 10.647167
vt 4.874979 10.647168
vt 4.910420 10.647165
vt 5.327823 -1.195152
vt 9.736732 9.842383
vt 9.738628 9.862696
vt 9.725261 9.856757
vt 4.910950 10.254948
vt 4.892838 10.254947
vt 4.897889 10.234636
vt 4.893229 10.275259
vt 4.874977 10.260895
vt 8.813295 -9.381273
vt 8.827267 -9.387221
vt 8.825891 -9.366914
vt 5.345635 -1.474296
vt 5.345635 -1.453989
vt 5.327823 -1.453990
vt 5.363450 -1.474296
vt 5.363450 -1.453990
vt 5.345635 -1.433683
vt 8.593618 -9.407528
vt 8.598836 -9.387221
vt 8.581022 -9.387221
vt 9.060917 -9.627309
vt 9.055699 -9.643247
vt 9.073512 -9.641689
vt 9.529632 9.856782
vt 9.511380 9.858347
vt 9.516040 9.842413
vt 8.598836 -9.366914
vt 8.616649 -9.381273
vt 5.118580 -5.405463
vt 5.120892 -5.417186
vt 5.131176 -5.419822
vt 1.431823 10.633268
vt 1.429760 10.644989
vt 1.419293 10.647626
vt -9.635029 10.647120
vt -9.645313 10.644480
vt -9.647624 10.632760
vt -9.647624 10.275204
vt -9.647624 10.254896
vt -9.635029 10.254908
vt 1.418764 10.255411
vt 1.431823 10.255405
vt 1.431823 10.275711
vt 1.431823 10.235099
vt -9.647624 10.234591
vt 5.131176 -5.160984
vt 5.118580 -5.160984
vt 5.118580 -5.181291
vt 5.118580 -5.140676
vt 1.205413 10.633245
vt 1.205943 10.647597
vt 1.188222 10.647594
vt 1.223665 10.647599
vt 1.223135 10.255385
vt 1.205803 10.255379
vt 1.211134 10.235070
vt 1.205413 10.275689
vt 1.188222 10.261321
vt 5.352228 -9.631700
vt 5.347011 -9.647626
vt 5.364824 -9.646059
vt 10.645728 9.842383
vt 10.647625 9.862696
vt 10.634257 9.856757
vt 5.345635 -5.405463
vt 5.345635 -5.419820
vt 5.363450 -5.419821
vt 5.327823 -5.419821
vt -9.420568 10.632771
vt -9.420568 10.647120
vt -9.438381 10.647120
vt -9.402756 10.647119
vt 9.298559 9.856784
vt 9.284132 9.862727
vt 9.284968 9.842415
vt 5.119956 -9.366914
vt 5.118580 -9.387221
vt 5.132551 -9.381273
vt -9.420568 10.275214
vt -9.420568 10.254900
vt -9.402756 10.260844
vt -9.438381 10.254908
vt -9.425786 10.234591
vt 5.327823 -5.160984
vt 5.345635 -5.160984
vt 5.345635 -5.140677
vt 5.345635 -5.181291
vt 5.363450 -5.160984
vt 5.363450 -5.140677
vt 10.438629 9.856782
vt 10.420378 9.858347
vt 10.425037 9.842413
vt 5.364824 -9.387221
vt 5.347011 -9.387221
vt 5.352228 -9.407528
vt 5.347011 -9.366914
vt 5.329197 -9.381273
vt 9.505658 9.842385
vt 9.511379 9.858317
vt 9.494188 9.856757
vt -5.941687 7.211758
vt 1.431824 -6.211267
vt -5.720996 7.211728
vt 8.828640 6.819039
vt 1.652514 -6.211297
vt 10.191229 6.819054
vt 9.050478 6.819043
vt 9.970538 6.819025
vt -5.941689 -6.211758
vt -2.254932 7.211268
vt 9.739466 -6.603951
vt -2.475621 7.211298
vt 10.419539 -6.603952
vt -6.163527 -6.211759
vt 10.198847 -6.603979
vt 9.960157 -6.603983
vt 5.118579 -6.211758
vt -2.254931 -6.211756
vt 9.282752 6.819038
vt -2.034241 -6.211728
vt 9.736732 -6.603984
vt 4.897889 -6.211728
vt 9.516040 -6.603953
vt 9.060915 6.819039
vt 1.431823 -6.211267
vt -9.647625 -6.211757
vt 1.211134 -6.211296
vt 10.645729 -6.603983
vt -9.425787 -6.211758
vt 9.284966 -6.603951
vt 10.425037 -6.603954
vt 9.505658 -6.603981
vt 5.363450 -5.140677
vt 5.363450 -1.474296
vt 10.191229 6.819054
vt 10.179229 6.819046
vt -2.242931 -6.211748
vt -2.047302 -6.211722
vt 9.724730 -6.603974
vt 9.736732 -6.603984
vt -9.647625 -6.211757
vt -9.635030 -6.211748
vt 0.000000 0.000000
vt 0.000000 0.000000
vt 0.000000 0.000000
vt 0.000000 0.000000
vt 0.000000 0.000000
vt 0.000000 0.000000
vt 0.000000 0.000000
vt 0.000000 0.000000
vt 0.000000 0.000000
vt 0.000000 0.000000
vt 0.000000 0.000000
vt 0.000000 0.000000
vt 0.000000 0.000000
vt 0.000000 0.000000
vt 0.000000 0.000000
vt 0.000000 0.000000
vt 0.000000 0.000000
vt 0.000000 0.000000
vt 0.000000 0.000000
vt 0.000000 0.000000
vt 0.000000 0.000000
vt 0.000000 0.000000
vt 0.000000 0.000000
vt 0.000000 0.000000
vt 0.000000 0.000000
vt 0.000000 0.000000
vt 0.000000 0.000000
vt 0.000000 0.000000
vt 0.000000 0.000000
vt 0.000000 0.000000
vt 0.000000 0.000000
vt 0.000000 0.000000
vt 0.000000 0.000000
vt 0.000000 0.000000
vt 0.000000 0.000000
vt 0.000000 0.000000
vt 0.000000 0.000000
vt 0.000000 0.000000
vt 0.000000 0.000000
vt 0.000000 0.000000
vt 0.000000 0.000000
vt 0.000000 0.000000
vt 0.000000 0.000000
vt 0.000000 0.000000
vt 0.000000 0.000000
vt 0.000000 0.000000
vt 0.000000 0.000000
vt 0.000000 0.000000
vt -2.267992 7.211263
vt -2.463621 7.211287
vt 9.983600 6.819021
vt -2.475621 7.211298
vt 9.073512 6.819028
vt 9.060915 6.819039
vt -5.929686 7.211748
vt -5.941687 7.211758
vt 4.910950 -6.211723
vt 5.106579 -6.211748
vt 10.633729 -6.603973
vt 10.645729 -6.603983
vt 9.284966 -6.603951
vt 9.298029 -6.603947
vt 9.493658 -6.603972
vt 9.505658 -6.603981
vt -9.438383 -6.211747
vt 1.211134 -6.211296
vt 1.223135 -6.211288
vt 10.210850 -6.603973
vt 10.406478 -6.603947
vt 10.198847 -6.603979
vt 1.444885 -6.211262
vt 1.640514 -6.211288
vt 9.529100 -6.603951
vt 9.282752 6.819038
vt 9.270157 6.819028
vt 1.431824 -6.211267
vt -2.034241 -6.211728
vt 8.841236 6.819028
vt 8.828640 6.819039
vt -6.150931 -6.211748
vt -5.954285 -6.211747
vt 1.652514 -6.211297
vt 10.419539 -6.603952
vt 9.050478 6.819043
vt 9.037883 6.819030
vt -5.941689 -6.211758
vt 9.739466 -6.603951
vt 9.752528 -6.603948
vt 9.948157 -6.603973
vt 9.960157 -6.603983
vt 9.970538 6.819025
vt 10.425037 -6.603954
vt 10.438099 -6.603948
vt -6.163527 -6.211759
vt -2.254931 -6.211756
vt -2.254932 7.211268
vt 1.418764 -6.211263
vt 1.431823 -6.211267
vt 4.897889 -6.211728
vt -5.720996 7.211728
vt -5.734057 7.211723
vt 5.118579 -6.211758
vt 9.516040 -6.603953
vt -9.425787 -6.211758
vt 5.363450 -1.989259
vt 5.363450 -4.625714
vt 5.363450 -4.625714
vt 5.363450 -1.989259
vt 5.815182 -5.140677
vt 8.127913 -5.140678
vt 8.127914 -5.140678
vt 5.815182 -5.140677
vt 8.127915 -1.474296
vt 5.815182 -1.474296
vt 5.815182 -1.474296
vt 8.127915 -1.474296
vt 5.642313 -5.127611
vt 5.727054 -5.137379
vt 8.216043 -5.137380
vt 8.300784 -5.127612
vt 8.378882 -5.111749
vt 8.535543 -5.090402
vt 8.554270 -4.911813
vt 8.568184 -4.822783
vt 8.576754 -4.726179
vt 8.579646 -4.625715
vt 8.579648 -1.989259
vt 8.576755 -1.888795
vt 8.568186 -1.792192
vt 8.554271 -1.703162
vt 8.535544 -1.524573
vt 8.378883 -1.503226
vt 8.300787 -1.487363
vt 8.216043 -1.477595
vt 5.727054 -1.477594
vt 5.642312 -1.487363
vt 5.564213 -1.503225
vt 5.407553 -1.524572
vt 5.388826 -1.703161
vt 5.374912 -1.792191
vt 5.366343 -1.888795
vt 5.366343 -4.726179
vt 5.374912 -4.822783
vt 5.388826 -4.911813
vt 5.407553 -5.090401
vt 5.564213 -5.111749
vt 8.579647 -4.625715
vt 8.579648 -1.989259
vt 5.363450 -1.474296
vt 5.363450 -5.140677
vt 8.579649 -1.474297
vt 8.579646 -5.140678
vt 8.216043 -1.474297
vt 8.300786 -1.474296
vt 8.378884 -1.474297
vt 8.447338 -1.474297
vt 8.503518 -1.474297
vt 8.545261 -1.474297
vt 8.570969 -1.474297
vt 8.579648 -1.474297
vt 8.579646 -4.726180
vt 8.579646 -4.822783
vt 8.579646 -4.911813
vt 8.579646 -4.989849
vt 8.579646 -5.053891
vt 8.579646 -5.101479
vt 8.579646 -5.130784
vt 8.579646 -5.140678
vt 5.363450 -1.888795
vt 5.363450 -1.792191
vt 5.363450 -1.703161
vt 5.363450 -1.625125
vt 5.363450 -1.561083
vt 5.363450 -1.513495
vt 5.363450 -1.484191
vt 5.363450 -1.474296
vt 5.727053 -5.140677
vt 5.642312 -5.140677
vt 5.564213 -5.140677
vt 5.495759 -5.140677
vt 5.439580 -5.140677
vt 5.397836 -5.140677
vt 5.372130 -5.140677
vt 5.363450 -5.140677
vt 8.579648 -1.474297
vt 8.579648 -1.703162
vt 8.579648 -1.792192
vt 8.579648 -1.888795
vt 8.216043 -5.140678
vt 8.300784 -5.140678
vt 8.378882 -5.140677
vt 8.579646 -5.140678
vt 5.363450 -5.140677
vt 5.363450 -4.911813
vt 5.363450 -4.822782
vt 5.363450 -4.726179
vt 5.727054 -1.474296
vt 5.642312 -1.474296
vt 5.564213 -1.474296
vt 5.363450 -1.474296
vt 0.169463 0.000000
vt 0.830537 0.000000
vt 0.830537 0.000000
vt 0.169463 0.000000
vt 0.830537 1.000000
vt 0.169463 1.000000
vt 0.169463 1.000000
vt 0.830537 1.000000
vt 0.136402 0.001085
vt 0.104612 0.004300
vt 0.075314 0.009520
vt 0.016545 0.016545
vt 0.009520 0.075314
vt 0.004300 0.104612
vt 0.001085 0.136402
vt 0.000000 0.169463
vt 0.000000 0.830537
vt 0.001085 0.863598
vt 0.004300 0.895388
vt 0.009520 0.924686
vt 0.016545 0.983455
vt 0.075314 0.990480
vt 0.104612 0.995700
vt 0.136402 0.998915
vt 0.863598 0.998915
vt 0.895388 0.995700
vt 0.924686 0.990480
vt 0.983455 0.983455
vt 0.990480 0.924686
vt 0.995700 0.895388
vt 0.998915 0.863598
vt 1.000000 0.830537
vt 1.000000 0.169463
vt 0.998915 0.136402
vt 0.995700 0.104612
vt 0.990480 0.075314
vt 0.983455 0.016545
vt 0.924686 0.009520
vt 0.895388 0.004300
vt 0.863598 0.001085
vt 0.000000 0.169463
vt 0.001085 0.136402
vt 0.004300 0.104612
vt 0.009520 0.075314
vt 0.016545 0.016545
vt 0.075314 0.009520
vt 0.104612 0.004300
vt 0.136402 0.001085
vt 0.863598 0.001085
vt 0.895388 0.004300
vt 0.924686 0.009520
vt 0.983455 0.016545
vt 0.990480 0.075314
vt 0.995700 0.104612
vt 0.998915 0.136402
vt 1.000000 0.169463
vt 1.000000 0.830537
vt 0.998915 0.863598
vt 0.995700 0.895388
vt 0.990480 0.924686
vt 0.983455 0.983455
vt 0.924686 0.990480
vt 0.895388 0.995700
vt 0.863598 0.998915
vt 0.136402 0.998915
vt 0.104612 0.995700
vt 0.075314 0.990480
vt 0.016545 0.983455
vt 0.009520 0.924686
vt 0.004300 0.895388
vt 0.001085 0.863598
vt 0.000000 0.830537
vn -0.8615 0.0000 0.5078
vn 0.8615 0.0000 -0.5078
vn -0.5078 0.0000 -0.8615
vn -0.0215 0.9997 0.0127
vn -0.0087 0.9994 0.0336
vn 0.0127 0.9997 0.0215
vn 0.0000 1.0000 0.0000
vn 0.5078 0.0000 0.8615
vn 0.5077 0.0160 0.8614
vn 0.4864 0.0157 0.8736
vn 0.4862 0.0000 0.8739
vn 0.5081 -0.0003 0.8613
vn -0.8614 0.0160 0.5077
vn -0.8613 -0.0160 0.5078
vn -0.8614 -0.0160 0.5077
vn -0.8486 0.0157 0.5288
vn -0.8616 -0.0002 0.5076
vn -0.8485 0.0000 0.5291
vn -0.0014 -1.0000 0.0008
vn 0.0113 -0.9997 0.0223
vn 0.0141 -0.9997 0.0207
vn 0.0013 -1.0000 -0.0008
vn 0.5078 -0.0160 0.8613
vn 0.5077 -0.0160 0.8614
vn -0.0223 -0.9997 0.0113
vn -0.0207 -0.9997 0.0141
vn 0.0008 -1.0000 0.0013
vn -0.0008 -1.0000 -0.0014
vn -0.5077 0.0160 -0.8614
vn -0.5075 -0.0003 -0.8616
vn -0.5291 0.0000 -0.8485
vn -0.5288 0.0157 -0.8486
vn -0.0127 0.9997 -0.0215
vn -0.8736 0.0157 0.4864
vn -0.8739 0.0000 0.4862
vn -0.8613 -0.0004 0.5082
vn -0.0014 -1.0000 0.0009
vn 0.0014 -1.0000 -0.0008
vn -0.0113 -0.9997 -0.0223
vn -0.0141 -0.9997 -0.0207
vn -0.5077 -0.0160 -0.8614
vn -0.5078 -0.0160 -0.8613
vn 0.0215 0.9997 -0.0127
vn 0.0336 0.9994 0.0087
vn 0.5076 -0.0002 0.8616
vn 0.5291 0.0000 0.8485
vn 0.5288 0.0157 0.8486
vn 0.8614 0.0160 -0.5077
vn 0.8613 -0.0160 -0.5078
vn 0.8614 -0.0160 -0.5077
vn 0.8736 0.0157 -0.4863
vn 0.8739 0.0000 -0.4862
vn 0.8613 -0.0002 -0.5080
vn 0.0207 -0.9997 -0.0141
vn -0.0008 -1.0000 -0.0013
vn 0.0008 -1.0000 0.0014
vn 0.0223 -0.9997 -0.0113
vn 0.0087 0.9994 -0.0336
vn -0.4863 0.0157 -0.8736
vn -0.4862 0.0000 -0.8739
vn -0.5082 -0.0004 -0.8613
vn -0.0336 0.9994 -0.0087
vn 0.8486 0.0157 -0.5288
vn 0.8616 -0.0002 -0.5076
vn 0.8485 0.0000 -0.5291
vn 0.0000 -1.0000 0.0000
vn -0.5998 0.7069 0.3748
vn -0.2042 0.5773 0.7906
vn 0.3433 0.7070 0.6184
vn -0.8486 0.0157 0.5289
vn -0.2500 0.0116 0.9682
vn -0.2042 0.5774 0.7906
vn -0.5997 0.7070 0.3747
vn 0.4863 0.0157 0.8737
vn 0.3433 0.7070 0.6183
vn -0.2042 0.5774 0.7905
vn -0.2501 0.0116 0.9682
vn -0.2500 -0.0000 0.9682
vn -0.2501 0.0000 0.9682
vn -0.2501 -0.0001 0.9682
vn -0.6091 0.7071 0.3591
vn -0.6092 0.7071 0.3591
vn -0.6091 0.7071 0.3590
vn -0.0215 0.9997 0.0126
vn -0.8613 0.0160 0.5078
vn -0.8615 0.0160 0.5075
vn -0.6092 0.7071 0.3589
vn -0.8690 -0.0074 0.4947
vn -0.9275 -0.3433 0.1482
vn -0.9683 -0.0002 -0.2499
vn -0.8617 -0.0005 0.5074
vn -0.8639 -0.0098 0.5036
vn -0.9275 -0.3432 0.1482
vn -0.8614 -0.0159 0.5078
vn -0.6102 -0.7066 0.3583
vn -0.8638 -0.0098 0.5037
vn -0.0223 -0.9997 0.0112
vn -0.3888 -0.7067 -0.5911
vn -0.5292 -0.0003 -0.8485
vn 0.0127 0.9997 0.0214
vn 0.3591 0.7071 0.6091
vn 0.3591 0.7071 0.6092
vn 0.0126 0.9997 0.0215
vn 0.5078 0.0160 0.8614
vn 0.3590 0.7071 0.6092
vn 0.3604 -0.7066 0.6090
vn 0.7397 -0.3433 0.5788
vn 0.6264 -0.7067 -0.3290
vn 0.5078 -0.0160 0.8614
vn 0.5119 -0.0097 0.8590
vn 0.7397 -0.3433 0.5789
vn 0.3603 -0.7066 0.6090
vn 0.5082 -0.0005 0.8612
vn 0.5208 -0.0074 0.8537
vn 0.5119 -0.0098 0.8590
vn 0.9682 -0.0002 0.2502
vn 0.8739 -0.0003 -0.4862
vn 0.6264 -0.7067 -0.3289
vn -0.0007 -1.0000 -0.0014
vn -0.0000 -1.0000 -0.0011
vn 0.1214 -0.8743 -0.4700
vn -0.3399 -0.7146 -0.6114
vn 0.0006 -1.0000 -0.0009
vn -0.0001 -1.0000 -0.0010
vn 0.0013 -1.0000 -0.0009
vn 0.5935 -0.7146 -0.3703
vn 0.1214 -0.8742 -0.4701
vn 0.0006 -1.0000 -0.0010
vn 0.8485 -0.0004 -0.5292
vn 0.2500 -0.0005 -0.9682
vn -0.4862 -0.0003 -0.8739
vn 0.2501 -0.0005 -0.9682
vn -0.0337 0.9994 -0.0087
vn -0.3748 0.7069 -0.5998
vn -0.7906 0.5773 -0.2042
vn -0.6184 0.7069 0.3433
vn -0.5289 0.0157 -0.8486
vn -0.9682 0.0116 -0.2500
vn -0.7906 0.5773 -0.2041
vn -0.3748 0.7070 -0.5997
vn -0.8737 0.0157 0.4863
vn -0.6183 0.7070 0.3432
vn -0.7905 0.5774 -0.2042
vn -0.9681 0.0116 -0.2501
vn -0.9682 0.0000 -0.2501
vn -0.9682 0.0000 -0.2500
vn -0.0214 0.9997 0.0128
vn -0.2502 -0.0002 0.9682
vn -0.5788 -0.3433 0.7397
vn -0.8537 -0.0074 0.5208
vn 0.4862 -0.0003 0.8739
vn 0.3289 -0.7067 0.6264
vn -0.5789 -0.3433 0.7396
vn -0.6090 -0.7066 0.3603
vn -0.8614 -0.0160 0.5078
vn -0.8590 -0.0098 0.5119
vn -0.6090 -0.7066 0.3604
vn -0.8612 -0.0005 0.5082
vn -0.5788 -0.3432 0.7397
vn -0.3591 0.7071 -0.6092
vn -0.0126 0.9997 -0.0215
vn -0.3590 0.7071 -0.6092
vn -0.3588 0.7071 -0.6093
vn -0.3591 0.7071 -0.6091
vn -0.0127 0.9997 -0.0214
vn -0.0113 -0.9997 -0.0224
vn 0.5911 -0.7066 -0.3888
vn -0.1482 -0.3432 -0.9275
vn -0.3583 -0.7066 -0.6102
vn 0.8485 -0.0004 -0.5291
vn 0.2499 -0.0003 -0.9683
vn -0.1483 -0.3433 -0.9275
vn 0.5911 -0.7067 -0.3888
vn -0.4947 -0.0075 -0.8690
vn -0.1482 -0.3433 -0.9275
vn 0.2499 -0.0002 -0.9683
vn -0.5074 -0.0005 -0.8617
vn -0.5036 -0.0098 -0.8639
vn -0.4947 -0.0074 -0.8690
vn 0.5291 -0.0003 0.8486
vn 0.9682 -0.0005 0.2501
vn 0.4700 -0.8743 0.1214
vn 0.3702 -0.7147 0.5935
vn 0.6114 -0.7146 -0.3400
vn 0.0011 -1.0000 -0.0002
vn 0.4700 -0.8743 0.1213
vn 0.6113 -0.7146 -0.3400
vn 0.0010 -1.0000 0.0006
vn 0.0011 -1.0000 -0.0001
vn 0.3702 -0.7146 0.5935
vn 0.0009 -1.0000 0.0006
vn 0.0337 0.9994 0.0086
vn 0.3748 0.7070 0.5998
vn 0.7906 0.5773 0.2041
vn 0.6184 0.7069 -0.3434
vn 0.5289 0.0157 0.8486
vn 0.9682 0.0116 0.2501
vn 0.3747 0.7070 0.5997
vn 0.6183 0.7070 -0.3433
vn 0.7905 0.5774 0.2042
vn 0.5291 0.0000 0.8486
vn 0.9682 0.0000 0.2501
vn 0.9682 0.0000 0.2500
vn 0.5292 -0.0000 0.8485
vn 0.8739 -0.0002 -0.4862
vn 0.0214 0.9997 -0.0129
vn 0.6091 0.7071 -0.3591
vn 0.0214 0.9997 -0.0127
vn 0.8613 0.0160 -0.5078
vn 0.6092 0.7071 -0.3591
vn 0.6092 0.7071 -0.3590
vn 0.0215 0.9997 -0.0126
vn 0.6091 0.7071 -0.3590
vn 0.2502 -0.0002 -0.9682
vn 0.5788 -0.3433 -0.7397
vn 0.8537 -0.0074 -0.5208
vn -0.4861 -0.0003 -0.8739
vn -0.3288 -0.7067 -0.6264
vn 0.6090 -0.7066 -0.3603
vn -0.3289 -0.7067 -0.6264
vn 0.8614 -0.0160 -0.5078
vn 0.8590 -0.0098 -0.5119
vn 0.6090 -0.7066 -0.3604
vn 0.8612 -0.0005 -0.5082
vn 0.0126 0.9997 0.0214
vn 0.5078 0.0160 0.8613
vn -0.8485 -0.0003 0.5291
vn -0.2499 -0.0002 0.9683
vn 0.1482 -0.3433 0.9275
vn -0.5911 -0.7067 0.3888
vn 0.4947 -0.0074 0.8690
vn -0.2500 -0.0002 0.9683
vn 0.5074 -0.0005 0.8617
vn 0.5037 -0.0098 0.8639
vn 0.1483 -0.3433 0.9275
vn 0.3583 -0.7066 0.6102
vn 0.5036 -0.0098 0.8639
vn 0.0113 -0.9997 0.0224
vn -0.5911 -0.7066 0.3888
vn 0.1483 -0.3432 0.9275
vn -0.0009 -1.0000 -0.0013
vn -0.3703 -0.7146 -0.5935
vn -0.4700 -0.8743 -0.1214
vn -0.0009 -1.0000 -0.0006
vn -0.9682 -0.0004 -0.2501
vn -0.8739 -0.0004 0.4862
vn -0.6113 -0.7146 0.3399
vn -0.9682 -0.0005 -0.2501
vn -0.0011 -1.0000 0.0001
vn -0.6114 -0.7146 0.3399
vn -0.0010 -1.0000 0.0001
vn 0.5998 0.7069 -0.3747
vn 0.2042 0.5773 -0.7906
vn -0.3433 0.7070 -0.6184
vn 0.8486 0.0157 -0.5289
vn 0.2501 0.0116 -0.9682
vn 0.2042 0.5774 -0.7906
vn 0.5997 0.7070 -0.3747
vn -0.4863 0.0157 -0.8737
vn -0.3432 0.7070 -0.6183
vn 0.2043 0.5773 -0.7906
vn 0.2500 -0.0000 -0.9682
vn 0.8486 -0.0000 -0.5291
vn 0.2501 0.0000 -0.9682
vn -0.4862 0.0000 -0.8738
vn 0.6092 0.7071 -0.3589
vn 0.8614 0.0160 -0.5076
vn 0.6091 0.7071 -0.3592
vn 0.8690 -0.0074 -0.4947
vn 0.9275 -0.3433 -0.1482
vn 0.9683 -0.0002 0.2500
vn 0.8617 -0.0005 -0.5074
vn 0.8639 -0.0098 -0.5036
vn 0.9275 -0.3432 -0.1482
vn 0.8614 -0.0159 -0.5077
vn 0.6102 -0.7066 -0.3583
vn 0.0223 -0.9997 -0.0112
vn 0.3888 -0.7067 0.5912
vn 0.5292 -0.0003 0.8485
vn 0.9683 -0.0002 0.2499
vn 0.9275 -0.3433 -0.1483
vn 0.3888 -0.7067 0.5911
vn -0.5078 0.0160 -0.8613
vn -0.5078 0.0160 -0.8614
vn -0.6264 -0.7067 0.3289
vn -0.7397 -0.3433 -0.5789
vn -0.9682 -0.0002 -0.2502
vn -0.3604 -0.7066 -0.6090
vn -0.7397 -0.3433 -0.5788
vn -0.6264 -0.7067 0.3290
vn -0.5119 -0.0097 -0.8590
vn -0.3603 -0.7066 -0.6090
vn -0.5082 -0.0005 -0.8612
vn -0.5207 -0.0074 -0.8537
vn -0.7396 -0.3433 -0.5789
vn -0.5119 -0.0098 -0.8590
vn -0.5292 -0.0000 -0.8485
vn -0.5208 -0.0075 -0.8536
vn 0.3399 -0.7147 0.6113
vn -0.1214 -0.8743 0.4700
vn -0.2501 -0.0004 0.9682
vn 0.0007 -1.0000 0.0014
vn 0.0000 -1.0000 0.0011
vn 0.3399 -0.7146 0.6114
vn -0.0006 -1.0000 0.0008
vn 0.0001 -1.0000 0.0010
vn -0.5935 -0.7146 0.3703
vn -0.0006 -1.0000 0.0009
vn -0.8485 -0.0003 0.5292
vn -0.2500 -0.0004 0.9682
vn -0.1213 -0.8743 0.4700
vn -0.5934 -0.7146 0.3703
vn -0.8613 0.0159 0.5078
vn -0.5998 0.7070 0.3747
vn -0.6091 0.7071 0.3592
vn -0.0087 0.9994 0.0335
vn -0.2501 0.0117 0.9682
vn -0.2500 0.0117 0.9682
vn 0.4862 0.0000 0.8738
vn -0.8616 -0.0003 0.5075
vn -0.8486 -0.0000 0.5291
vn -0.3400 -0.7146 -0.6113
vn -0.5291 -0.0003 -0.8485
vn 0.6265 -0.7067 -0.3289
vn 0.5935 -0.7146 -0.3702
vn 0.6264 -0.7067 -0.3288
vn 0.8739 -0.0003 -0.4861
vn 0.8486 -0.0004 -0.5291
vn 0.4863 0.0157 0.8736
vn 0.5076 0.0160 0.8614
vn 0.3434 0.7070 0.6183
vn -0.0086 0.9994 0.0336
vn 0.5082 -0.0004 0.8613
vn -0.6015 0.0000 0.7988
vn 0.1395 0.0000 0.9902
vn -0.9902 0.0000 0.1395
vn -0.7988 0.0000 -0.6016
vn 0.7988 0.0000 0.6016
vn 0.9902 0.0000 -0.1395
vn -0.1395 0.0000 -0.9902
vn 0.6016 0.0000 -0.7988
vn -0.0335 0.9994 -0.0087
vn -0.6183 0.7070 0.3433
vn -0.6092 0.7071 0.3590
vn -0.8614 0.0159 0.5077
vn -0.9682 0.0117 -0.2501
vn -0.8736 0.0157 0.4863
vn -0.8613 -0.0003 0.5081
vn -0.8613 -0.0002 0.5080
vn 0.5291 -0.0003 0.8485
vn 0.3289 -0.7067 0.6265
vn 0.0009 -1.0000 0.0013
vn 0.8485 -0.0003 -0.5291
vn 0.6113 -0.7146 -0.3399
vn -0.3747 0.7070 -0.5998
vn -0.0001 -1.0000 -0.0011
vn 0.0010 -1.0000 0.0007
vn 0.0009 -1.0000 0.0014
vn -0.6102 -0.7065 0.3583
vn -0.6090 -0.7065 0.3604
vn -0.0224 -0.9997 0.0113
vn -0.0214 0.9997 0.0126
vn -0.6091 0.7072 0.3590
vn -0.8614 0.0159 0.5078
vn -0.7988 0.0000 -0.6015
vn -0.6016 0.0000 0.7988
vn 0.0335 0.9994 0.0086
vn 0.8614 0.0159 -0.5077
vn 0.9682 0.0117 0.2501
vn 0.8613 -0.0003 -0.5081
vn 0.8614 -0.0002 -0.5080
vn -0.3702 -0.7147 -0.5935
vn -0.0009 -1.0000 -0.0014
vn -0.6113 -0.7146 0.3400
vn 0.3747 0.7070 0.5998
vn 0.5075 -0.0003 0.8616
vn -0.0011 -1.0000 0.0000
vn -0.0014 -1.0000 0.0007
vn 0.5998 0.7070 -0.3747
vn 0.0087 0.9994 -0.0335
vn 0.2501 0.0117 -0.9682
vn 0.8616 -0.0003 -0.5075
vn 0.8614 0.0160 -0.5078
vn 0.8639 -0.0098 -0.5037
vn 0.3399 -0.7146 0.6113
vn 0.3400 -0.7146 0.6113
vn 0.4862 -0.0004 0.8739
vn 0.5291 -0.0004 0.8485
vn -0.0013 -1.0000 0.0008
vn -0.6265 -0.7067 0.3289
vn -0.5935 -0.7146 0.3702
vn -0.6264 -0.7067 0.3288
vn -0.8739 -0.0003 0.4861
vn -0.8485 -0.0004 0.5291
vn -0.3433 0.7070 -0.6183
vn -0.3593 0.7071 -0.6091
vn 0.0086 0.9994 -0.0336
vn -0.5080 -0.0002 -0.8614
vn -0.5208 -0.0074 -0.8537
vn -0.5077 0.0159 -0.8614
vn 0.0001 -1.0000 0.0011
vn 0.0224 -0.9997 -0.0113
vn 0.6102 -0.7065 -0.3583
vn 0.6102 -0.7066 -0.3584
vn 0.8614 0.0159 -0.5078
vn 0.6091 0.7072 -0.3590
vn 0.0214 0.9997 -0.0126
vn 0.9212 -0.3669 -0.1298
vn 0.7868 0.4072 -0.4638
vn -0.5565 -0.3797 0.7390
vn -0.1376 0.1646 -0.9767
vn -0.7928 0.3914 0.4673
vn 0.7928 -0.3914 -0.4673
vn -0.5602 0.3645 0.7439
vn -0.7869 -0.1718 -0.5926
vn 0.5078 0.0040 0.8615
vn 0.7870 0.1718 0.5926
vn -0.9151 -0.3821 0.1289
vn -0.5078 -0.0040 -0.8615
vn 0.9151 0.3821 -0.1289
vn 0.5078 -0.0038 0.8615
vn -0.7868 -0.4072 0.4638
vn 0.1378 0.1572 0.9779
vn 0.5565 0.3797 -0.7390
vn -0.7880 0.1640 -0.5934
vn -0.5078 0.0038 -0.8615
vn 0.7880 -0.1640 0.5934
vn 0.5602 -0.3645 -0.7439
vn -0.1378 -0.1572 -0.9779
vn -0.7880 0.1641 -0.5934
vn 0.1377 0.1572 0.9779
vn 0.7880 -0.1641 0.5934
vn 0.1376 -0.1646 0.9767
vn -0.9212 0.3669 0.1297
vn 0.7869 0.1718 0.5926
vn -0.7870 -0.1718 -0.5926
vn 0.0429 -0.9988 -0.0253
vn 0.0253 -0.9988 0.0429
vn -0.0253 -0.9988 -0.0429
vn 0.0219 -0.9986 0.0473
vn 0.0132 -0.9984 0.0543
vn 0.0025 -0.9983 0.0587
vn -0.0093 -0.9982 0.0596
vn -0.0207 -0.9982 0.0567
vn -0.0306 -0.9983 0.0502
vn -0.0378 -0.9984 0.0411
vn -0.0421 -0.9986 0.0308
vn -0.0473 -0.9986 0.0219
vn -0.0543 -0.9984 0.0132
vn -0.0587 -0.9983 0.0024
vn -0.0596 -0.9982 -0.0093
vn -0.0567 -0.9982 -0.0208
vn -0.0502 -0.9983 -0.0306
vn -0.0411 -0.9984 -0.0378
vn -0.0307 -0.9986 -0.0421
vn 0.0473 -0.9986 -0.0219
vn 0.0543 -0.9984 -0.0132
vn 0.0587 -0.9983 -0.0024
vn 0.0596 -0.9982 0.0093
vn 0.0567 -0.9982 0.0208
vn 0.0502 -0.9983 0.0306
vn 0.0411 -0.9984 0.0378
vn 0.0307 -0.9986 0.0421
vn -0.0219 -0.9986 -0.0473
vn -0.0132 -0.9984 -0.0543
vn -0.0025 -0.9983 -0.0587
vn 0.0093 -0.9982 -0.0596
vn 0.0207 -0.9982 -0.0567
vn 0.0306 -0.9983 -0.0502
vn 0.0378 -0.9984 -0.0411
vn 0.0421 -0.9986 -0.0307
vn 0.4209 0.0000 0.9071
vn 0.2359 0.0000 0.9718
vn 0.0418 0.0000 0.9991
vn -0.1540 0.0000 0.9881
vn -0.3438 0.0000 0.9391
vn -0.5204 0.0000 0.8539
vn -0.6770 0.0000 0.7360
vn -0.8075 0.0000 0.5898
vn -0.5898 0.0000 -0.8075
vn -0.7360 0.0000 -0.6770
vn -0.8539 0.0000 -0.5204
vn -0.9391 0.0000 -0.3438
vn -0.9881 0.0000 -0.1540
vn -0.9991 0.0000 0.0418
vn -0.9718 0.0000 0.2359
vn -0.9071 0.0000 0.4209
vn -0.4209 0.0000 -0.9071
vn -0.2359 0.0000 -0.9718
vn -0.0418 0.0000 -0.9991
vn 0.1540 0.0000 -0.9881
vn 0.3438 0.0000 -0.9391
vn 0.5204 0.0000 -0.8539
vn 0.6770 0.0000 -0.7360
vn 0.8075 0.0000 -0.5898
vn 0.5898 0.0000 0.8075
vn 0.7360 0.0000 0.6770
vn 0.8539 -0.0000 0.5204
vn 0.9391 -0.0000 0.3438
vn 0.9881 -0.0000 0.1540
vn 0.9991 0.0000 -0.0418
vn 0.9718 0.0000 -0.2359
vn 0.9071 0.0000 -0.4209
vn -0.0429 -0.9988 0.0253
vn 0.5000 0.0000 0.8660
vn -0.5000 0.0000 -0.8660
vn 0.8660 -0.0000 -0.5000
vn -0.4127 0.0000 -0.9109
vn -0.2271 0.0000 -0.9739
vn -0.0327 0.0000 -0.9995
vn 0.1629 0.0000 -0.9866
vn 0.3523 0.0000 -0.9359
vn 0.5281 0.0000 -0.8492
vn 0.6836 0.0000 -0.7299
vn 0.8128 0.0000 -0.5825
vn 0.5825 0.0000 0.8128
vn 0.7299 0.0000 0.6836
vn 0.8492 0.0000 0.5281
vn 0.9359 0.0000 0.3523
vn 0.9866 0.0000 0.1629
vn 0.9995 0.0000 -0.0327
vn 0.9739 0.0000 -0.2271
vn 0.9109 -0.0000 -0.4127
vn 0.4127 0.0000 0.9109
vn 0.2271 -0.0000 0.9739
vn 0.0327 -0.0000 0.9995
vn -0.1629 0.0000 0.9866
vn -0.3523 0.0000 0.9359
vn -0.5281 0.0000 0.8492
vn -0.6836 0.0000 0.7299
vn -0.8128 0.0000 0.5825
vn -0.5825 0.0000 -0.8128
vn -0.7299 0.0000 -0.6836
vn -0.8492 0.0000 -0.5281
vn -0.9359 0.0000 -0.3523
vn -0.9866 0.0000 -0.1629
vn -0.9995 0.0000 0.0327
vn -0.9739 0.0000 0.2271
vn -0.9109 0.0000 0.4127
vn -0.8660 0.0000 0.5000
usemtl black_metal
s off
f 2213/1957/1892 1838/1958/1892 1854/1959/1892 2214/1960/1892
f 2216/1961/1893 1897/1962/1893 1878/1963/1893 2215/1964/1893
f 2218/1965/1894 1858/1966/1894 1898/1967/1894 2217/1968/1894
f 1845/1969/1895 1829/1970/1896 1866/1971/1897 1886/1972/1898
f 2220/1973/1894 1913/1974/1894 1952/1975/1894 2219/1976/1894
f 2221/1977/1892 1930/1978/1892 1914/1979/1892 2222/1980/1892
f 2224/1981/1893 1951/1982/1893 1971/1983/1893 2223/1984/1893
f 2226/1985/1899 1989/1986/1899 2027/1987/1899 2225/1988/1899
f 2228/1989/1899 1970/1990/1899 1931/1991/1899 2227/1992/1899
f 1867/1993/1900 1831/1994/1901 1836/1995/1902 1876/1996/1903
f 1923/1997/1904 1933/1998/1905 1856/1999/1906 1847/2000/1904
f 1830/2001/1907 1848/2002/1904 1855/2003/1908 1837/2004/1909
f 1962/2005/1892 1888/2006/1892 2133/2007/1892 2134/2008/1892
f 2049/2009/1910 2030/2010/1911 1874/2011/1912 1896/2012/1913
f 1875/2013/1914 2029/2014/1915 2018/2015/1900 1868/2016/1900
f 1857/2017/1916 1932/2018/1917 1974/2019/1918 1894/2020/1919
f 2017/2021/1897 2039/2022/1898 1887/2023/1898 1865/2024/1897
f 1943/2025/1920 1953/2026/1921 1912/2027/1922 1906/2028/1923
f 2093/2029/1924 1941/2030/1924 1963/2031/1898 2115/2032/1898
f 1907/2033/1925 1915/2034/1926 1934/2035/1927 1922/2036/1904
f 2125/2037/1928 1972/2038/1929 1950/2039/1930 2103/2040/1931
f 1954/2041/1932 1942/2042/1920 2096/2043/1920 2104/2044/1933
f 2229/2045/1893 2006/2046/1893 1990/2047/1893 2230/2048/1893
f 2232/2049/1894 2047/2050/1894 2007/2051/1894 2231/2052/1894
f 2113/2053/1898 2037/2054/1898 2000/2055/1934 2074/2056/1934
f 2234/2057/1892 2026/2058/1892 2048/2059/1892 2233/2060/1892
f 2236/2061/1894 2106/2062/1894 2067/2063/1894 2235/2064/1894
f 2237/2065/1893 2066/2066/1893 2082/2067/1893 2238/2068/1893
f 1997/2069/1934 2040/2070/1898 2020/2071/1897 1981/2072/1935
f 2240/2073/1899 2086/2074/1899 2122/2075/1899 2239/2076/1899
f 2019/2077/1900 2028/2078/1936 1988/2079/1937 1982/2080/1938
f 1961/2081/1898 1924/2082/1895 1846/2083/1895 1885/2084/1898
f 2075/2085/1939 1999/2086/1939 2009/2087/1940 2084/2088/1941
f 1983/2089/1942 1991/2090/1943 2010/2091/1944 1998/2092/1939
f 2008/2093/1945 2046/2094/1946 2123/2095/1947 2085/2096/1948
f 2073/2097/1934 2057/2098/1949 2094/2099/1924 2114/2100/1898
f 2095/2101/1920 2059/2102/1950 2064/2103/1951 2105/2104/1952
f 1921/2105/1895 1964/2106/1898 1944/2107/1924 1905/2108/1953
f 2058/2109/1954 2076/2110/1939 2083/2111/1955 2065/2112/1956
f 2242/2113/1892 2126/2114/1892 2102/2115/1892 2241/2116/1892
f 2244/2117/1899 1877/2118/1899 1839/2119/1899 2243/2120/1899
f 1895/2121/1957 1973/2122/1957 2124/2123/1957 2050/2124/1957
f 1829/1970/1896 1832/2125/1958 1833/2126/1959 1835/2127/1960
f 1830/2001/1961 1834/2128/1962 1833/2129/1963 1832/2130/1964
f 1831/1994/1965 1835/2131/1966 1833/2132/1967 1834/2133/1968
f 1836/1995/1902 1840/2134/1969 1841/2135/1970 1844/2136/1902
f 1837/2004/1909 1842/2137/1909 1841/2138/1970 1840/2139/1971
f 1838/1958/1909 1843/2140/1970 1841/2138/1970 1842/2137/1909
f 1839/2119/1902 1844/2136/1902 1841/2135/1970 1843/2141/1970
f 1845/1969/1895 1849/2142/1895 1850/2143/1972 1853/2144/1973
f 1846/2083/1895 1851/2145/1972 1850/2143/1974 1849/2142/1975
f 1847/2000/1976 1852/2146/1904 1850/2147/1972 1851/2148/1972
f 1848/2002/1977 1853/2149/1973 1850/2147/1978 1852/2146/1904
f 1854/1959/1926 1859/2150/1979 1860/2151/1980 1864/2152/1981
f 1855/2003/1982 1861/2153/1983 1860/2151/1984 1859/2150/1979
f 1856/1999/1985 1862/2154/1986 1860/2151/1980 1861/2153/1987
f 1857/2017/1988 1863/2155/1989 1860/2156/1980 1862/2157/1986
f 1858/1966/1990 1864/2158/1981 1860/2159/1980 1863/2160/1989
f 1865/2024/1991 1869/2161/1991 1870/2162/1992 1873/2163/1992
f 1866/1971/1897 1871/2164/1993 1870/2162/1993 1869/2161/1994
f 1867/1993/1995 1872/2165/1900 1870/2166/1992 1871/2167/1992
f 1868/2016/1900 1873/2168/1996 1870/2166/1992 1872/2165/1900
f 1874/2011/1912 1879/2169/1997 1880/2170/1998 1884/2171/1999
f 1875/2013/2000 1881/2172/2001 1880/2173/2002 1879/2174/2003
f 1876/1996/2004 1882/2175/2005 1880/2173/1998 1881/2172/2006
f 1877/2118/1937 1883/2176/2007 1880/2173/1998 1882/2175/2005
f 1878/1963/2008 1884/2177/2009 1880/2178/2002 1883/2179/2007
f 1885/2084/1898 1889/2180/1898 1890/2181/1898 1893/2182/1898
f 1886/1972/1898 1891/2183/1898 1890/2181/1898 1889/2180/1898
f 1887/2023/1898 1892/2184/1898 1890/2181/1898 1891/2183/1898
f 1888/2006/1898 1893/2182/1898 1890/2181/1898 1892/2184/1898
f 1894/2020/2010 1899/2185/2011 1900/2186/2012 1904/2187/2013
f 1895/2121/1957 1901/2188/2014 1900/2186/2012 1899/2185/2015
f 1896/2012/2016 1902/2189/2017 1900/2186/2018 1901/2188/2019
f 1897/1962/2020 1903/2190/2021 1900/2191/2012 1902/2192/2017
f 1898/1967/2022 1904/2193/2013 1900/2194/2012 1903/2195/2023
f 1905/2108/2024 1908/2196/2025 1909/2197/2026 1911/2198/2027
f 1906/2028/2028 1910/2199/2029 1909/2200/2030 1908/2201/2031
f 1907/2033/2032 1911/2202/2033 1909/2203/2034 1910/2204/2035
f 1912/2027/1922 1916/2205/1922 1917/2206/2036 1920/2207/2036
f 1913/1974/1922 1918/2208/2037 1917/2206/2037 1916/2205/1922
f 1914/1979/1926 1919/2209/1926 1917/2210/2036 1918/2211/2036
f 1915/2034/1926 1920/2212/2036 1917/2210/2036 1919/2209/1926
f 1921/2105/2038 1925/2213/1972 1926/2214/1974 1929/2215/1895
f 1922/2036/1976 1927/2216/1904 1926/2217/1973 1925/2218/1972
f 1923/1997/1904 1928/2219/1973 1926/2217/1973 1927/2216/1976
f 1924/2082/1975 1929/2215/1895 1926/2214/1972 1928/2220/1974
f 1930/1978/1909 1935/2221/2039 1936/2222/2040 1940/2223/2041
f 1931/1991/2042 1937/2224/2043 1936/2225/2044 1935/2226/2039
f 1932/2018/1917 1938/2227/2045 1936/2228/2040 1937/2229/2043
f 1933/1998/2046 1939/2230/2047 1936/2222/2040 1938/2231/2048
f 1934/2035/2049 1940/2223/2041 1936/2222/2050 1939/2230/2047
f 1941/2030/1924 1945/2232/2051 1946/2233/2051 1949/2234/2052
f 1942/2042/1920 1947/2235/1920 1946/2236/2053 1945/2237/2054
f 1943/2025/1920 1948/2238/2055 1946/2236/2055 1947/2235/1920
f 1944/2107/2052 1949/2234/2056 1946/2233/2055 1948/2239/2055
f 1950/2039/2057 1955/2240/2058 1956/2241/2059 1960/2242/2060
f 1951/1982/2061 1957/2243/2062 1956/2244/2063 1955/2245/2064
f 1952/1975/1951 1958/2246/2065 1956/2247/2066 1957/2248/2067
f 1953/2026/2068 1959/2249/2069 1956/2247/2063 1958/2246/2070
f 1954/2041/1932 1960/2250/2060 1956/2247/2066 1959/2249/2069
f 1961/2081/1898 1965/2251/1898 1966/2252/1898 1969/2253/1898
f 1962/2005/1898 1967/2254/1898 1966/2252/1898 1965/2251/1898
f 1963/2031/1898 1968/2255/1898 1966/2252/1898 1967/2254/1898
f 1964/2106/1898 1969/2253/1898 1966/2252/1898 1968/2255/1898
f 1970/1990/2071 1975/2256/2072 1976/2257/2073 1980/2258/2074
f 1971/1983/2008 1977/2259/2075 1976/2260/2073 1975/2261/2072
f 1972/2038/1929 1978/2262/2076 1976/2263/2077 1977/2264/2078
f 1973/2122/1957 1979/2265/2079 1976/2263/2073 1978/2262/2080
f 1974/2019/1947 1980/2266/2081 1976/2263/2073 1979/2265/2082
f 1981/2072/2083 1984/2267/2084 1985/2268/2085 1987/2269/2086
f 1982/2080/2087 1986/2270/2088 1985/2271/2085 1984/2272/2089
f 1983/2089/1942 1987/2273/2090 1985/2274/2091 1986/2275/2088
f 1988/2079/2092 1992/2276/2092 1993/2277/2093 1996/2278/2093
f 1989/1986/1937 1994/2279/2094 1993/2277/2094 1992/2276/2095
f 1990/2047/1943 1995/2280/1943 1993/2281/2093 1994/2282/2093
f 1991/2090/2096 1996/2283/2093 1993/2281/2093 1995/2280/1943
f 1997/2069/2097 2001/2284/2098 2002/2285/2098 2005/2286/2099
f 1998/2092/2100 2003/2287/1939 2002/2288/2101 2001/2289/2098
f 1999/2086/1939 2004/2290/2102 2002/2288/2101 2003/2287/1939
f 2000/2055/2103 2005/2286/1934 2002/2285/2098 2004/2291/2104
f 2006/2046/1956 2011/2292/2105 2012/2293/2106 2016/2294/2107
f 2007/2051/2108 2013/2295/2109 2012/2296/2106 2011/2297/2105
f 2008/2093/1945 2014/2298/2110 2012/2299/2106 2013/2300/2111
f 2009/2087/2112 2015/2301/2113 2012/2293/2106 2014/2302/2114
f 2010/2091/2115 2016/2294/2107 2012/2293/2106 2015/2301/2113
f 2017/2021/1991 2021/2303/1992 2022/2304/1992 2025/2305/2116
f 2018/2015/2117 2023/2306/1900 2022/2307/1992 2021/2308/1992
f 2019/2077/1900 2024/2309/1993 2022/2307/1993 2023/2306/1900
f 2020/2071/1994 2025/2305/1897 2022/2304/1993 2024/2310/1993
f 2026/2058/2118 2031/2311/2119 2032/2312/2120 2036/2313/2121
f 2027/1987/1902 2033/2314/2122 2032/2315/2120 2031/2316/2123
f 2028/2078/2124 2034/2317/2125 2032/2315/2126 2033/2314/2122
f 2029/2014/1915 2035/2318/2127 2032/2315/2120 2034/2317/2128
f 2030/2010/2129 2036/2319/2130 2032/2320/2131 2035/2321/2127
f 2037/2054/1898 2041/2322/1898 2042/2323/1898 2045/2324/1898
f 2038/2325/1898 2043/2326/1898 2042/2323/1898 2041/2322/1898
f 2039/2022/1898 2044/2327/1898 2042/2323/1898 2043/2326/1898
f 2040/2070/1898 2045/2324/1898 2042/2323/1898 2044/2327/1898
f 2046/2094/2132 2051/2328/2133 2052/2329/2134 2056/2330/2135
f 2047/2050/1990 2053/2331/2136 2052/2332/2134 2051/2333/2133
f 2048/2059/2137 2054/2334/2138 2052/2335/2134 2053/2336/2139
f 2049/2009/1910 2055/2337/2140 2052/2329/2134 2054/2338/2141
f 2050/2124/1957 2056/2330/2135 2052/2329/2134 2055/2337/2142
f 2057/2098/1949 2060/2339/2143 2061/2340/2144 2063/2341/2145
f 2058/2109/2146 2062/2342/2147 2061/2343/2148 2060/2344/2149
f 2059/2102/2150 2063/2345/2151 2061/2346/2152 2062/2347/2147
f 2064/2103/1951 2068/2348/2153 2069/2349/2153 2072/2350/1951
f 2065/2112/2154 2070/2351/2154 2069/2352/2155 2068/2353/2155
f 2066/2066/1956 2071/2354/2155 2069/2352/2155 2070/2351/1956
f 2067/2063/2156 2072/2350/2156 2069/2349/2155 2071/2355/2155
f 2073/2097/1934 2077/2356/1934 2078/2357/2101 2081/2358/2098
f 2074/2056/1934 2079/2359/2098 2078/2357/2157 2077/2356/2103
f 2075/2085/2100 2080/2360/1939 2078/2361/2098 2079/2362/2098
f 2076/2110/2158 2081/2363/2102 2078/2361/2159 2080/2360/1939
f 2082/2067/1943 2087/2364/2160 2088/2365/2161 2092/2366/2162
f 2083/2111/2163 2089/2367/2164 2088/2365/2165 2087/2364/2160
f 2084/2088/2166 2090/2368/2167 2088/2365/2161 2089/2367/2164
f 2085/2096/2168 2091/2369/2169 2088/2370/2161 2090/2371/2167
f 2086/2074/2170 2092/2372/2171 2088/2373/2172 2091/2374/2173
f 2093/2029/2052 2097/2375/2056 2098/2376/2055 2101/2377/2051
f 2094/2099/2056 2099/2378/2051 2098/2376/2051 2097/2375/2052
f 2095/2101/2174 2100/2379/1920 2098/2380/2051 2099/2381/2051
f 2096/2043/2175 2101/2382/2055 2098/2380/2055 2100/2379/2174
f 2102/2115/2137 2107/2383/2176 2108/2384/2177 2112/2385/2178
f 2103/2040/1931 2109/2386/2179 2108/2387/2180 2107/2388/2181
f 2104/2044/1932 2110/2389/2182 2108/2390/2180 2109/2391/2183
f 2105/2104/2184 2111/2392/2185 2108/2390/2186 2110/2389/2187
f 2106/2062/2188 2112/2393/2178 2108/2390/2180 2111/2392/2189
f 2113/2053/1898 2117/2394/1898 2118/2395/1898 2121/2396/1898
f 2114/2100/1898 2119/2397/1898 2118/2395/1898 2117/2394/1898
f 2115/2032/1898 2120/2398/1898 2118/2395/1898 2119/2397/1898
f 2116/2399/1898 2121/2396/1898 2118/2395/1898 2120/2398/1898
f 2122/2075/2042 2127/2400/2190 2128/2401/2191 2132/2402/2192
f 2123/2095/2193 2129/2403/2194 2128/2404/2191 2127/2405/2195
f 2124/2123/1957 2130/2406/2196 2128/2404/2191 2129/2403/2197
f 2125/2037/1910 2131/2407/2198 2128/2404/2191 2130/2406/2199
f 2126/2114/2200 2132/2408/2201 2128/2409/2202 2131/2410/2203
f 1848/2002/2204 1830/2001/1961 1832/2130/2205 1853/2149/2206
f 1853/2144/1972 1832/2125/2205 1829/1970/2207 1845/1969/1895
f 1830/2001/1907 1837/2004/1909 1840/2139/1970 1834/2128/2208
f 1834/2133/2209 1840/2134/1970 1836/1995/2210 1831/1994/1901
f 1837/2004/1909 1855/2003/2211 1859/2150/1979 1842/2137/1909
f 1842/2137/2212 1859/2150/1979 1854/1959/1926 1838/1958/2212
f 1855/2003/1892 1848/2002/1904 1852/2146/1904 1861/2153/1983
f 1861/2153/1983 1852/2146/1904 1847/2000/1904 1856/1999/1906
f 1885/2084/1898 1846/2083/1895 1849/2142/1895 1889/2180/1898
f 1889/2180/1898 1849/2142/1895 1845/1969/1895 1886/1972/1898
f 1857/2017/1916 1894/2020/1919 1904/2187/2213 1863/2155/1989
f 1863/2160/1989 1904/2193/2213 1898/1967/2022 1858/1966/2214
f 1865/2024/1897 1887/2023/1898 1891/2183/1898 1869/2161/1897
f 1869/2161/1897 1891/2183/1898 1886/1972/1898 1866/1971/1897
f 1896/2012/2016 1874/2011/1912 1884/2171/2215 1902/2189/2017
f 1902/2192/2216 1884/2177/2217 1878/1963/2218 1897/1962/2219
f 1875/2013/1914 1868/2016/1995 1872/2165/1995 1881/2172/2006
f 1881/2172/2006 1872/2165/1900 1867/1993/1900 1876/1996/2004
f 1831/1994/2220 1867/1993/2221 1871/2167/1993 1835/2131/2222
f 1835/2127/1966 1871/2164/1993 1866/1971/1994 1829/1970/2223
f 1876/1996/2224 1836/1995/1902 1844/2136/1902 1882/2175/2005
f 1882/2175/2005 1844/2136/1902 1839/2119/1902 1877/2118/1937
f 2245/2411/2225 1843/2140/2225 1838/1958/2225 2213/1957/2225
f 2243/2120/2226 1839/2119/2226 1843/2141/2226 2245/2412/2226
f 2214/1960/2227 1854/1959/2227 1864/2152/2227 2246/2413/2227
f 2246/2414/2228 1864/2158/2228 1858/1966/2228 2218/1965/2228
f 2247/2415/2229 1883/2176/2229 1877/2118/2229 2244/2117/2229
f 2215/1964/2230 1878/1963/2230 1883/2179/2230 2247/2416/2230
f 2217/1968/2231 1898/1967/2231 1903/2195/2231 2248/2417/2231
f 2248/2418/2232 1903/2190/2232 1897/1962/2232 2216/1961/2232
f 1921/2105/1975 1905/2108/2233 1911/2198/2234 1925/2213/1974
f 1925/2218/2235 1911/2202/2234 1907/2033/2032 1922/2036/2236
f 1906/2028/1923 1912/2027/1922 1920/2207/2036 1910/2199/2237
f 1910/2204/2237 1920/2212/2036 1915/2034/1926 1907/2033/2238
f 1914/1979/1926 1930/1978/1909 1940/2223/2041 1919/2209/1926
f 1919/2209/1926 1940/2223/2041 1934/2035/2239 1915/2034/1926
f 1933/1998/1905 1923/1997/1904 1927/2216/1904 1939/2230/2047
f 1939/2230/2047 1927/2216/1904 1922/2036/1904 1934/2035/2240
f 1964/2106/1898 1921/2105/1895 1929/2215/1895 1969/2253/1898
f 1969/2253/1898 1929/2215/1895 1924/2082/1895 1961/2081/1898
f 1931/1991/2042 1970/1990/2241 1980/2258/2081 1937/2224/2043
f 1937/2229/2242 1980/2266/2081 1974/2019/2243 1932/2018/1917
f 1944/2107/2056 1964/2106/1898 1968/2255/1898 1949/2234/2056
f 1949/2234/1924 1968/2255/1898 1963/2031/1898 1941/2030/1924
f 1971/1983/2218 1951/1982/2244 1955/2245/2064 1977/2259/2245
f 1977/2264/2245 1955/2240/2064 1950/2039/1930 1972/2038/1929
f 1953/2026/1921 1943/2025/1920 1947/2235/2175 1959/2249/2069
f 1959/2249/2069 1947/2235/1920 1942/2042/1920 1954/2041/1932
f 1905/2108/2233 1944/2107/1924 1948/2239/2051 1908/2196/2246
f 1908/2201/2246 1948/2238/2051 1943/2025/2174 1906/2028/2028
f 1952/1975/1951 1913/1974/1922 1916/2205/1922 1958/2246/2070
f 1958/2246/2070 1916/2205/1922 1912/2027/1922 1953/2026/1894
f 1973/2122/1957 1895/2121/1957 1899/2185/2247 1979/2265/2248
f 1979/2265/2079 1899/2185/2247 1894/2020/1919 1974/2019/2249
f 1856/1999/1906 1933/1998/1905 1938/2231/2048 1862/2154/1986
f 1862/2157/2250 1938/2227/2251 1932/2018/1917 1857/2017/2252
f 1846/2083/2253 1924/2082/2253 1928/2220/2254 1851/2145/2254
f 1851/2148/1973 1928/2219/1973 1923/1997/2255 1847/2000/2236
f 1961/2081/1898 1885/2084/1898 1893/2182/1898 1965/2251/1898
f 1965/2251/1898 1893/2182/1898 1888/2006/1898 1962/2005/1898
f 2249/2419/2256 1918/2208/2256 1913/1974/2256 2220/1973/2256
f 2222/1980/2227 1914/1979/2227 1918/2211/2227 2249/2420/2227
f 2227/1992/2226 1931/1991/2226 1935/2226/2226 2250/2421/2226
f 2250/2422/2257 1935/2221/2257 1930/1978/2257 2221/1977/2257
f 2251/2423/2232 1957/2243/2232 1951/1982/2232 2224/1981/2232
f 2219/1976/2231 1952/1975/2231 1957/2248/2231 2251/2424/2231
f 2223/1984/2230 1971/1983/2230 1975/2261/2230 2252/2425/2230
f 2252/2426/2229 1975/2256/2229 1970/1990/2229 2228/1989/2229
f 1997/2069/1934 1981/2072/2258 1987/2269/2090 2001/2284/2098
f 2001/2289/2101 1987/2273/2090 1983/2089/1942 1998/2092/2259
f 1982/2080/1938 1988/2079/1937 1996/2278/2093 1986/2270/2260
f 1986/2275/2260 1996/2283/2093 1991/2090/1943 1983/2089/1942
f 1990/2047/1943 2006/2046/1956 2016/2294/2107 1995/2280/1943
f 1995/2280/1943 2016/2294/2107 2010/2091/2261 1991/2090/1943
f 2009/2087/1940 1999/2086/1939 2003/2287/1939 2015/2301/2113
f 2015/2301/2113 2003/2287/1939 1998/2092/1939 2010/2091/2262
f 2040/2070/1898 1997/2069/1934 2005/2286/1934 2045/2324/1898
f 2045/2324/1898 2005/2286/2103 2000/2055/2103 2037/2054/1898
f 2007/2051/2022 2047/2050/2214 2051/2333/2263 2013/2295/2111
f 2013/2300/2111 2051/2328/2133 2046/2094/2264 2008/2093/1945
f 2020/2071/1897 2040/2070/1898 2044/2327/1898 2025/2305/1897
f 2025/2305/1897 2044/2327/1898 2039/2022/1898 2017/2021/1897
f 2048/2059/2137 2026/2058/2118 2036/2313/2121 2054/2334/2265
f 2054/2338/2138 2036/2319/2121 2030/2010/1911 2049/2009/1910
f 2028/2078/1899 2019/2077/1995 2023/2306/1995 2034/2317/2125
f 2034/2317/2128 2023/2306/1900 2018/2015/1900 2029/2014/1915
f 1981/2072/1935 2020/2071/1991 2024/2310/1992 1984/2267/2266
f 1984/2272/2266 2024/2309/1993 2019/2077/1995 1982/2080/1938
f 2027/1987/1902 1989/1986/1937 1992/2276/1937 2033/2314/2122
f 2033/2314/2122 1992/2276/1937 1988/2079/1937 2028/2078/2267
f 2017/2021/1994 1865/2024/1897 1873/2163/1993 2021/2303/1993
f 2021/2308/1993 1873/2168/1993 1868/2016/1900 2018/2015/1900
f 1874/2011/1912 2030/2010/1911 2035/2321/2127 1879/2169/1997
f 1879/2174/2003 2035/2318/2127 2029/2014/1915 1875/2013/1914
f 2038/2325/1898 1888/2006/1898 1892/2184/1898 2043/2326/1898
f 2043/2326/1898 1892/2184/1898 1887/2023/1898 2039/2022/1898
f 1895/2121/1957 2050/2124/1957 2055/2337/2140 1901/2188/2014
f 1901/2188/2019 2055/2337/2268 2049/2009/2269 1896/2012/2016
f 2253/2427/2229 1994/2279/2229 1989/1986/2229 2226/1985/2229
f 2230/2048/2230 1990/2047/2230 1994/2282/2230 2253/2428/2230
f 2231/2052/2231 2007/2051/2231 2011/2297/2231 2254/2429/2231
f 2254/2430/2232 2011/2292/2232 2006/2046/2232 2229/2045/2232
f 2255/2431/2257 2031/2311/2257 2026/2058/2257 2234/2057/2257
f 2225/1988/2226 2027/1987/2226 2031/2316/2226 2255/2432/2226
f 2233/2060/2227 2048/2059/2227 2053/2336/2227 2256/2433/2227
f 2256/2434/2228 2053/2331/2228 2047/2050/2228 2232/2049/2228
f 2076/2110/1939 2058/2109/1954 2060/2344/2270 2081/2363/2101
f 2081/2358/2098 2060/2339/2270 2057/2098/2271 2073/2097/1934
f 2058/2109/1954 2065/2112/2154 2068/2353/2155 2062/2342/2272
f 2062/2347/2272 2068/2348/2155 2064/2103/1951 2059/2102/1950
f 2065/2112/1956 2083/2111/2273 2087/2364/2160 2070/2351/1956
f 2070/2351/2154 2087/2364/2160 2082/2067/1943 2066/2066/2154
f 2083/2111/1893 2076/2110/2274 2080/2360/2274 2089/2367/2275
f 2089/2367/2164 2080/2360/1939 2075/2085/1939 2084/2088/1941
f 2113/2053/1898 2074/2056/1934 2077/2356/1934 2117/2394/1898
f 2117/2394/1898 2077/2356/1934 2073/2097/1934 2114/2100/1898
f 2085/2096/1948 2123/2095/1947 2127/2405/2276 2091/2369/2173
f 2091/2374/2173 2127/2400/2277 2122/2075/2278 2086/2074/2279
f 2093/2029/1924 2115/2032/1898 2119/2397/1898 2097/2375/1924
f 2097/2375/2056 2119/2397/1898 2114/2100/1898 2094/2099/2056
f 2125/2037/2280 2103/2040/1931 2107/2388/2281 2131/2407/2282
f 2131/2410/2282 2107/2383/2283 2102/2115/2284 2126/2114/2285
f 2104/2044/1933 2096/2043/1920 2100/2379/1920 2110/2389/2187
f 2110/2389/2187 2100/2379/1920 2095/2101/1920 2105/2104/1952
f 2059/2102/1950 2095/2101/1920 2099/2381/2051 2063/2345/2286
f 2063/2341/2286 2099/2378/2287 2094/2099/2052 2057/2098/2288
f 2105/2104/2289 2064/2103/1951 2072/2350/1951 2111/2392/2290
f 2111/2392/2290 2072/2350/1951 2067/2063/1951 2106/2062/1922
f 2096/2043/2291 1942/2042/2291 1945/2237/2051 2101/2382/2051
f 2101/2377/2055 1945/2232/2055 1941/2030/2052 2093/2029/1924
f 1954/2041/1932 2104/2044/1933 2109/2391/2179 1960/2250/2060
f 1960/2242/2060 2109/2386/2183 2103/2040/1931 1950/2039/1930
f 2115/2032/1898 1963/2031/1898 1967/2254/1898 2120/2398/1898
f 2120/2398/1898 1967/2254/1898 1962/2005/1898 2116/2399/1898
f 1972/2038/1929 2125/2037/1910 2130/2406/2199 1978/2262/2080
f 1978/2262/2080 2130/2406/2199 2124/2123/1957 1973/2122/1957
f 2123/2095/1947 2046/2094/2264 2056/2330/2135 2129/2403/2292
f 2129/2403/2292 2056/2330/2135 2050/2124/1957 2124/2123/1957
f 2008/2093/1945 2085/2096/2293 2090/2371/2294 2014/2298/2114
f 2014/2302/2110 2090/2368/2295 2084/2088/1941 2009/2087/2112
f 1999/2086/2296 2075/2085/1939 2079/2362/2101 2004/2290/2101
f 2004/2291/2297 2079/2359/2297 2074/2056/2298 2000/2055/2298
f 2116/2399/1898 2038/2325/1898 2041/2322/1898 2121/2396/1898
f 2121/2396/1898 2041/2322/1898 2037/2054/1898 2113/2053/1898
f 2257/2435/2232 2071/2354/2232 2066/2066/2232 2237/2065/2232
f 2235/2064/2231 2067/2063/2231 2071/2355/2231 2257/2436/2231
f 2238/2068/2230 2082/2067/2230 2092/2366/2230 2258/2437/2230
f 2258/2438/2229 2092/2372/2229 2086/2074/2229 2240/2073/2229
f 2259/2439/2228 2112/2393/2228 2106/2062/2228 2236/2061/2228
f 2241/2116/2227 2102/2115/2227 2112/2385/2227 2259/2440/2227
f 2239/2076/2226 2122/2075/2226 2132/2402/2226 2260/2441/2226
f 2260/2442/2257 2132/2408/2257 2126/2114/2257 2242/2113/2257
f 2038/2325/1893 2116/2399/1893 2136/2443/1893 2135/2444/1893
f 2116/2399/1894 1962/2005/1894 2134/2008/1894 2136/2443/1894
f 1888/2006/1899 2038/2325/1899 2135/2444/1899 2133/2007/1899
f 2215/1964/2299 2247/2416/2299 2287/2445/2299 2283/2446/2299
f 2229/2045/2300 2230/2048/2300 2289/2447/2300 2274/2448/2300
f 2255/2431/2301 2234/2057/2301 2293/2449/2301 2294/2450/2301
f 2235/2064/2302 2257/2436/2302 2276/2451/2302 2308/2452/2302
f 2301/2453/1957 2306/2454/1957 2271/2455/1957 2270/2456/1957 2284/2457/1957 2288/2458/1957 2303/2459/1957 2307/2460/1957 2305/2461/1957 2268/2462/1957 2269/2463/1957 2302/2464/1957
f 2267/2465/1957 2261/2466/1957 2262/2467/1957 2290/2468/1957 2297/2469/1957 2278/2470/1957 2277/2471/1957 2283/2472/1957 2287/2473/1957 2300/2474/1957 2282/2475/1957 2273/2476/1957
f 2272/2477/1957 2263/2478/1957 2264/2479/1957 2281/2480/1957 2286/2481/1957 2296/2482/1957 2295/2483/1957 2265/2484/1957 2266/2485/1957 2304/2486/1957 2308/2487/1957 2276/2488/1957
f 2293/2489/1957 2299/2490/1957 2280/2491/1957 2279/2492/1957 2285/2493/1957 2275/2494/1957 2274/2495/1957 2289/2496/1957 2292/2497/1957 2291/2498/1957 2298/2499/1957 2294/2500/1957
f 2221/1977/2303 2222/1980/2303 2269/2501/2303 2268/2502/2303
f 2216/1961/2304 2215/1964/2304 2283/2446/2304 2277/2503/2304
f 2250/2422/2305 2221/1977/2305 2268/2502/2305 2305/2504/2305
f 2256/2434/2306 2232/2049/2306 2279/2505/2306 2280/2506/2306
f 2245/2411/2305 2213/1957/2305 2267/2507/2305 2273/2508/2305
f 2226/1985/2307 2225/1988/2307 2298/2509/2307 2291/2510/2307
f 2258/2438/2308 2240/2073/2308 2281/2511/2308 2264/2512/2308
f 2241/2116/2309 2259/2440/2309 2266/2513/2309 2265/2514/2309
f 2260/2442/2301 2242/2113/2301 2295/2515/2301 2296/2516/2301
f 2236/2061/2310 2235/2064/2310 2308/2452/2310 2304/2517/2310
f 2238/2068/2311 2258/2437/2311 2264/2518/2311 2263/2519/2311
f 2224/1981/2304 2223/1984/2304 2284/2520/2304 2270/2521/2304
f 2223/1984/2299 2252/2425/2299 2288/2522/2299 2284/2520/2299
f 2244/2117/2312 2243/2120/2312 2282/2523/2312 2300/2524/2312
f 2234/2057/2313 2233/2060/2313 2299/2525/2313 2293/2449/2313
f 2231/2052/2302 2254/2429/2302 2275/2526/2302 2285/2527/2302
f 2243/2120/2314 2245/2412/2314 2273/2528/2314 2282/2523/2314
f 2254/2430/2315 2229/2045/2315 2274/2448/2315 2275/2529/2315
f 2232/2049/2310 2231/2052/2310 2285/2527/2310 2279/2505/2310
f 2246/2414/2316 2218/1965/2316 2290/2530/2316 2262/2531/2316
f 2220/1973/2317 2219/1976/2317 2306/2532/2317 2301/2533/2317
f 2242/2113/2313 2241/2116/2313 2265/2514/2313 2295/2515/2313
f 2247/2415/2318 2244/2117/2318 2300/2524/2318 2287/2534/2318
f 2251/2423/2319 2224/1981/2319 2270/2521/2319 2271/2535/2319
f 2217/1968/2320 2248/2417/2320 2278/2536/2320 2297/2537/2320
f 2249/2419/2321 2220/1973/2321 2301/2533/2321 2302/2538/2321
f 2227/1992/2322 2250/2421/2322 2305/2539/2322 2307/2540/2322
f 2252/2426/2323 2228/1989/2323 2303/2541/2323 2288/2542/2323
f 2248/2418/2319 2216/1961/2319 2277/2503/2319 2278/2543/2319
f 2239/2076/2324 2260/2441/2324 2296/2544/2324 2286/2545/2324
f 2219/1976/2320 2251/2424/2320 2271/2546/2320 2306/2532/2320
f 2218/1965/2317 2217/1968/2317 2297/2537/2317 2290/2530/2317
f 2230/2048/2311 2253/2428/2311 2292/2547/2311 2289/2447/2311
f 2222/1980/2325 2249/2420/2325 2302/2548/2325 2269/2501/2325
f 2240/2073/2307 2239/2076/2307 2286/2545/2307 2281/2511/2307
f 2257/2435/2315 2237/2065/2315 2272/2549/2315 2276/2550/2315
f 2237/2065/2300 2238/2068/2300 2263/2519/2300 2272/2549/2300
f 2225/1988/2324 2255/2432/2324 2294/2551/2324 2298/2509/2324
f 2214/1960/2325 2246/2413/2325 2262/2552/2325 2261/2553/2325
f 2253/2427/2326 2226/1985/2326 2291/2510/2326 2292/2554/2326
f 2228/1989/2312 2227/1992/2312 2307/2540/2312 2303/2541/2312
f 2233/2060/2309 2256/2433/2309 2280/2555/2309 2299/2525/2309
f 2259/2439/2327 2236/2061/2327 2304/2517/2327 2266/2556/2327
f 2213/1957/2303 2214/1960/2303 2261/2553/2303 2267/2507/2303
usemtl stand_white
f 2157/2557/1893 2168/2558/1893 2204/2559/1893 2196/2560/1893
f 2167/2561/1894 2148/2562/1894 2186/2563/1894 2205/2564/1894
f 2137/2565/1899 2158/2566/1899 2195/2567/1899 2178/2568/1899
f 2211/2569/1898 2212/2570/1898 2205/2564/1898 2186/2563/1898 2188/2571/1898 2189/2572/1898 2190/2573/1898 2191/2574/1898 2192/2575/1898 2193/2576/1898 2194/2577/1898 2187/2578/1898 2177/2579/1898 2179/2580/1898 2180/2581/1898 2181/2582/1898 2182/2583/1898 2183/2584/1898 2184/2585/1898 2185/2586/1898 2178/2568/1898 2195/2567/1898 2197/2587/1898 2198/2588/1898 2199/2589/1898 2200/2590/1898 2201/2591/1898 2202/2592/1898 2203/2593/1898 2196/2560/1898 2204/2559/1898 2206/2594/1898 2207/2595/1898 2208/2596/1898 2209/2597/1898 2210/2598/1898
f 2147/2599/1892 2138/2600/1892 2177/2579/1892 2187/2578/1892
f 2159/2601/2328 2135/2444/2328 2136/2443/2328 2169/2602/2328 2168/2558/2328 2157/2557/2328
f 2139/2603/2329 2133/2007/2329 2135/2444/2329 2159/2601/2329 2158/2566/2329 2137/2565/2329
f 2169/2602/2330 2136/2443/2330 2134/2008/2330 2149/2604/2330 2148/2562/2330 2167/2561/2330
f 2137/2565/2331 2140/2605/2331 2139/2603/2331
f 2140/2605/2332 2141/2606/2332 2139/2603/2332
f 2141/2606/2333 2142/2607/2333 2139/2603/2333
f 2142/2607/2334 2143/2608/2334 2139/2603/2334
f 2143/2608/2335 2144/2609/2335 2139/2603/2335
f 2144/2609/2336 2145/2610/2336 2139/2603/2336
f 2145/2610/2337 2146/2611/2337 2139/2603/2337
f 2146/2611/2338 2138/2612/2338 2139/2603/2338
f 2147/2599/2339 2150/2613/2339 2149/2604/2339
f 2150/2613/2340 2151/2614/2340 2149/2604/2340
f 2151/2614/2341 2152/2615/2341 2149/2604/2341
f 2152/2615/2342 2153/2616/2342 2149/2604/2342
f 2153/2616/2343 2154/2617/2343 2149/2604/2343
f 2154/2617/2344 2155/2618/2344 2149/2604/2344
f 2155/2618/2345 2156/2619/2345 2149/2604/2345
f 2156/2619/2346 2148/2620/2346 2149/2604/2346
f 2157/2557/2347 2160/2621/2347 2159/2601/2347
f 2160/2621/2348 2161/2622/2348 2159/2601/2348
f 2161/2622/2349 2162/2623/2349 2159/2601/2349
f 2162/2623/2350 2163/2624/2350 2159/2601/2350
f 2163/2624/2351 2164/2625/2351 2159/2601/2351
f 2164/2625/2352 2165/2626/2352 2159/2601/2352
f 2165/2626/2353 2166/2627/2353 2159/2601/2353
f 2166/2627/2354 2158/2628/2354 2159/2601/2354
f 2167/2561/2355 2170/2629/2355 2169/2602/2355
f 2170/2629/2356 2171/2630/2356 2169/2602/2356
f 2171/2630/2357 2172/2631/2357 2169/2602/2357
f 2172/2631/2358 2173/2632/2358 2169/2602/2358
f 2173/2632/2359 2174/2633/2359 2169/2602/2359
f 2174/2633/2360 2175/2634/2360 2169/2602/2360
f 2175/2634/2361 2176/2635/2361 2169/2602/2361
f 2176/2635/2362 2168/2636/2362 2169/2602/2362
f 2137/2565/2363 2178/2568/2363 2185/2586/2363 2140/2605/2363
f 2140/2605/2364 2185/2586/2364 2184/2585/2364 2141/2606/2364
f 2141/2606/2365 2184/2585/2365 2183/2584/2365 2142/2607/2365
f 2142/2607/2366 2183/2584/2366 2182/2583/2366 2143/2637/2366
f 2143/2637/2367 2182/2583/2367 2181/2582/2367 2144/2638/2367
f 2144/2638/2368 2181/2582/2368 2180/2581/2368 2145/2639/2368
f 2145/2639/2369 2180/2581/2369 2179/2580/2369 2146/2640/2369
f 2146/2640/2370 2179/2580/2370 2177/2579/2370 2138/2600/2370
f 2186/2563/2371 2148/2562/2371 2156/2641/2371 2188/2571/2371
f 2188/2571/2372 2156/2641/2372 2155/2642/2372 2189/2572/2372
f 2189/2572/2373 2155/2642/2373 2154/2643/2373 2190/2573/2373
f 2190/2573/2374 2154/2643/2374 2153/2644/2374 2191/2574/2374
f 2191/2574/2375 2153/2644/2375 2152/2615/2375 2192/2575/2375
f 2192/2575/2376 2152/2615/2376 2151/2614/2376 2193/2576/2376
f 2193/2576/2377 2151/2614/2377 2150/2613/2377 2194/2577/2377
f 2194/2577/2378 2150/2613/2378 2147/2599/2378 2187/2578/2378
f 2167/2561/2379 2205/2564/2379 2212/2570/2379 2170/2629/2379
f 2170/2629/2380 2212/2570/2380 2211/2569/2380 2171/2630/2380
f 2171/2630/2381 2211/2569/2381 2210/2598/2381 2172/2631/2381
f 2172/2631/2382 2210/2598/2382 2209/2597/2382 2173/2645/2382
f 2173/2645/2383 2209/2597/2383 2208/2596/2383 2174/2646/2383
f 2174/2646/2384 2208/2596/2384 2207/2595/2384 2175/2647/2384
f 2175/2647/2385 2207/2595/2385 2206/2594/2385 2176/2648/2385
f 2176/2648/2386 2206/2594/2386 2204/2559/2386 2168/2558/2386
f 2195/2567/2387 2158/2566/2387 2166/2649/2387 2197/2587/2387
f 2197/2587/2388 2166/2649/2388 2165/2650/2388 2198/2588/2388
f 2198/2588/2389 2165/2650/2389 2164/2651/2389 2199/2589/2389
f 2199/2589/2390 2164/2651/2390 2163/2652/2390 2200/2590/2390
f 2200/2590/2391 2163/2652/2391 2162/2623/2391 2201/2591/2391
f 2201/2591/2392 2162/2623/2392 2161/2622/2392 2202/2592/2392
f 2202/2592/2393 2161/2622/2393 2160/2621/2393 2203/2593/2393
f 2203/2593/2394 2160/2621/2394 2157/2557/2394 2196/2560/2394
f 2149/2604/2395 2134/2008/2395 2133/2007/2395 2139/2603/2395 2138/2600/2395 2147/2599/2395
f 2309/2653/2396 2319/2654/2396 2363/2655/2396 2355/2656/2396
f 2336/2657/2397 2328/2658/2397 2345/2659/2397 2373/2660/2397
f 2309/2653/1957 2311/2661/1957 2312/2662/1957 2313/2663/1957 2314/2664/1957 2315/2665/1957 2316/2666/1957 2317/2667/1957 2310/2668/1957 2327/2669/1957 2329/2670/1957 2330/2671/1957 2331/2672/1957 2332/2673/1957 2333/2674/1957 2334/2675/1957 2335/2676/1957 2328/2658/1957 2336/2657/1957 2338/2677/1957 2339/2678/1957 2340/2679/1957 2341/2680/1957 2342/2681/1957 2343/2682/1957 2344/2683/1957 2337/2684/1957 2318/2685/1957 2320/2686/1957 2321/2687/1957 2322/2688/1957 2323/2689/1957 2324/2690/1957 2325/2691/1957 2326/2692/1957 2319/2654/1957
f 2354/2693/1898 2356/2694/1898 2357/2695/1898 2358/2696/1898 2359/2697/1898 2360/2698/1898 2361/2699/1898 2362/2700/1898 2355/2656/1898 2363/2655/1898 2365/2701/1898 2366/2702/1898 2367/2703/1898 2368/2704/1898 2369/2705/1898 2370/2706/1898 2371/2707/1898 2364/2708/1898 2372/2709/1898 2374/2710/1898 2375/2711/1898 2376/2712/1898 2377/2713/1898 2378/2714/1898 2379/2715/1898 2380/2716/1898 2373/2660/1898 2345/2659/1898 2347/2717/1898 2348/2718/1898 2349/2719/1898 2350/2720/1898 2351/2721/1898 2352/2722/1898 2353/2723/1898 2346/2724/1898
f 2318/2685/2398 2337/2684/2398 2372/2709/2398 2364/2708/2398
f 2336/2657/2399 2373/2660/2399 2380/2716/2399 2338/2677/2399
f 2338/2677/2400 2380/2716/2400 2379/2715/2400 2339/2678/2400
f 2339/2678/2401 2379/2715/2401 2378/2714/2401 2340/2679/2401
f 2340/2679/2402 2378/2714/2402 2377/2713/2402 2341/2680/2402
f 2341/2680/2403 2377/2713/2403 2376/2712/2403 2342/2681/2403
f 2342/2681/2404 2376/2712/2404 2375/2711/2404 2343/2682/2404
f 2343/2682/2405 2375/2711/2405 2374/2710/2405 2344/2683/2405
f 2344/2683/2406 2374/2710/2406 2372/2709/2406 2337/2684/2406
f 2363/2655/2407 2319/2654/2407 2326/2692/2407 2365/2701/2407
f 2365/2701/2408 2326/2692/2408 2325/2691/2408 2366/2702/2408
f 2366/2702/2409 2325/2691/2409 2324/2690/2409 2367/2703/2409
f 2367/2703/2410 2324/2690/2410 2323/2689/2410 2368/2704/2410
f 2368/2704/2411 2323/2689/2411 2322/2688/2411 2369/2705/2411
f 2369/2705/2412 2322/2688/2412 2321/2687/2412 2370/2706/2412
f 2370/2706/2413 2321/2687/2413 2320/2686/2413 2371/2707/2413
f 2371/2707/2414 2320/2686/2414 2318/2685/2414 2364/2708/2414
f 2309/2653/2415 2355/2656/2415 2362/2700/2415 2311/2661/2415
f 2311/2661/2416 2362/2700/2416 2361/2699/2416 2312/2662/2416
f 2312/2662/2417 2361/2699/2417 2360/2698/2417 2313/2663/2417
f 2313/2663/2418 2360/2698/2418 2359/2697/2418 2314/2664/2418
f 2314/2664/2419 2359/2697/2419 2358/2696/2419 2315/2665/2419
f 2315/2665/2420 2358/2696/2420 2357/2695/2420 2316/2666/2420
f 2316/2666/2421 2357/2695/2421 2356/2694/2421 2317/2667/2421
f 2317/2667/2422 2356/2694/2422 2354/2693/2422 2310/2668/2422
f 2345/2659/2423 2328/2658/2423 2335/2676/2423 2347/2717/2423
f 2347/2717/2424 2335/2676/2424 2334/2675/2424 2348/2718/2424
f 2348/2718/2425 2334/2675/2425 2333/2674/2425 2349/2719/2425
f 2349/2719/2426 2333/2674/2426 2332/2673/2426 2350/2720/2426
f 2350/2720/2427 2332/2673/2427 2331/2672/2427 2351/2721/2427
f 2351/2721/2428 2331/2672/2428 2330/2671/2428 2352/2722/2428
f 2352/2722/2429 2330/2671/2429 2329/2670/2429 2353/2723/2429
f 2353/2723/2430 2329/2670/2430 2327/2669/2430 2346/2724/2430
f 2327/2669/2431 2310/2668/2431 2354/2693/2431 2346/2724/2431
